{
	"textures": [
		{
			"image": "arbol.png",
			"format": "RGBA8888",
			"size": {
				"w": 1006,
				"h": 1308
			},
			"scale": 1,
			"frames": [
				{
					"filename": "arbol0022.png",
					"rotated": false,
					"trimmed": true,
					"sourceSize": {
						"w": 654,
						"h": 348
					},
					"spriteSourceSize": {
						"x": 247,
						"y": 13,
						"w": 407,
						"h": 313
					},
					"frame": {
						"x": 1,
						"y": 1,
						"w": 407,
						"h": 313
					}
				},
				{
					"filename": "arbol0021.png",
					"rotated": false,
					"trimmed": true,
					"sourceSize": {
						"w": 654,
						"h": 348
					},
					"spriteSourceSize": {
						"x": 247,
						"y": 24,
						"w": 379,
						"h": 302
					},
					"frame": {
						"x": 410,
						"y": 1,
						"w": 379,
						"h": 302
					}
				},
				{
					"filename": "arbol0015.png",
					"rotated": false,
					"trimmed": true,
					"sourceSize": {
						"w": 654,
						"h": 348
					},
					"spriteSourceSize": {
						"x": 245,
						"y": 90,
						"w": 207,
						"h": 236
					},
					"frame": {
						"x": 791,
						"y": 1,
						"w": 207,
						"h": 236
					}
				},
				{
					"filename": "arbol0004.png",
					"rotated": false,
					"trimmed": true,
					"sourceSize": {
						"w": 654,
						"h": 348
					},
					"spriteSourceSize": {
						"x": 149,
						"y": 97,
						"w": 195,
						"h": 229
					},
					"frame": {
						"x": 791,
						"y": 239,
						"w": 195,
						"h": 229
					}
				},
				{
					"filename": "arbol0001.png",
					"rotated": false,
					"trimmed": true,
					"sourceSize": {
						"w": 654,
						"h": 348
					},
					"spriteSourceSize": {
						"x": 0,
						"y": 0,
						"w": 344,
						"h": 326
					},
					"frame": {
						"x": 410,
						"y": 305,
						"w": 344,
						"h": 326
					}
				},
				{
					"filename": "arbol0003.png",
					"rotated": false,
					"trimmed": true,
					"sourceSize": {
						"w": 654,
						"h": 348
					},
					"spriteSourceSize": {
						"x": 99,
						"y": 64,
						"w": 245,
						"h": 262
					},
					"frame": {
						"x": 756,
						"y": 470,
						"w": 245,
						"h": 262
					}
				},
				{
					"filename": "arbol0020.png",
					"rotated": false,
					"trimmed": true,
					"sourceSize": {
						"w": 654,
						"h": 348
					},
					"spriteSourceSize": {
						"x": 246,
						"y": 35,
						"w": 351,
						"h": 291
					},
					"frame": {
						"x": 1,
						"y": 316,
						"w": 351,
						"h": 291
					}
				},
				{
					"filename": "arbol0019.png",
					"rotated": false,
					"trimmed": true,
					"sourceSize": {
						"w": 654,
						"h": 348
					},
					"spriteSourceSize": {
						"x": 246,
						"y": 46,
						"w": 322,
						"h": 280
					},
					"frame": {
						"x": 1,
						"y": 609,
						"w": 322,
						"h": 280
					}
				},
				{
					"filename": "arbol0002.png",
					"rotated": false,
					"trimmed": true,
					"sourceSize": {
						"w": 654,
						"h": 348
					},
					"spriteSourceSize": {
						"x": 49,
						"y": 32,
						"w": 295,
						"h": 294
					},
					"frame": {
						"x": 325,
						"y": 633,
						"w": 295,
						"h": 294
					}
				},
				{
					"filename": "arbol0018.png",
					"rotated": false,
					"trimmed": true,
					"sourceSize": {
						"w": 654,
						"h": 348
					},
					"spriteSourceSize": {
						"x": 246,
						"y": 57,
						"w": 293,
						"h": 269
					},
					"frame": {
						"x": 1,
						"y": 891,
						"w": 293,
						"h": 269
					}
				},
				{
					"filename": "arbol0012.png",
					"rotated": false,
					"trimmed": true,
					"sourceSize": {
						"w": 654,
						"h": 348
					},
					"spriteSourceSize": {
						"x": 246,
						"y": 159,
						"w": 115,
						"h": 167
					},
					"frame": {
						"x": 622,
						"y": 633,
						"w": 115,
						"h": 167
					}
				},
				{
					"filename": "arbol0017.png",
					"rotated": false,
					"trimmed": true,
					"sourceSize": {
						"w": 654,
						"h": 348
					},
					"spriteSourceSize": {
						"x": 245,
						"y": 68,
						"w": 265,
						"h": 258
					},
					"frame": {
						"x": 739,
						"y": 734,
						"w": 265,
						"h": 258
					}
				},
				{
					"filename": "arbol0006.png",
					"rotated": false,
					"trimmed": true,
					"sourceSize": {
						"w": 654,
						"h": 348
					},
					"spriteSourceSize": {
						"x": 247,
						"y": 163,
						"w": 97,
						"h": 163
					},
					"frame": {
						"x": 622,
						"y": 802,
						"w": 97,
						"h": 163
					}
				},
				{
					"filename": "arbol0016.png",
					"rotated": false,
					"trimmed": true,
					"sourceSize": {
						"w": 654,
						"h": 348
					},
					"spriteSourceSize": {
						"x": 245,
						"y": 79,
						"w": 236,
						"h": 247
					},
					"frame": {
						"x": 296,
						"y": 929,
						"w": 236,
						"h": 247
					}
				},
				{
					"filename": "arbol0011.png",
					"rotated": false,
					"trimmed": true,
					"sourceSize": {
						"w": 654,
						"h": 348
					},
					"spriteSourceSize": {
						"x": 245,
						"y": 181,
						"w": 99,
						"h": 145
					},
					"frame": {
						"x": 1,
						"y": 1162,
						"w": 99,
						"h": 145
					}
				},
				{
					"filename": "arbol0007.png",
					"rotated": false,
					"trimmed": true,
					"sourceSize": {
						"w": 654,
						"h": 348
					},
					"spriteSourceSize": {
						"x": 247,
						"y": 195,
						"w": 97,
						"h": 131
					},
					"frame": {
						"x": 102,
						"y": 1162,
						"w": 97,
						"h": 131
					}
				},
				{
					"filename": "arbol0014.png",
					"rotated": false,
					"trimmed": true,
					"sourceSize": {
						"w": 654,
						"h": 348
					},
					"spriteSourceSize": {
						"x": 246,
						"y": 113,
						"w": 176,
						"h": 213
					},
					"frame": {
						"x": 534,
						"y": 967,
						"w": 176,
						"h": 213
					}
				},
				{
					"filename": "arbol0024.png",
					"rotated": false,
					"trimmed": true,
					"sourceSize": {
						"w": 654,
						"h": 348
					},
					"spriteSourceSize": {
						"x": 247,
						"y": 201,
						"w": 97,
						"h": 125
					},
					"frame": {
						"x": 201,
						"y": 1178,
						"w": 97,
						"h": 125
					}
				},
				{
					"filename": "arbol0025.png",
					"rotated": false,
					"trimmed": true,
					"sourceSize": {
						"w": 654,
						"h": 348
					},
					"spriteSourceSize": {
						"x": 247,
						"y": 201,
						"w": 97,
						"h": 125
					},
					"frame": {
						"x": 201,
						"y": 1178,
						"w": 97,
						"h": 125
					}
				},
				{
					"filename": "arbol0026.png",
					"rotated": false,
					"trimmed": true,
					"sourceSize": {
						"w": 654,
						"h": 348
					},
					"spriteSourceSize": {
						"x": 247,
						"y": 201,
						"w": 97,
						"h": 125
					},
					"frame": {
						"x": 201,
						"y": 1178,
						"w": 97,
						"h": 125
					}
				},
				{
					"filename": "arbol0010.png",
					"rotated": false,
					"trimmed": true,
					"sourceSize": {
						"w": 654,
						"h": 348
					},
					"spriteSourceSize": {
						"x": 245,
						"y": 204,
						"w": 99,
						"h": 122
					},
					"frame": {
						"x": 300,
						"y": 1178,
						"w": 99,
						"h": 122
					}
				},
				{
					"filename": "arbol0023.png",
					"rotated": false,
					"trimmed": true,
					"sourceSize": {
						"w": 654,
						"h": 348
					},
					"spriteSourceSize": {
						"x": 247,
						"y": 202,
						"w": 97,
						"h": 124
					},
					"frame": {
						"x": 401,
						"y": 1178,
						"w": 97,
						"h": 124
					}
				},
				{
					"filename": "arbol0009.png",
					"rotated": false,
					"trimmed": true,
					"sourceSize": {
						"w": 654,
						"h": 348
					},
					"spriteSourceSize": {
						"x": 245,
						"y": 206,
						"w": 99,
						"h": 120
					},
					"frame": {
						"x": 500,
						"y": 1182,
						"w": 99,
						"h": 120
					}
				},
				{
					"filename": "arbol0008.png",
					"rotated": false,
					"trimmed": true,
					"sourceSize": {
						"w": 654,
						"h": 348
					},
					"spriteSourceSize": {
						"x": 247,
						"y": 205,
						"w": 97,
						"h": 121
					},
					"frame": {
						"x": 601,
						"y": 1182,
						"w": 97,
						"h": 121
					}
				},
				{
					"filename": "arbol0005.png",
					"rotated": false,
					"trimmed": true,
					"sourceSize": {
						"w": 654,
						"h": 348
					},
					"spriteSourceSize": {
						"x": 198,
						"y": 130,
						"w": 146,
						"h": 196
					},
					"frame": {
						"x": 712,
						"y": 994,
						"w": 146,
						"h": 196
					}
				},
				{
					"filename": "arbol0013.png",
					"rotated": false,
					"trimmed": true,
					"sourceSize": {
						"w": 654,
						"h": 348
					},
					"spriteSourceSize": {
						"x": 246,
						"y": 136,
						"w": 145,
						"h": 190
					},
					"frame": {
						"x": 860,
						"y": 994,
						"w": 145,
						"h": 190
					}
				}
			]
		}
	],
	"meta": {
		"app": "https://www.codeandweb.com/texturepacker",
		"version": "3.0",
		"smartupdate": "$TexturePacker:SmartUpdate:d0fdfc3811e30685c8d64390c18a7271:98ed0265302491c8ee60c6439a695f48:11e86d3ce419387280896a26151a1ef0$"
	}
}
