{
	"textures": [
		{
			"image": "cactus.png",
			"format": "RGBA8888",
			"size": {
				"w": 511,
				"h": 1671
			},
			"scale": 1,
			"frames": [
				{
					"filename": "cactus0001.png",
					"rotated": false,
					"trimmed": true,
					"sourceSize": {
						"w": 624,
						"h": 324
					},
					"spriteSourceSize": {
						"x": 212,
						"y": 28,
						"w": 412,
						"h": 289
					},
					"frame": {
						"x": 1,
						"y": 1,
						"w": 412,
						"h": 289
					}
				},
				{
					"filename": "cactus0010.png",
					"rotated": false,
					"trimmed": true,
					"sourceSize": {
						"w": 624,
						"h": 324
					},
					"spriteSourceSize": {
						"x": 211,
						"y": 196,
						"w": 93,
						"h": 121
					},
					"frame": {
						"x": 415,
						"y": 1,
						"w": 93,
						"h": 121
					}
				},
				{
					"filename": "cactus0011.png",
					"rotated": false,
					"trimmed": true,
					"sourceSize": {
						"w": 624,
						"h": 324
					},
					"spriteSourceSize": {
						"x": 211,
						"y": 196,
						"w": 93,
						"h": 121
					},
					"frame": {
						"x": 415,
						"y": 1,
						"w": 93,
						"h": 121
					}
				},
				{
					"filename": "cactus0006.png",
					"rotated": false,
					"trimmed": true,
					"sourceSize": {
						"w": 624,
						"h": 324
					},
					"spriteSourceSize": {
						"x": 212,
						"y": 168,
						"w": 92,
						"h": 149
					},
					"frame": {
						"x": 415,
						"y": 124,
						"w": 92,
						"h": 149
					}
				},
				{
					"filename": "cactus0021.png",
					"rotated": false,
					"trimmed": true,
					"sourceSize": {
						"w": 624,
						"h": 324
					},
					"spriteSourceSize": {
						"x": 212,
						"y": 193,
						"w": 92,
						"h": 124
					},
					"frame": {
						"x": 415,
						"y": 275,
						"w": 92,
						"h": 124
					}
				},
				{
					"filename": "cactus0022.png",
					"rotated": false,
					"trimmed": true,
					"sourceSize": {
						"w": 624,
						"h": 324
					},
					"spriteSourceSize": {
						"x": 212,
						"y": 193,
						"w": 92,
						"h": 124
					},
					"frame": {
						"x": 415,
						"y": 275,
						"w": 92,
						"h": 124
					}
				},
				{
					"filename": "cactus0002.png",
					"rotated": false,
					"trimmed": true,
					"sourceSize": {
						"w": 624,
						"h": 324
					},
					"spriteSourceSize": {
						"x": 212,
						"y": 56,
						"w": 349,
						"h": 261
					},
					"frame": {
						"x": 1,
						"y": 292,
						"w": 349,
						"h": 261
					}
				},
				{
					"filename": "cactus0005.png",
					"rotated": false,
					"trimmed": true,
					"sourceSize": {
						"w": 624,
						"h": 324
					},
					"spriteSourceSize": {
						"x": 212,
						"y": 140,
						"w": 156,
						"h": 177
					},
					"frame": {
						"x": 352,
						"y": 401,
						"w": 156,
						"h": 177
					}
				},
				{
					"filename": "cactus0020.png",
					"rotated": false,
					"trimmed": true,
					"sourceSize": {
						"w": 624,
						"h": 324
					},
					"spriteSourceSize": {
						"x": 0,
						"y": 0,
						"w": 304,
						"h": 317
					},
					"frame": {
						"x": 1,
						"y": 555,
						"w": 304,
						"h": 317
					}
				},
				{
					"filename": "cactus0017.png",
					"rotated": false,
					"trimmed": true,
					"sourceSize": {
						"w": 624,
						"h": 324
					},
					"spriteSourceSize": {
						"x": 101,
						"y": 76,
						"w": 203,
						"h": 241
					},
					"frame": {
						"x": 307,
						"y": 580,
						"w": 203,
						"h": 241
					}
				},
				{
					"filename": "cactus0016.png",
					"rotated": false,
					"trimmed": true,
					"sourceSize": {
						"w": 624,
						"h": 324
					},
					"spriteSourceSize": {
						"x": 135,
						"y": 102,
						"w": 169,
						"h": 215
					},
					"frame": {
						"x": 307,
						"y": 823,
						"w": 169,
						"h": 215
					}
				},
				{
					"filename": "cactus0003.png",
					"rotated": false,
					"trimmed": true,
					"sourceSize": {
						"w": 624,
						"h": 324
					},
					"spriteSourceSize": {
						"x": 212,
						"y": 84,
						"w": 285,
						"h": 233
					},
					"frame": {
						"x": 1,
						"y": 874,
						"w": 285,
						"h": 233
					}
				},
				{
					"filename": "cactus0004.png",
					"rotated": false,
					"trimmed": true,
					"sourceSize": {
						"w": 624,
						"h": 324
					},
					"spriteSourceSize": {
						"x": 212,
						"y": 112,
						"w": 220,
						"h": 205
					},
					"frame": {
						"x": 288,
						"y": 1040,
						"w": 220,
						"h": 205
					}
				},
				{
					"filename": "cactus0019.png",
					"rotated": false,
					"trimmed": true,
					"sourceSize": {
						"w": 624,
						"h": 324
					},
					"spriteSourceSize": {
						"x": 32,
						"y": 25,
						"w": 272,
						"h": 292
					},
					"frame": {
						"x": 1,
						"y": 1109,
						"w": 272,
						"h": 292
					}
				},
				{
					"filename": "cactus0015.png",
					"rotated": false,
					"trimmed": true,
					"sourceSize": {
						"w": 624,
						"h": 324
					},
					"spriteSourceSize": {
						"x": 169,
						"y": 127,
						"w": 135,
						"h": 190
					},
					"frame": {
						"x": 275,
						"y": 1247,
						"w": 135,
						"h": 190
					}
				},
				{
					"filename": "cactus0013.png",
					"rotated": false,
					"trimmed": true,
					"sourceSize": {
						"w": 624,
						"h": 324
					},
					"spriteSourceSize": {
						"x": 213,
						"y": 179,
						"w": 91,
						"h": 138
					},
					"frame": {
						"x": 412,
						"y": 1247,
						"w": 91,
						"h": 138
					}
				},
				{
					"filename": "cactus0012.png",
					"rotated": false,
					"trimmed": true,
					"sourceSize": {
						"w": 624,
						"h": 324
					},
					"spriteSourceSize": {
						"x": 213,
						"y": 193,
						"w": 91,
						"h": 124
					},
					"frame": {
						"x": 412,
						"y": 1387,
						"w": 91,
						"h": 124
					}
				},
				{
					"filename": "cactus0018.png",
					"rotated": false,
					"trimmed": true,
					"sourceSize": {
						"w": 624,
						"h": 324
					},
					"spriteSourceSize": {
						"x": 66,
						"y": 50,
						"w": 238,
						"h": 267
					},
					"frame": {
						"x": 1,
						"y": 1403,
						"w": 238,
						"h": 267
					}
				},
				{
					"filename": "cactus0014.png",
					"rotated": false,
					"trimmed": true,
					"sourceSize": {
						"w": 624,
						"h": 324
					},
					"spriteSourceSize": {
						"x": 203,
						"y": 153,
						"w": 101,
						"h": 164
					},
					"frame": {
						"x": 241,
						"y": 1439,
						"w": 101,
						"h": 164
					}
				},
				{
					"filename": "cactus0007.png",
					"rotated": false,
					"trimmed": true,
					"sourceSize": {
						"w": 624,
						"h": 324
					},
					"spriteSourceSize": {
						"x": 203,
						"y": 196,
						"w": 101,
						"h": 121
					},
					"frame": {
						"x": 344,
						"y": 1513,
						"w": 101,
						"h": 121
					}
				},
				{
					"filename": "cactus0008.png",
					"rotated": false,
					"trimmed": true,
					"sourceSize": {
						"w": 624,
						"h": 324
					},
					"spriteSourceSize": {
						"x": 203,
						"y": 196,
						"w": 101,
						"h": 121
					},
					"frame": {
						"x": 344,
						"y": 1513,
						"w": 101,
						"h": 121
					}
				},
				{
					"filename": "cactus0009.png",
					"rotated": false,
					"trimmed": true,
					"sourceSize": {
						"w": 624,
						"h": 324
					},
					"spriteSourceSize": {
						"x": 203,
						"y": 196,
						"w": 101,
						"h": 121
					},
					"frame": {
						"x": 344,
						"y": 1513,
						"w": 101,
						"h": 121
					}
				}
			]
		}
	],
	"meta": {
		"app": "https://www.codeandweb.com/texturepacker",
		"version": "3.0",
		"smartupdate": "$TexturePacker:SmartUpdate:d42dca334f16eac3269e3637d9eaaebc:7f1f9a5ebb7a98433c25d9b96ec5ac73:89fc5b9888a56e8bd492060653ac20df$"
	}
}
