{
	"textures": [
		{
			"image": "caja.png",
			"format": "RGBA8888",
			"size": {
				"w": 825,
				"h": 964
			},
			"scale": 1,
			"frames": [
				{
					"filename": "caja0015.png",
					"rotated": false,
					"trimmed": true,
					"sourceSize": {
						"w": 568,
						"h": 383
					},
					"spriteSourceSize": {
						"x": 198,
						"y": 0,
						"w": 370,
						"h": 379
					},
					"frame": {
						"x": 1,
						"y": 1,
						"w": 370,
						"h": 379
					}
				},
				{
					"filename": "caja0002.png",
					"rotated": false,
					"trimmed": true,
					"sourceSize": {
						"w": 568,
						"h": 383
					},
					"spriteSourceSize": {
						"x": 0,
						"y": 5,
						"w": 305,
						"h": 374
					},
					"frame": {
						"x": 1,
						"y": 382,
						"w": 305,
						"h": 374
					}
				},
				{
					"filename": "caja0012.png",
					"rotated": false,
					"trimmed": true,
					"sourceSize": {
						"w": 568,
						"h": 383
					},
					"spriteSourceSize": {
						"x": 198,
						"y": 70,
						"w": 262,
						"h": 309
					},
					"frame": {
						"x": 373,
						"y": 1,
						"w": 262,
						"h": 309
					}
				},
				{
					"filename": "caja0004.png",
					"rotated": false,
					"trimmed": true,
					"sourceSize": {
						"w": 568,
						"h": 383
					},
					"spriteSourceSize": {
						"x": 118,
						"y": 108,
						"w": 187,
						"h": 271
					},
					"frame": {
						"x": 637,
						"y": 1,
						"w": 187,
						"h": 271
					}
				},
				{
					"filename": "caja0009.png",
					"rotated": false,
					"trimmed": true,
					"sourceSize": {
						"w": 568,
						"h": 383
					},
					"spriteSourceSize": {
						"x": 198,
						"y": 174,
						"w": 185,
						"h": 205
					},
					"frame": {
						"x": 1,
						"y": 758,
						"w": 185,
						"h": 205
					}
				},
				{
					"filename": "caja0010.png",
					"rotated": false,
					"trimmed": true,
					"sourceSize": {
						"w": 568,
						"h": 383
					},
					"spriteSourceSize": {
						"x": 198,
						"y": 174,
						"w": 185,
						"h": 205
					},
					"frame": {
						"x": 1,
						"y": 758,
						"w": 185,
						"h": 205
					}
				},
				{
					"filename": "caja0011.png",
					"rotated": false,
					"trimmed": true,
					"sourceSize": {
						"w": 568,
						"h": 383
					},
					"spriteSourceSize": {
						"x": 198,
						"y": 174,
						"w": 185,
						"h": 205
					},
					"frame": {
						"x": 1,
						"y": 758,
						"w": 185,
						"h": 205
					}
				},
				{
					"filename": "caja0003.png",
					"rotated": false,
					"trimmed": true,
					"sourceSize": {
						"w": 568,
						"h": 383
					},
					"spriteSourceSize": {
						"x": 58,
						"y": 57,
						"w": 247,
						"h": 322
					},
					"frame": {
						"x": 308,
						"y": 382,
						"w": 247,
						"h": 322
					}
				},
				{
					"filename": "caja0013.png",
					"rotated": false,
					"trimmed": true,
					"sourceSize": {
						"w": 568,
						"h": 383
					},
					"spriteSourceSize": {
						"x": 198,
						"y": 70,
						"w": 262,
						"h": 309
					},
					"frame": {
						"x": 557,
						"y": 312,
						"w": 262,
						"h": 309
					}
				},
				{
					"filename": "caja0014.png",
					"rotated": false,
					"trimmed": true,
					"sourceSize": {
						"w": 568,
						"h": 383
					},
					"spriteSourceSize": {
						"x": 198,
						"y": 70,
						"w": 262,
						"h": 309
					},
					"frame": {
						"x": 557,
						"y": 623,
						"w": 262,
						"h": 309
					}
				},
				{
					"filename": "caja0008.png",
					"rotated": false,
					"trimmed": true,
					"sourceSize": {
						"w": 568,
						"h": 383
					},
					"spriteSourceSize": {
						"x": 198,
						"y": 250,
						"w": 107,
						"h": 129
					},
					"frame": {
						"x": 188,
						"y": 758,
						"w": 107,
						"h": 129
					}
				},
				{
					"filename": "caja0005.png",
					"rotated": false,
					"trimmed": true,
					"sourceSize": {
						"w": 568,
						"h": 383
					},
					"spriteSourceSize": {
						"x": 178,
						"y": 160,
						"w": 127,
						"h": 219
					},
					"frame": {
						"x": 308,
						"y": 706,
						"w": 127,
						"h": 219
					}
				},
				{
					"filename": "caja0001.png",
					"rotated": false,
					"trimmed": true,
					"sourceSize": {
						"w": 568,
						"h": 383
					},
					"spriteSourceSize": {
						"x": 198,
						"y": 251,
						"w": 107,
						"h": 128
					},
					"frame": {
						"x": 437,
						"y": 706,
						"w": 107,
						"h": 128
					}
				},
				{
					"filename": "caja0016.png",
					"rotated": false,
					"trimmed": true,
					"sourceSize": {
						"w": 568,
						"h": 383
					},
					"spriteSourceSize": {
						"x": 198,
						"y": 251,
						"w": 107,
						"h": 128
					},
					"frame": {
						"x": 437,
						"y": 706,
						"w": 107,
						"h": 128
					}
				},
				{
					"filename": "caja0017.png",
					"rotated": false,
					"trimmed": true,
					"sourceSize": {
						"w": 568,
						"h": 383
					},
					"spriteSourceSize": {
						"x": 198,
						"y": 251,
						"w": 107,
						"h": 128
					},
					"frame": {
						"x": 437,
						"y": 706,
						"w": 107,
						"h": 128
					}
				},
				{
					"filename": "caja0018.png",
					"rotated": false,
					"trimmed": true,
					"sourceSize": {
						"w": 568,
						"h": 383
					},
					"spriteSourceSize": {
						"x": 198,
						"y": 251,
						"w": 107,
						"h": 128
					},
					"frame": {
						"x": 437,
						"y": 706,
						"w": 107,
						"h": 128
					}
				},
				{
					"filename": "caja0019.png",
					"rotated": false,
					"trimmed": true,
					"sourceSize": {
						"w": 568,
						"h": 383
					},
					"spriteSourceSize": {
						"x": 198,
						"y": 251,
						"w": 107,
						"h": 128
					},
					"frame": {
						"x": 437,
						"y": 706,
						"w": 107,
						"h": 128
					}
				},
				{
					"filename": "caja0020.png",
					"rotated": false,
					"trimmed": true,
					"sourceSize": {
						"w": 568,
						"h": 383
					},
					"spriteSourceSize": {
						"x": 198,
						"y": 251,
						"w": 107,
						"h": 128
					},
					"frame": {
						"x": 437,
						"y": 706,
						"w": 107,
						"h": 128
					}
				},
				{
					"filename": "caja0021.png",
					"rotated": false,
					"trimmed": true,
					"sourceSize": {
						"w": 568,
						"h": 383
					},
					"spriteSourceSize": {
						"x": 198,
						"y": 251,
						"w": 107,
						"h": 128
					},
					"frame": {
						"x": 437,
						"y": 706,
						"w": 107,
						"h": 128
					}
				},
				{
					"filename": "caja0022.png",
					"rotated": false,
					"trimmed": true,
					"sourceSize": {
						"w": 568,
						"h": 383
					},
					"spriteSourceSize": {
						"x": 198,
						"y": 251,
						"w": 107,
						"h": 128
					},
					"frame": {
						"x": 437,
						"y": 706,
						"w": 107,
						"h": 128
					}
				},
				{
					"filename": "caja0023.png",
					"rotated": false,
					"trimmed": true,
					"sourceSize": {
						"w": 568,
						"h": 383
					},
					"spriteSourceSize": {
						"x": 198,
						"y": 251,
						"w": 107,
						"h": 128
					},
					"frame": {
						"x": 437,
						"y": 706,
						"w": 107,
						"h": 128
					}
				},
				{
					"filename": "caja0024.png",
					"rotated": false,
					"trimmed": true,
					"sourceSize": {
						"w": 568,
						"h": 383
					},
					"spriteSourceSize": {
						"x": 198,
						"y": 251,
						"w": 107,
						"h": 128
					},
					"frame": {
						"x": 437,
						"y": 706,
						"w": 107,
						"h": 128
					}
				},
				{
					"filename": "caja0025.png",
					"rotated": false,
					"trimmed": true,
					"sourceSize": {
						"w": 568,
						"h": 383
					},
					"spriteSourceSize": {
						"x": 198,
						"y": 251,
						"w": 107,
						"h": 128
					},
					"frame": {
						"x": 437,
						"y": 706,
						"w": 107,
						"h": 128
					}
				},
				{
					"filename": "caja0026.png",
					"rotated": false,
					"trimmed": true,
					"sourceSize": {
						"w": 568,
						"h": 383
					},
					"spriteSourceSize": {
						"x": 198,
						"y": 251,
						"w": 107,
						"h": 128
					},
					"frame": {
						"x": 437,
						"y": 706,
						"w": 107,
						"h": 128
					}
				},
				{
					"filename": "caja0006.png",
					"rotated": false,
					"trimmed": true,
					"sourceSize": {
						"w": 568,
						"h": 383
					},
					"spriteSourceSize": {
						"x": 198,
						"y": 278,
						"w": 107,
						"h": 101
					},
					"frame": {
						"x": 437,
						"y": 836,
						"w": 107,
						"h": 101
					}
				},
				{
					"filename": "caja0007.png",
					"rotated": false,
					"trimmed": true,
					"sourceSize": {
						"w": 568,
						"h": 383
					},
					"spriteSourceSize": {
						"x": 198,
						"y": 278,
						"w": 107,
						"h": 101
					},
					"frame": {
						"x": 437,
						"y": 836,
						"w": 107,
						"h": 101
					}
				}
			]
		}
	],
	"meta": {
		"app": "https://www.codeandweb.com/texturepacker",
		"version": "3.0",
		"smartupdate": "$TexturePacker:SmartUpdate:41267ab987b5cb71841bb36e05fa5b6c:5c7e9268e0bdbc14a6d1128c3e81ab01:12392d4ce3e984f35c85430ee63b7e32$"
	}
}
