{
	"textures": [
		{
			"image": "despertador.png",
			"format": "RGBA8888",
			"size": {
				"w": 465,
				"h": 689
			},
			"scale": 1,
			"frames": [
				{
					"filename": "despertador0001.png",
					"rotated": false,
					"trimmed": true,
					"sourceSize": {
						"w": 666,
						"h": 336
					},
					"spriteSourceSize": {
						"x": 0,
						"y": 66,
						"w": 375,
						"h": 262
					},
					"frame": {
						"x": 1,
						"y": 1,
						"w": 375,
						"h": 262
					}
				},
				{
					"filename": "despertador0002.png",
					"rotated": false,
					"trimmed": true,
					"sourceSize": {
						"w": 666,
						"h": 336
					},
					"spriteSourceSize": {
						"x": 0,
						"y": 66,
						"w": 375,
						"h": 262
					},
					"frame": {
						"x": 1,
						"y": 1,
						"w": 375,
						"h": 262
					}
				},
				{
					"filename": "despertador0003.png",
					"rotated": false,
					"trimmed": true,
					"sourceSize": {
						"w": 666,
						"h": 336
					},
					"spriteSourceSize": {
						"x": 0,
						"y": 66,
						"w": 375,
						"h": 262
					},
					"frame": {
						"x": 1,
						"y": 1,
						"w": 375,
						"h": 262
					}
				},
				{
					"filename": "despertador0004.png",
					"rotated": false,
					"trimmed": true,
					"sourceSize": {
						"w": 666,
						"h": 336
					},
					"spriteSourceSize": {
						"x": 0,
						"y": 66,
						"w": 375,
						"h": 262
					},
					"frame": {
						"x": 1,
						"y": 1,
						"w": 375,
						"h": 262
					}
				},
				{
					"filename": "despertador0005.png",
					"rotated": false,
					"trimmed": true,
					"sourceSize": {
						"w": 666,
						"h": 336
					},
					"spriteSourceSize": {
						"x": 0,
						"y": 66,
						"w": 375,
						"h": 262
					},
					"frame": {
						"x": 1,
						"y": 1,
						"w": 375,
						"h": 262
					}
				},
				{
					"filename": "despertador0008.png",
					"rotated": false,
					"trimmed": true,
					"sourceSize": {
						"w": 666,
						"h": 336
					},
					"spriteSourceSize": {
						"x": 297,
						"y": 178,
						"w": 86,
						"h": 149
					},
					"frame": {
						"x": 378,
						"y": 1,
						"w": 86,
						"h": 149
					}
				},
				{
					"filename": "despertador0010.png",
					"rotated": false,
					"trimmed": true,
					"sourceSize": {
						"w": 666,
						"h": 336
					},
					"spriteSourceSize": {
						"x": 297,
						"y": 178,
						"w": 86,
						"h": 149
					},
					"frame": {
						"x": 378,
						"y": 1,
						"w": 86,
						"h": 149
					}
				},
				{
					"filename": "despertador0012.png",
					"rotated": false,
					"trimmed": true,
					"sourceSize": {
						"w": 666,
						"h": 336
					},
					"spriteSourceSize": {
						"x": 297,
						"y": 178,
						"w": 86,
						"h": 149
					},
					"frame": {
						"x": 378,
						"y": 1,
						"w": 86,
						"h": 149
					}
				},
				{
					"filename": "despertador0016.png",
					"rotated": false,
					"trimmed": true,
					"sourceSize": {
						"w": 666,
						"h": 336
					},
					"spriteSourceSize": {
						"x": 297,
						"y": 178,
						"w": 86,
						"h": 149
					},
					"frame": {
						"x": 378,
						"y": 152,
						"w": 86,
						"h": 149
					}
				},
				{
					"filename": "despertador0014.png",
					"rotated": false,
					"trimmed": true,
					"sourceSize": {
						"w": 666,
						"h": 336
					},
					"spriteSourceSize": {
						"x": 297,
						"y": 0,
						"w": 369,
						"h": 327
					},
					"frame": {
						"x": 1,
						"y": 265,
						"w": 369,
						"h": 327
					}
				},
				{
					"filename": "despertador0006.png",
					"rotated": false,
					"trimmed": true,
					"sourceSize": {
						"w": 666,
						"h": 336
					},
					"spriteSourceSize": {
						"x": 287,
						"y": 234,
						"w": 88,
						"h": 94
					},
					"frame": {
						"x": 1,
						"y": 594,
						"w": 88,
						"h": 94
					}
				},
				{
					"filename": "despertador0007.png",
					"rotated": false,
					"trimmed": true,
					"sourceSize": {
						"w": 666,
						"h": 336
					},
					"spriteSourceSize": {
						"x": 287,
						"y": 234,
						"w": 88,
						"h": 94
					},
					"frame": {
						"x": 1,
						"y": 594,
						"w": 88,
						"h": 94
					}
				},
				{
					"filename": "despertador0009.png",
					"rotated": false,
					"trimmed": true,
					"sourceSize": {
						"w": 666,
						"h": 336
					},
					"spriteSourceSize": {
						"x": 268,
						"y": 179,
						"w": 87,
						"h": 148
					},
					"frame": {
						"x": 372,
						"y": 303,
						"w": 87,
						"h": 148
					}
				},
				{
					"filename": "despertador0011.png",
					"rotated": false,
					"trimmed": true,
					"sourceSize": {
						"w": 666,
						"h": 336
					},
					"spriteSourceSize": {
						"x": 268,
						"y": 179,
						"w": 87,
						"h": 148
					},
					"frame": {
						"x": 372,
						"y": 303,
						"w": 87,
						"h": 148
					}
				},
				{
					"filename": "despertador0013.png",
					"rotated": false,
					"trimmed": true,
					"sourceSize": {
						"w": 666,
						"h": 336
					},
					"spriteSourceSize": {
						"x": 268,
						"y": 179,
						"w": 87,
						"h": 148
					},
					"frame": {
						"x": 372,
						"y": 303,
						"w": 87,
						"h": 148
					}
				},
				{
					"filename": "despertador0015.png",
					"rotated": false,
					"trimmed": true,
					"sourceSize": {
						"w": 666,
						"h": 336
					},
					"spriteSourceSize": {
						"x": 268,
						"y": 179,
						"w": 87,
						"h": 148
					},
					"frame": {
						"x": 372,
						"y": 453,
						"w": 87,
						"h": 148
					}
				},
				{
					"filename": "despertador0017.png",
					"rotated": false,
					"trimmed": true,
					"sourceSize": {
						"w": 666,
						"h": 336
					},
					"spriteSourceSize": {
						"x": 268,
						"y": 179,
						"w": 87,
						"h": 148
					},
					"frame": {
						"x": 372,
						"y": 453,
						"w": 87,
						"h": 148
					}
				}
			]
		}
	],
	"meta": {
		"app": "https://www.codeandweb.com/texturepacker",
		"version": "3.0",
		"smartupdate": "$TexturePacker:SmartUpdate:3c5917e25c15a59c5e8c25685d20084b:8dbb2ed309a05fbff3c282ce2ec5f855:969253d76d5733a65e4b8b2b5f5e9fe1$"
	}
}
