{
	"textures": [
		{
			"image": "elly.png",
			"format": "RGBA8888",
			"size": {
				"w": 979,
				"h": 1386
			},
			"scale": 1,
			"frames": [
				{
					"filename": "elly0016.png",
					"rotated": false,
					"trimmed": true,
					"sourceSize": {
						"w": 590,
						"h": 352
					},
					"spriteSourceSize": {
						"x": 0,
						"y": 0,
						"w": 439,
						"h": 352
					},
					"frame": {
						"x": 1,
						"y": 1,
						"w": 439,
						"h": 352
					}
				},
				{
					"filename": "elly0015.png",
					"rotated": false,
					"trimmed": true,
					"sourceSize": {
						"w": 590,
						"h": 352
					},
					"spriteSourceSize": {
						"x": 32,
						"y": 23,
						"w": 407,
						"h": 328
					},
					"frame": {
						"x": 1,
						"y": 355,
						"w": 407,
						"h": 328
					}
				},
				{
					"filename": "elly0014.png",
					"rotated": false,
					"trimmed": true,
					"sourceSize": {
						"w": 590,
						"h": 352
					},
					"spriteSourceSize": {
						"x": 65,
						"y": 48,
						"w": 374,
						"h": 303
					},
					"frame": {
						"x": 442,
						"y": 1,
						"w": 374,
						"h": 303
					}
				},
				{
					"filename": "elly0001.png",
					"rotated": false,
					"trimmed": true,
					"sourceSize": {
						"w": 590,
						"h": 352
					},
					"spriteSourceSize": {
						"x": 224,
						"y": 80,
						"w": 366,
						"h": 266
					},
					"frame": {
						"x": 1,
						"y": 685,
						"w": 366,
						"h": 266
					}
				},
				{
					"filename": "elly0013.png",
					"rotated": false,
					"trimmed": true,
					"sourceSize": {
						"w": 590,
						"h": 352
					},
					"spriteSourceSize": {
						"x": 98,
						"y": 73,
						"w": 341,
						"h": 278
					},
					"frame": {
						"x": 1,
						"y": 953,
						"w": 341,
						"h": 278
					}
				},
				{
					"filename": "elly0006.png",
					"rotated": false,
					"trimmed": true,
					"sourceSize": {
						"w": 590,
						"h": 352
					},
					"spriteSourceSize": {
						"x": 202,
						"y": 200,
						"w": 237,
						"h": 152
					},
					"frame": {
						"x": 1,
						"y": 1233,
						"w": 237,
						"h": 152
					}
				},
				{
					"filename": "elly0007.png",
					"rotated": false,
					"trimmed": true,
					"sourceSize": {
						"w": 590,
						"h": 352
					},
					"spriteSourceSize": {
						"x": 202,
						"y": 200,
						"w": 237,
						"h": 152
					},
					"frame": {
						"x": 240,
						"y": 1233,
						"w": 237,
						"h": 152
					}
				},
				{
					"filename": "elly0002.png",
					"rotated": false,
					"trimmed": true,
					"sourceSize": {
						"w": 590,
						"h": 352
					},
					"spriteSourceSize": {
						"x": 224,
						"y": 113,
						"w": 319,
						"h": 233
					},
					"frame": {
						"x": 442,
						"y": 306,
						"w": 319,
						"h": 233
					}
				},
				{
					"filename": "elly0012.png",
					"rotated": false,
					"trimmed": true,
					"sourceSize": {
						"w": 590,
						"h": 352
					},
					"spriteSourceSize": {
						"x": 131,
						"y": 97,
						"w": 308,
						"h": 254
					},
					"frame": {
						"x": 410,
						"y": 541,
						"w": 308,
						"h": 254
					}
				},
				{
					"filename": "elly0011.png",
					"rotated": false,
					"trimmed": true,
					"sourceSize": {
						"w": 590,
						"h": 352
					},
					"spriteSourceSize": {
						"x": 165,
						"y": 122,
						"w": 278,
						"h": 230
					},
					"frame": {
						"x": 369,
						"y": 797,
						"w": 278,
						"h": 230
					}
				},
				{
					"filename": "elly0003.png",
					"rotated": false,
					"trimmed": true,
					"sourceSize": {
						"w": 590,
						"h": 352
					},
					"spriteSourceSize": {
						"x": 224,
						"y": 146,
						"w": 271,
						"h": 200
					},
					"frame": {
						"x": 344,
						"y": 1029,
						"w": 271,
						"h": 200
					}
				},
				{
					"filename": "elly0005.png",
					"rotated": false,
					"trimmed": true,
					"sourceSize": {
						"w": 590,
						"h": 352
					},
					"spriteSourceSize": {
						"x": 224,
						"y": 212,
						"w": 215,
						"h": 134
					},
					"frame": {
						"x": 763,
						"y": 306,
						"w": 215,
						"h": 134
					}
				},
				{
					"filename": "elly0018.png",
					"rotated": false,
					"trimmed": true,
					"sourceSize": {
						"w": 590,
						"h": 352
					},
					"spriteSourceSize": {
						"x": 224,
						"y": 221,
						"w": 215,
						"h": 125
					},
					"frame": {
						"x": 763,
						"y": 442,
						"w": 215,
						"h": 125
					}
				},
				{
					"filename": "elly0019.png",
					"rotated": false,
					"trimmed": true,
					"sourceSize": {
						"w": 590,
						"h": 352
					},
					"spriteSourceSize": {
						"x": 224,
						"y": 221,
						"w": 215,
						"h": 125
					},
					"frame": {
						"x": 763,
						"y": 442,
						"w": 215,
						"h": 125
					}
				},
				{
					"filename": "elly0010.png",
					"rotated": false,
					"trimmed": true,
					"sourceSize": {
						"w": 590,
						"h": 352
					},
					"spriteSourceSize": {
						"x": 191,
						"y": 147,
						"w": 252,
						"h": 205
					},
					"frame": {
						"x": 720,
						"y": 569,
						"w": 252,
						"h": 205
					}
				},
				{
					"filename": "elly0009.png",
					"rotated": false,
					"trimmed": true,
					"sourceSize": {
						"w": 590,
						"h": 352
					},
					"spriteSourceSize": {
						"x": 191,
						"y": 171,
						"w": 252,
						"h": 181
					},
					"frame": {
						"x": 720,
						"y": 776,
						"w": 252,
						"h": 181
					}
				},
				{
					"filename": "elly0017.png",
					"rotated": false,
					"trimmed": true,
					"sourceSize": {
						"w": 590,
						"h": 352
					},
					"spriteSourceSize": {
						"x": 195,
						"y": 226,
						"w": 244,
						"h": 126
					},
					"frame": {
						"x": 479,
						"y": 1231,
						"w": 244,
						"h": 126
					}
				},
				{
					"filename": "elly0008.png",
					"rotated": false,
					"trimmed": true,
					"sourceSize": {
						"w": 590,
						"h": 352
					},
					"spriteSourceSize": {
						"x": 202,
						"y": 196,
						"w": 237,
						"h": 156
					},
					"frame": {
						"x": 725,
						"y": 959,
						"w": 237,
						"h": 156
					}
				},
				{
					"filename": "elly0004.png",
					"rotated": false,
					"trimmed": true,
					"sourceSize": {
						"w": 590,
						"h": 352
					},
					"spriteSourceSize": {
						"x": 224,
						"y": 179,
						"w": 223,
						"h": 167
					},
					"frame": {
						"x": 725,
						"y": 1117,
						"w": 223,
						"h": 167
					}
				}
			]
		}
	],
	"meta": {
		"app": "https://www.codeandweb.com/texturepacker",
		"version": "3.0",
		"smartupdate": "$TexturePacker:SmartUpdate:37e32f4cfbc5e3a6efb262c1f71bf2b0:6f26dd9d2fd35296056986fbb4ceb064:bf1e95bd49b428490ece871db696b8e0$"
	}
}
