{
	"textures": [
		{
			"image": "escoba.png",
			"format": "RGBA8888",
			"size": {
				"w": 963,
				"h": 1210
			},
			"scale": 1,
			"frames": [
				{
					"filename": "escoba0001.png",
					"rotated": false,
					"trimmed": true,
					"sourceSize": {
						"w": 651,
						"h": 310
					},
					"spriteSourceSize": {
						"x": 0,
						"y": 0,
						"w": 435,
						"h": 303
					},
					"frame": {
						"x": 1,
						"y": 1,
						"w": 435,
						"h": 303
					}
				},
				{
					"filename": "escoba0002.png",
					"rotated": false,
					"trimmed": true,
					"sourceSize": {
						"w": 651,
						"h": 310
					},
					"spriteSourceSize": {
						"x": 41,
						"y": 21,
						"w": 394,
						"h": 282
					},
					"frame": {
						"x": 438,
						"y": 1,
						"w": 394,
						"h": 282
					}
				},
				{
					"filename": "escoba0011.png",
					"rotated": false,
					"trimmed": true,
					"sourceSize": {
						"w": 651,
						"h": 310
					},
					"spriteSourceSize": {
						"x": 321,
						"y": 178,
						"w": 127,
						"h": 125
					},
					"frame": {
						"x": 834,
						"y": 1,
						"w": 127,
						"h": 125
					}
				},
				{
					"filename": "escoba0017.png",
					"rotated": false,
					"trimmed": true,
					"sourceSize": {
						"w": 651,
						"h": 310
					},
					"spriteSourceSize": {
						"x": 344,
						"y": 134,
						"w": 124,
						"h": 169
					},
					"frame": {
						"x": 834,
						"y": 128,
						"w": 124,
						"h": 169
					}
				},
				{
					"filename": "escoba0003.png",
					"rotated": false,
					"trimmed": true,
					"sourceSize": {
						"w": 651,
						"h": 310
					},
					"spriteSourceSize": {
						"x": 84,
						"y": 42,
						"w": 351,
						"h": 261
					},
					"frame": {
						"x": 438,
						"y": 285,
						"w": 351,
						"h": 261
					}
				},
				{
					"filename": "escoba0018.png",
					"rotated": false,
					"trimmed": true,
					"sourceSize": {
						"w": 651,
						"h": 310
					},
					"spriteSourceSize": {
						"x": 344,
						"y": 107,
						"w": 161,
						"h": 196
					},
					"frame": {
						"x": 791,
						"y": 299,
						"w": 161,
						"h": 196
					}
				},
				{
					"filename": "escoba0031.png",
					"rotated": false,
					"trimmed": true,
					"sourceSize": {
						"w": 651,
						"h": 310
					},
					"spriteSourceSize": {
						"x": 325,
						"y": 269,
						"w": 152,
						"h": 39
					},
					"frame": {
						"x": 791,
						"y": 497,
						"w": 152,
						"h": 39
					}
				},
				{
					"filename": "escoba0032.png",
					"rotated": false,
					"trimmed": true,
					"sourceSize": {
						"w": 651,
						"h": 310
					},
					"spriteSourceSize": {
						"x": 325,
						"y": 269,
						"w": 152,
						"h": 39
					},
					"frame": {
						"x": 791,
						"y": 497,
						"w": 152,
						"h": 39
					}
				},
				{
					"filename": "escoba0033.png",
					"rotated": false,
					"trimmed": true,
					"sourceSize": {
						"w": 651,
						"h": 310
					},
					"spriteSourceSize": {
						"x": 325,
						"y": 269,
						"w": 152,
						"h": 39
					},
					"frame": {
						"x": 791,
						"y": 497,
						"w": 152,
						"h": 39
					}
				},
				{
					"filename": "escoba0034.png",
					"rotated": false,
					"trimmed": true,
					"sourceSize": {
						"w": 651,
						"h": 310
					},
					"spriteSourceSize": {
						"x": 325,
						"y": 269,
						"w": 152,
						"h": 39
					},
					"frame": {
						"x": 791,
						"y": 497,
						"w": 152,
						"h": 39
					}
				},
				{
					"filename": "escoba0035.png",
					"rotated": false,
					"trimmed": true,
					"sourceSize": {
						"w": 651,
						"h": 310
					},
					"spriteSourceSize": {
						"x": 325,
						"y": 269,
						"w": 152,
						"h": 39
					},
					"frame": {
						"x": 791,
						"y": 497,
						"w": 152,
						"h": 39
					}
				},
				{
					"filename": "escoba0036.png",
					"rotated": false,
					"trimmed": true,
					"sourceSize": {
						"w": 651,
						"h": 310
					},
					"spriteSourceSize": {
						"x": 325,
						"y": 269,
						"w": 152,
						"h": 39
					},
					"frame": {
						"x": 791,
						"y": 497,
						"w": 152,
						"h": 39
					}
				},
				{
					"filename": "escoba0037.png",
					"rotated": false,
					"trimmed": true,
					"sourceSize": {
						"w": 651,
						"h": 310
					},
					"spriteSourceSize": {
						"x": 325,
						"y": 269,
						"w": 152,
						"h": 39
					},
					"frame": {
						"x": 791,
						"y": 497,
						"w": 152,
						"h": 39
					}
				},
				{
					"filename": "escoba0038.png",
					"rotated": false,
					"trimmed": true,
					"sourceSize": {
						"w": 651,
						"h": 310
					},
					"spriteSourceSize": {
						"x": 325,
						"y": 269,
						"w": 152,
						"h": 39
					},
					"frame": {
						"x": 791,
						"y": 497,
						"w": 152,
						"h": 39
					}
				},
				{
					"filename": "escoba0039.png",
					"rotated": false,
					"trimmed": true,
					"sourceSize": {
						"w": 651,
						"h": 310
					},
					"spriteSourceSize": {
						"x": 325,
						"y": 269,
						"w": 152,
						"h": 39
					},
					"frame": {
						"x": 791,
						"y": 497,
						"w": 152,
						"h": 39
					}
				},
				{
					"filename": "escoba0040.png",
					"rotated": false,
					"trimmed": true,
					"sourceSize": {
						"w": 651,
						"h": 310
					},
					"spriteSourceSize": {
						"x": 325,
						"y": 269,
						"w": 152,
						"h": 39
					},
					"frame": {
						"x": 791,
						"y": 497,
						"w": 152,
						"h": 39
					}
				},
				{
					"filename": "escoba0029.png",
					"rotated": false,
					"trimmed": true,
					"sourceSize": {
						"w": 651,
						"h": 310
					},
					"spriteSourceSize": {
						"x": 323,
						"y": 261,
						"w": 148,
						"h": 42
					},
					"frame": {
						"x": 791,
						"y": 538,
						"w": 148,
						"h": 42
					}
				},
				{
					"filename": "escoba0030.png",
					"rotated": false,
					"trimmed": true,
					"sourceSize": {
						"w": 651,
						"h": 310
					},
					"spriteSourceSize": {
						"x": 323,
						"y": 261,
						"w": 148,
						"h": 42
					},
					"frame": {
						"x": 791,
						"y": 538,
						"w": 148,
						"h": 42
					}
				},
				{
					"filename": "escoba0022.png",
					"rotated": false,
					"trimmed": true,
					"sourceSize": {
						"w": 651,
						"h": 310
					},
					"spriteSourceSize": {
						"x": 335,
						"y": 0,
						"w": 316,
						"h": 303
					},
					"frame": {
						"x": 1,
						"y": 306,
						"w": 316,
						"h": 303
					}
				},
				{
					"filename": "escoba0014.png",
					"rotated": false,
					"trimmed": true,
					"sourceSize": {
						"w": 651,
						"h": 310
					},
					"spriteSourceSize": {
						"x": 333,
						"y": 169,
						"w": 102,
						"h": 134
					},
					"frame": {
						"x": 319,
						"y": 306,
						"w": 102,
						"h": 134
					}
				},
				{
					"filename": "escoba0009.png",
					"rotated": false,
					"trimmed": true,
					"sourceSize": {
						"w": 651,
						"h": 310
					},
					"spriteSourceSize": {
						"x": 339,
						"y": 150,
						"w": 96,
						"h": 153
					},
					"frame": {
						"x": 319,
						"y": 442,
						"w": 96,
						"h": 153
					}
				},
				{
					"filename": "escoba0004.png",
					"rotated": false,
					"trimmed": true,
					"sourceSize": {
						"w": 651,
						"h": 310
					},
					"spriteSourceSize": {
						"x": 126,
						"y": 63,
						"w": 309,
						"h": 240
					},
					"frame": {
						"x": 417,
						"y": 548,
						"w": 309,
						"h": 240
					}
				},
				{
					"filename": "escoba0010.png",
					"rotated": false,
					"trimmed": true,
					"sourceSize": {
						"w": 651,
						"h": 310
					},
					"spriteSourceSize": {
						"x": 344,
						"y": 150,
						"w": 91,
						"h": 153
					},
					"frame": {
						"x": 319,
						"y": 597,
						"w": 91,
						"h": 153
					}
				},
				{
					"filename": "escoba0020.png",
					"rotated": false,
					"trimmed": true,
					"sourceSize": {
						"w": 651,
						"h": 310
					},
					"spriteSourceSize": {
						"x": 344,
						"y": 53,
						"w": 234,
						"h": 250
					},
					"frame": {
						"x": 728,
						"y": 582,
						"w": 234,
						"h": 250
					}
				},
				{
					"filename": "escoba0021.png",
					"rotated": false,
					"trimmed": true,
					"sourceSize": {
						"w": 651,
						"h": 310
					},
					"spriteSourceSize": {
						"x": 335,
						"y": 26,
						"w": 280,
						"h": 277
					},
					"frame": {
						"x": 1,
						"y": 611,
						"w": 280,
						"h": 277
					}
				},
				{
					"filename": "escoba0016.png",
					"rotated": false,
					"trimmed": true,
					"sourceSize": {
						"w": 651,
						"h": 310
					},
					"spriteSourceSize": {
						"x": 344,
						"y": 161,
						"w": 91,
						"h": 142
					},
					"frame": {
						"x": 283,
						"y": 752,
						"w": 91,
						"h": 142
					}
				},
				{
					"filename": "escoba0005.png",
					"rotated": false,
					"trimmed": true,
					"sourceSize": {
						"w": 651,
						"h": 310
					},
					"spriteSourceSize": {
						"x": 169,
						"y": 83,
						"w": 266,
						"h": 220
					},
					"frame": {
						"x": 1,
						"y": 890,
						"w": 266,
						"h": 220
					}
				},
				{
					"filename": "escoba0023.png",
					"rotated": false,
					"trimmed": true,
					"sourceSize": {
						"w": 651,
						"h": 310
					},
					"spriteSourceSize": {
						"x": 331,
						"y": 206,
						"w": 137,
						"h": 97
					},
					"frame": {
						"x": 1,
						"y": 1112,
						"w": 137,
						"h": 97
					}
				},
				{
					"filename": "escoba0024.png",
					"rotated": false,
					"trimmed": true,
					"sourceSize": {
						"w": 651,
						"h": 310
					},
					"spriteSourceSize": {
						"x": 331,
						"y": 206,
						"w": 137,
						"h": 97
					},
					"frame": {
						"x": 140,
						"y": 1112,
						"w": 137,
						"h": 97
					}
				},
				{
					"filename": "escoba0006.png",
					"rotated": false,
					"trimmed": true,
					"sourceSize": {
						"w": 651,
						"h": 310
					},
					"spriteSourceSize": {
						"x": 211,
						"y": 104,
						"w": 224,
						"h": 199
					},
					"frame": {
						"x": 269,
						"y": 896,
						"w": 224,
						"h": 199
					}
				},
				{
					"filename": "escoba0025.png",
					"rotated": false,
					"trimmed": true,
					"sourceSize": {
						"w": 651,
						"h": 310
					},
					"spriteSourceSize": {
						"x": 324,
						"y": 265,
						"w": 146,
						"h": 38
					},
					"frame": {
						"x": 376,
						"y": 834,
						"w": 146,
						"h": 38
					}
				},
				{
					"filename": "escoba0026.png",
					"rotated": false,
					"trimmed": true,
					"sourceSize": {
						"w": 651,
						"h": 310
					},
					"spriteSourceSize": {
						"x": 324,
						"y": 265,
						"w": 146,
						"h": 38
					},
					"frame": {
						"x": 376,
						"y": 834,
						"w": 146,
						"h": 38
					}
				},
				{
					"filename": "escoba0027.png",
					"rotated": false,
					"trimmed": true,
					"sourceSize": {
						"w": 651,
						"h": 310
					},
					"spriteSourceSize": {
						"x": 326,
						"y": 266,
						"w": 143,
						"h": 38
					},
					"frame": {
						"x": 376,
						"y": 790,
						"w": 143,
						"h": 38
					}
				},
				{
					"filename": "escoba0028.png",
					"rotated": false,
					"trimmed": true,
					"sourceSize": {
						"w": 651,
						"h": 310
					},
					"spriteSourceSize": {
						"x": 326,
						"y": 266,
						"w": 143,
						"h": 38
					},
					"frame": {
						"x": 376,
						"y": 790,
						"w": 143,
						"h": 38
					}
				},
				{
					"filename": "escoba0019.png",
					"rotated": false,
					"trimmed": true,
					"sourceSize": {
						"w": 651,
						"h": 310
					},
					"spriteSourceSize": {
						"x": 344,
						"y": 80,
						"w": 198,
						"h": 223
					},
					"frame": {
						"x": 524,
						"y": 790,
						"w": 198,
						"h": 223
					}
				},
				{
					"filename": "escoba0007.png",
					"rotated": false,
					"trimmed": true,
					"sourceSize": {
						"w": 651,
						"h": 310
					},
					"spriteSourceSize": {
						"x": 254,
						"y": 125,
						"w": 181,
						"h": 178
					},
					"frame": {
						"x": 495,
						"y": 1015,
						"w": 181,
						"h": 178
					}
				},
				{
					"filename": "escoba0008.png",
					"rotated": false,
					"trimmed": true,
					"sourceSize": {
						"w": 651,
						"h": 310
					},
					"spriteSourceSize": {
						"x": 296,
						"y": 146,
						"w": 139,
						"h": 157
					},
					"frame": {
						"x": 678,
						"y": 1015,
						"w": 139,
						"h": 157
					}
				},
				{
					"filename": "escoba0012.png",
					"rotated": false,
					"trimmed": true,
					"sourceSize": {
						"w": 651,
						"h": 310
					},
					"spriteSourceSize": {
						"x": 321,
						"y": 168,
						"w": 142,
						"h": 135
					},
					"frame": {
						"x": 819,
						"y": 834,
						"w": 142,
						"h": 135
					}
				},
				{
					"filename": "escoba0015.png",
					"rotated": false,
					"trimmed": true,
					"sourceSize": {
						"w": 651,
						"h": 310
					},
					"spriteSourceSize": {
						"x": 344,
						"y": 168,
						"w": 91,
						"h": 135
					},
					"frame": {
						"x": 724,
						"y": 834,
						"w": 91,
						"h": 135
					}
				},
				{
					"filename": "escoba0013.png",
					"rotated": false,
					"trimmed": true,
					"sourceSize": {
						"w": 651,
						"h": 310
					},
					"spriteSourceSize": {
						"x": 320,
						"y": 175,
						"w": 140,
						"h": 128
					},
					"frame": {
						"x": 819,
						"y": 971,
						"w": 140,
						"h": 128
					}
				}
			]
		}
	],
	"meta": {
		"app": "https://www.codeandweb.com/texturepacker",
		"version": "3.0",
		"smartupdate": "$TexturePacker:SmartUpdate:38f87a88873484670db9cc132adfbee1:f65d628ccee42dcb559c68315dd921a8:ed14296e461fc730896a06ef2bef03a9$"
	}
}
