{
	"textures": [
		{
			"image": "final_golf_fail2.png",
			"format": "RGBA8888",
			"size": {
				"w": 1963,
				"h": 1344
			},
			"scale": 1,
			"frames": [
				{
					"filename": "final_golf_fail20001.png",
					"rotated": false,
					"trimmed": true,
					"sourceSize": {
						"w": 606,
						"h": 197
					},
					"spriteSourceSize": {
						"x": 0,
						"y": 0,
						"w": 598,
						"h": 190
					},
					"frame": {
						"x": 1,
						"y": 1,
						"w": 598,
						"h": 190
					}
				},
				{
					"filename": "final_golf_fail20002.png",
					"rotated": false,
					"trimmed": true,
					"sourceSize": {
						"w": 606,
						"h": 197
					},
					"spriteSourceSize": {
						"x": 11,
						"y": 0,
						"w": 587,
						"h": 190
					},
					"frame": {
						"x": 601,
						"y": 1,
						"w": 587,
						"h": 190
					}
				},
				{
					"filename": "final_golf_fail20003.png",
					"rotated": false,
					"trimmed": true,
					"sourceSize": {
						"w": 606,
						"h": 197
					},
					"spriteSourceSize": {
						"x": 23,
						"y": 0,
						"w": 575,
						"h": 190
					},
					"frame": {
						"x": 1190,
						"y": 1,
						"w": 575,
						"h": 190
					}
				},
				{
					"filename": "final_golf_fail20030.png",
					"rotated": false,
					"trimmed": true,
					"sourceSize": {
						"w": 606,
						"h": 197
					},
					"spriteSourceSize": {
						"x": 411,
						"y": 0,
						"w": 187,
						"h": 190
					},
					"frame": {
						"x": 1767,
						"y": 1,
						"w": 187,
						"h": 190
					}
				},
				{
					"filename": "final_golf_fail20004.png",
					"rotated": false,
					"trimmed": true,
					"sourceSize": {
						"w": 606,
						"h": 197
					},
					"spriteSourceSize": {
						"x": 34,
						"y": 0,
						"w": 564,
						"h": 190
					},
					"frame": {
						"x": 1,
						"y": 193,
						"w": 564,
						"h": 190
					}
				},
				{
					"filename": "final_golf_fail20005.png",
					"rotated": false,
					"trimmed": true,
					"sourceSize": {
						"w": 606,
						"h": 197
					},
					"spriteSourceSize": {
						"x": 48,
						"y": 0,
						"w": 550,
						"h": 190
					},
					"frame": {
						"x": 567,
						"y": 193,
						"w": 550,
						"h": 190
					}
				},
				{
					"filename": "final_golf_fail20006.png",
					"rotated": false,
					"trimmed": true,
					"sourceSize": {
						"w": 606,
						"h": 197
					},
					"spriteSourceSize": {
						"x": 63,
						"y": 0,
						"w": 535,
						"h": 190
					},
					"frame": {
						"x": 1119,
						"y": 193,
						"w": 535,
						"h": 190
					}
				},
				{
					"filename": "final_golf_fail20020.png",
					"rotated": false,
					"trimmed": true,
					"sourceSize": {
						"w": 606,
						"h": 197
					},
					"spriteSourceSize": {
						"x": 292,
						"y": 0,
						"w": 306,
						"h": 190
					},
					"frame": {
						"x": 1656,
						"y": 193,
						"w": 306,
						"h": 190
					}
				},
				{
					"filename": "final_golf_fail20007.png",
					"rotated": false,
					"trimmed": true,
					"sourceSize": {
						"w": 606,
						"h": 197
					},
					"spriteSourceSize": {
						"x": 80,
						"y": 0,
						"w": 518,
						"h": 190
					},
					"frame": {
						"x": 1,
						"y": 385,
						"w": 518,
						"h": 190
					}
				},
				{
					"filename": "final_golf_fail20008.png",
					"rotated": false,
					"trimmed": true,
					"sourceSize": {
						"w": 606,
						"h": 197
					},
					"spriteSourceSize": {
						"x": 102,
						"y": 0,
						"w": 496,
						"h": 190
					},
					"frame": {
						"x": 521,
						"y": 385,
						"w": 496,
						"h": 190
					}
				},
				{
					"filename": "final_golf_fail20009.png",
					"rotated": false,
					"trimmed": true,
					"sourceSize": {
						"w": 606,
						"h": 197
					},
					"spriteSourceSize": {
						"x": 127,
						"y": 0,
						"w": 471,
						"h": 190
					},
					"frame": {
						"x": 1019,
						"y": 385,
						"w": 471,
						"h": 190
					}
				},
				{
					"filename": "final_golf_fail20010.png",
					"rotated": false,
					"trimmed": true,
					"sourceSize": {
						"w": 606,
						"h": 197
					},
					"spriteSourceSize": {
						"x": 149,
						"y": 0,
						"w": 449,
						"h": 190
					},
					"frame": {
						"x": 1492,
						"y": 385,
						"w": 449,
						"h": 190
					}
				},
				{
					"filename": "final_golf_fail20011.png",
					"rotated": false,
					"trimmed": true,
					"sourceSize": {
						"w": 606,
						"h": 197
					},
					"spriteSourceSize": {
						"x": 165,
						"y": 0,
						"w": 433,
						"h": 190
					},
					"frame": {
						"x": 1,
						"y": 577,
						"w": 433,
						"h": 190
					}
				},
				{
					"filename": "final_golf_fail20012.png",
					"rotated": false,
					"trimmed": true,
					"sourceSize": {
						"w": 606,
						"h": 197
					},
					"spriteSourceSize": {
						"x": 176,
						"y": 0,
						"w": 422,
						"h": 190
					},
					"frame": {
						"x": 436,
						"y": 577,
						"w": 422,
						"h": 190
					}
				},
				{
					"filename": "final_golf_fail20013.png",
					"rotated": false,
					"trimmed": true,
					"sourceSize": {
						"w": 606,
						"h": 197
					},
					"spriteSourceSize": {
						"x": 186,
						"y": 0,
						"w": 412,
						"h": 190
					},
					"frame": {
						"x": 860,
						"y": 577,
						"w": 412,
						"h": 190
					}
				},
				{
					"filename": "final_golf_fail20014.png",
					"rotated": false,
					"trimmed": true,
					"sourceSize": {
						"w": 606,
						"h": 197
					},
					"spriteSourceSize": {
						"x": 193,
						"y": 0,
						"w": 405,
						"h": 190
					},
					"frame": {
						"x": 1274,
						"y": 577,
						"w": 405,
						"h": 190
					}
				},
				{
					"filename": "final_golf_fail20023.png",
					"rotated": false,
					"trimmed": true,
					"sourceSize": {
						"w": 606,
						"h": 197
					},
					"spriteSourceSize": {
						"x": 325,
						"y": 0,
						"w": 273,
						"h": 190
					},
					"frame": {
						"x": 1681,
						"y": 577,
						"w": 273,
						"h": 190
					}
				},
				{
					"filename": "final_golf_fail20015.png",
					"rotated": false,
					"trimmed": true,
					"sourceSize": {
						"w": 606,
						"h": 197
					},
					"spriteSourceSize": {
						"x": 205,
						"y": 0,
						"w": 393,
						"h": 190
					},
					"frame": {
						"x": 1,
						"y": 769,
						"w": 393,
						"h": 190
					}
				},
				{
					"filename": "final_golf_fail20016.png",
					"rotated": false,
					"trimmed": true,
					"sourceSize": {
						"w": 606,
						"h": 197
					},
					"spriteSourceSize": {
						"x": 219,
						"y": 0,
						"w": 379,
						"h": 190
					},
					"frame": {
						"x": 396,
						"y": 769,
						"w": 379,
						"h": 190
					}
				},
				{
					"filename": "final_golf_fail20017.png",
					"rotated": false,
					"trimmed": true,
					"sourceSize": {
						"w": 606,
						"h": 197
					},
					"spriteSourceSize": {
						"x": 235,
						"y": 0,
						"w": 363,
						"h": 190
					},
					"frame": {
						"x": 777,
						"y": 769,
						"w": 363,
						"h": 190
					}
				},
				{
					"filename": "final_golf_fail20018.png",
					"rotated": false,
					"trimmed": true,
					"sourceSize": {
						"w": 606,
						"h": 197
					},
					"spriteSourceSize": {
						"x": 255,
						"y": 0,
						"w": 343,
						"h": 190
					},
					"frame": {
						"x": 1142,
						"y": 769,
						"w": 343,
						"h": 190
					}
				},
				{
					"filename": "final_golf_fail20019.png",
					"rotated": false,
					"trimmed": true,
					"sourceSize": {
						"w": 606,
						"h": 197
					},
					"spriteSourceSize": {
						"x": 275,
						"y": 0,
						"w": 323,
						"h": 190
					},
					"frame": {
						"x": 1487,
						"y": 769,
						"w": 323,
						"h": 190
					}
				},
				{
					"filename": "final_golf_fail20034.png",
					"rotated": false,
					"trimmed": true,
					"sourceSize": {
						"w": 606,
						"h": 197
					},
					"spriteSourceSize": {
						"x": 455,
						"y": 0,
						"w": 143,
						"h": 190
					},
					"frame": {
						"x": 1812,
						"y": 769,
						"w": 143,
						"h": 190
					}
				},
				{
					"filename": "final_golf_fail20021.png",
					"rotated": false,
					"trimmed": true,
					"sourceSize": {
						"w": 606,
						"h": 197
					},
					"spriteSourceSize": {
						"x": 305,
						"y": 0,
						"w": 293,
						"h": 190
					},
					"frame": {
						"x": 1,
						"y": 961,
						"w": 293,
						"h": 190
					}
				},
				{
					"filename": "final_golf_fail20022.png",
					"rotated": false,
					"trimmed": true,
					"sourceSize": {
						"w": 606,
						"h": 197
					},
					"spriteSourceSize": {
						"x": 316,
						"y": 0,
						"w": 282,
						"h": 190
					},
					"frame": {
						"x": 296,
						"y": 961,
						"w": 282,
						"h": 190
					}
				},
				{
					"filename": "final_golf_fail20024.png",
					"rotated": false,
					"trimmed": true,
					"sourceSize": {
						"w": 606,
						"h": 197
					},
					"spriteSourceSize": {
						"x": 336,
						"y": 0,
						"w": 262,
						"h": 190
					},
					"frame": {
						"x": 580,
						"y": 961,
						"w": 262,
						"h": 190
					}
				},
				{
					"filename": "final_golf_fail20025.png",
					"rotated": false,
					"trimmed": true,
					"sourceSize": {
						"w": 606,
						"h": 197
					},
					"spriteSourceSize": {
						"x": 349,
						"y": 0,
						"w": 249,
						"h": 190
					},
					"frame": {
						"x": 844,
						"y": 961,
						"w": 249,
						"h": 190
					}
				},
				{
					"filename": "final_golf_fail20026.png",
					"rotated": false,
					"trimmed": true,
					"sourceSize": {
						"w": 606,
						"h": 197
					},
					"spriteSourceSize": {
						"x": 364,
						"y": 0,
						"w": 234,
						"h": 190
					},
					"frame": {
						"x": 1095,
						"y": 961,
						"w": 234,
						"h": 190
					}
				},
				{
					"filename": "final_golf_fail20027.png",
					"rotated": false,
					"trimmed": true,
					"sourceSize": {
						"w": 606,
						"h": 197
					},
					"spriteSourceSize": {
						"x": 379,
						"y": 0,
						"w": 219,
						"h": 190
					},
					"frame": {
						"x": 1331,
						"y": 961,
						"w": 219,
						"h": 190
					}
				},
				{
					"filename": "final_golf_fail20028.png",
					"rotated": false,
					"trimmed": true,
					"sourceSize": {
						"w": 606,
						"h": 197
					},
					"spriteSourceSize": {
						"x": 392,
						"y": 0,
						"w": 206,
						"h": 190
					},
					"frame": {
						"x": 1552,
						"y": 961,
						"w": 206,
						"h": 190
					}
				},
				{
					"filename": "final_golf_fail20029.png",
					"rotated": false,
					"trimmed": true,
					"sourceSize": {
						"w": 606,
						"h": 197
					},
					"spriteSourceSize": {
						"x": 402,
						"y": 0,
						"w": 196,
						"h": 190
					},
					"frame": {
						"x": 1760,
						"y": 961,
						"w": 196,
						"h": 190
					}
				},
				{
					"filename": "final_golf_fail20031.png",
					"rotated": false,
					"trimmed": true,
					"sourceSize": {
						"w": 606,
						"h": 197
					},
					"spriteSourceSize": {
						"x": 422,
						"y": 0,
						"w": 176,
						"h": 190
					},
					"frame": {
						"x": 1,
						"y": 1153,
						"w": 176,
						"h": 190
					}
				},
				{
					"filename": "final_golf_fail20032.png",
					"rotated": false,
					"trimmed": true,
					"sourceSize": {
						"w": 606,
						"h": 197
					},
					"spriteSourceSize": {
						"x": 433,
						"y": 0,
						"w": 165,
						"h": 190
					},
					"frame": {
						"x": 179,
						"y": 1153,
						"w": 165,
						"h": 190
					}
				},
				{
					"filename": "final_golf_fail20033.png",
					"rotated": false,
					"trimmed": true,
					"sourceSize": {
						"w": 606,
						"h": 197
					},
					"spriteSourceSize": {
						"x": 444,
						"y": 0,
						"w": 154,
						"h": 190
					},
					"frame": {
						"x": 346,
						"y": 1153,
						"w": 154,
						"h": 190
					}
				},
				{
					"filename": "final_golf_fail20035.png",
					"rotated": false,
					"trimmed": true,
					"sourceSize": {
						"w": 606,
						"h": 197
					},
					"spriteSourceSize": {
						"x": 464,
						"y": 0,
						"w": 134,
						"h": 190
					},
					"frame": {
						"x": 502,
						"y": 1153,
						"w": 134,
						"h": 190
					}
				},
				{
					"filename": "final_golf_fail20036.png",
					"rotated": false,
					"trimmed": true,
					"sourceSize": {
						"w": 606,
						"h": 197
					},
					"spriteSourceSize": {
						"x": 474,
						"y": 0,
						"w": 124,
						"h": 190
					},
					"frame": {
						"x": 638,
						"y": 1153,
						"w": 124,
						"h": 190
					}
				},
				{
					"filename": "final_golf_fail20037.png",
					"rotated": false,
					"trimmed": true,
					"sourceSize": {
						"w": 606,
						"h": 197
					},
					"spriteSourceSize": {
						"x": 483,
						"y": 0,
						"w": 115,
						"h": 190
					},
					"frame": {
						"x": 764,
						"y": 1153,
						"w": 115,
						"h": 190
					}
				},
				{
					"filename": "final_golf_fail20038.png",
					"rotated": false,
					"trimmed": true,
					"sourceSize": {
						"w": 606,
						"h": 197
					},
					"spriteSourceSize": {
						"x": 492,
						"y": 0,
						"w": 106,
						"h": 190
					},
					"frame": {
						"x": 881,
						"y": 1153,
						"w": 106,
						"h": 190
					}
				},
				{
					"filename": "final_golf_fail20039.png",
					"rotated": false,
					"trimmed": true,
					"sourceSize": {
						"w": 606,
						"h": 197
					},
					"spriteSourceSize": {
						"x": 499,
						"y": 0,
						"w": 99,
						"h": 190
					},
					"frame": {
						"x": 989,
						"y": 1153,
						"w": 99,
						"h": 190
					}
				},
				{
					"filename": "final_golf_fail20040.png",
					"rotated": false,
					"trimmed": true,
					"sourceSize": {
						"w": 606,
						"h": 197
					},
					"spriteSourceSize": {
						"x": 507,
						"y": 0,
						"w": 91,
						"h": 190
					},
					"frame": {
						"x": 1090,
						"y": 1153,
						"w": 91,
						"h": 190
					}
				},
				{
					"filename": "final_golf_fail20041.png",
					"rotated": false,
					"trimmed": true,
					"sourceSize": {
						"w": 606,
						"h": 197
					},
					"spriteSourceSize": {
						"x": 514,
						"y": 0,
						"w": 84,
						"h": 190
					},
					"frame": {
						"x": 1183,
						"y": 1153,
						"w": 84,
						"h": 190
					}
				},
				{
					"filename": "final_golf_fail20042.png",
					"rotated": false,
					"trimmed": true,
					"sourceSize": {
						"w": 606,
						"h": 197
					},
					"spriteSourceSize": {
						"x": 520,
						"y": 0,
						"w": 78,
						"h": 190
					},
					"frame": {
						"x": 1269,
						"y": 1153,
						"w": 78,
						"h": 190
					}
				},
				{
					"filename": "final_golf_fail20043.png",
					"rotated": false,
					"trimmed": true,
					"sourceSize": {
						"w": 606,
						"h": 197
					},
					"spriteSourceSize": {
						"x": 525,
						"y": 0,
						"w": 73,
						"h": 190
					},
					"frame": {
						"x": 1349,
						"y": 1153,
						"w": 73,
						"h": 190
					}
				},
				{
					"filename": "final_golf_fail20044.png",
					"rotated": false,
					"trimmed": true,
					"sourceSize": {
						"w": 606,
						"h": 197
					},
					"spriteSourceSize": {
						"x": 530,
						"y": 0,
						"w": 68,
						"h": 190
					},
					"frame": {
						"x": 1424,
						"y": 1153,
						"w": 68,
						"h": 190
					}
				},
				{
					"filename": "final_golf_fail20045.png",
					"rotated": false,
					"trimmed": true,
					"sourceSize": {
						"w": 606,
						"h": 197
					},
					"spriteSourceSize": {
						"x": 535,
						"y": 0,
						"w": 63,
						"h": 190
					},
					"frame": {
						"x": 1494,
						"y": 1153,
						"w": 63,
						"h": 190
					}
				},
				{
					"filename": "final_golf_fail20046.png",
					"rotated": false,
					"trimmed": true,
					"sourceSize": {
						"w": 606,
						"h": 197
					},
					"spriteSourceSize": {
						"x": 539,
						"y": 0,
						"w": 59,
						"h": 190
					},
					"frame": {
						"x": 1559,
						"y": 1153,
						"w": 59,
						"h": 190
					}
				},
				{
					"filename": "final_golf_fail20047.png",
					"rotated": false,
					"trimmed": true,
					"sourceSize": {
						"w": 606,
						"h": 197
					},
					"spriteSourceSize": {
						"x": 542,
						"y": 0,
						"w": 56,
						"h": 190
					},
					"frame": {
						"x": 1620,
						"y": 1153,
						"w": 56,
						"h": 190
					}
				},
				{
					"filename": "final_golf_fail20048.png",
					"rotated": false,
					"trimmed": true,
					"sourceSize": {
						"w": 606,
						"h": 197
					},
					"spriteSourceSize": {
						"x": 544,
						"y": 0,
						"w": 54,
						"h": 190
					},
					"frame": {
						"x": 1678,
						"y": 1153,
						"w": 54,
						"h": 190
					}
				},
				{
					"filename": "final_golf_fail20049.png",
					"rotated": false,
					"trimmed": true,
					"sourceSize": {
						"w": 606,
						"h": 197
					},
					"spriteSourceSize": {
						"x": 544,
						"y": 0,
						"w": 54,
						"h": 190
					},
					"frame": {
						"x": 1734,
						"y": 1153,
						"w": 54,
						"h": 190
					}
				},
				{
					"filename": "final_golf_fail20050.png",
					"rotated": false,
					"trimmed": true,
					"sourceSize": {
						"w": 606,
						"h": 197
					},
					"spriteSourceSize": {
						"x": 544,
						"y": 0,
						"w": 54,
						"h": 190
					},
					"frame": {
						"x": 1790,
						"y": 1153,
						"w": 54,
						"h": 190
					}
				},
				{
					"filename": "final_golf_fail20051.png",
					"rotated": false,
					"trimmed": true,
					"sourceSize": {
						"w": 606,
						"h": 197
					},
					"spriteSourceSize": {
						"x": 544,
						"y": 0,
						"w": 54,
						"h": 190
					},
					"frame": {
						"x": 1846,
						"y": 1153,
						"w": 54,
						"h": 190
					}
				},
				{
					"filename": "final_golf_fail20052.png",
					"rotated": false,
					"trimmed": true,
					"sourceSize": {
						"w": 606,
						"h": 197
					},
					"spriteSourceSize": {
						"x": 544,
						"y": 0,
						"w": 54,
						"h": 190
					},
					"frame": {
						"x": 1902,
						"y": 1153,
						"w": 54,
						"h": 190
					}
				},
				{
					"filename": "final_golf_fail20053.png",
					"rotated": false,
					"trimmed": true,
					"sourceSize": {
						"w": 606,
						"h": 197
					},
					"spriteSourceSize": {
						"x": 544,
						"y": 0,
						"w": 54,
						"h": 190
					},
					"frame": {
						"x": 1902,
						"y": 1153,
						"w": 54,
						"h": 190
					}
				},
				{
					"filename": "final_golf_fail20054.png",
					"rotated": false,
					"trimmed": true,
					"sourceSize": {
						"w": 606,
						"h": 197
					},
					"spriteSourceSize": {
						"x": 544,
						"y": 0,
						"w": 54,
						"h": 190
					},
					"frame": {
						"x": 1902,
						"y": 1153,
						"w": 54,
						"h": 190
					}
				},
				{
					"filename": "final_golf_fail20055.png",
					"rotated": false,
					"trimmed": true,
					"sourceSize": {
						"w": 606,
						"h": 197
					},
					"spriteSourceSize": {
						"x": 544,
						"y": 0,
						"w": 54,
						"h": 190
					},
					"frame": {
						"x": 1902,
						"y": 1153,
						"w": 54,
						"h": 190
					}
				},
				{
					"filename": "final_golf_fail20056.png",
					"rotated": false,
					"trimmed": true,
					"sourceSize": {
						"w": 606,
						"h": 197
					},
					"spriteSourceSize": {
						"x": 544,
						"y": 0,
						"w": 54,
						"h": 190
					},
					"frame": {
						"x": 1902,
						"y": 1153,
						"w": 54,
						"h": 190
					}
				},
				{
					"filename": "final_golf_fail20057.png",
					"rotated": false,
					"trimmed": true,
					"sourceSize": {
						"w": 606,
						"h": 197
					},
					"spriteSourceSize": {
						"x": 544,
						"y": 0,
						"w": 54,
						"h": 190
					},
					"frame": {
						"x": 1902,
						"y": 1153,
						"w": 54,
						"h": 190
					}
				},
				{
					"filename": "final_golf_fail20058.png",
					"rotated": false,
					"trimmed": true,
					"sourceSize": {
						"w": 606,
						"h": 197
					},
					"spriteSourceSize": {
						"x": 544,
						"y": 0,
						"w": 54,
						"h": 190
					},
					"frame": {
						"x": 1902,
						"y": 1153,
						"w": 54,
						"h": 190
					}
				},
				{
					"filename": "final_golf_fail20059.png",
					"rotated": false,
					"trimmed": true,
					"sourceSize": {
						"w": 606,
						"h": 197
					},
					"spriteSourceSize": {
						"x": 544,
						"y": 0,
						"w": 54,
						"h": 190
					},
					"frame": {
						"x": 1902,
						"y": 1153,
						"w": 54,
						"h": 190
					}
				},
				{
					"filename": "final_golf_fail20060.png",
					"rotated": false,
					"trimmed": true,
					"sourceSize": {
						"w": 606,
						"h": 197
					},
					"spriteSourceSize": {
						"x": 544,
						"y": 0,
						"w": 54,
						"h": 190
					},
					"frame": {
						"x": 1902,
						"y": 1153,
						"w": 54,
						"h": 190
					}
				},
				{
					"filename": "final_golf_fail20061.png",
					"rotated": false,
					"trimmed": true,
					"sourceSize": {
						"w": 606,
						"h": 197
					},
					"spriteSourceSize": {
						"x": 544,
						"y": 0,
						"w": 54,
						"h": 190
					},
					"frame": {
						"x": 1902,
						"y": 1153,
						"w": 54,
						"h": 190
					}
				},
				{
					"filename": "final_golf_fail20062.png",
					"rotated": false,
					"trimmed": true,
					"sourceSize": {
						"w": 606,
						"h": 197
					},
					"spriteSourceSize": {
						"x": 544,
						"y": 0,
						"w": 54,
						"h": 190
					},
					"frame": {
						"x": 1902,
						"y": 1153,
						"w": 54,
						"h": 190
					}
				},
				{
					"filename": "final_golf_fail20063.png",
					"rotated": false,
					"trimmed": true,
					"sourceSize": {
						"w": 606,
						"h": 197
					},
					"spriteSourceSize": {
						"x": 544,
						"y": 0,
						"w": 54,
						"h": 190
					},
					"frame": {
						"x": 1902,
						"y": 1153,
						"w": 54,
						"h": 190
					}
				},
				{
					"filename": "final_golf_fail20064.png",
					"rotated": false,
					"trimmed": true,
					"sourceSize": {
						"w": 606,
						"h": 197
					},
					"spriteSourceSize": {
						"x": 544,
						"y": 0,
						"w": 54,
						"h": 190
					},
					"frame": {
						"x": 1902,
						"y": 1153,
						"w": 54,
						"h": 190
					}
				},
				{
					"filename": "final_golf_fail20065.png",
					"rotated": false,
					"trimmed": true,
					"sourceSize": {
						"w": 606,
						"h": 197
					},
					"spriteSourceSize": {
						"x": 544,
						"y": 0,
						"w": 54,
						"h": 190
					},
					"frame": {
						"x": 1902,
						"y": 1153,
						"w": 54,
						"h": 190
					}
				},
				{
					"filename": "final_golf_fail20066.png",
					"rotated": false,
					"trimmed": true,
					"sourceSize": {
						"w": 606,
						"h": 197
					},
					"spriteSourceSize": {
						"x": 544,
						"y": 0,
						"w": 54,
						"h": 190
					},
					"frame": {
						"x": 1902,
						"y": 1153,
						"w": 54,
						"h": 190
					}
				},
				{
					"filename": "final_golf_fail20067.png",
					"rotated": false,
					"trimmed": true,
					"sourceSize": {
						"w": 606,
						"h": 197
					},
					"spriteSourceSize": {
						"x": 544,
						"y": 0,
						"w": 54,
						"h": 190
					},
					"frame": {
						"x": 1902,
						"y": 1153,
						"w": 54,
						"h": 190
					}
				},
				{
					"filename": "final_golf_fail20068.png",
					"rotated": false,
					"trimmed": true,
					"sourceSize": {
						"w": 606,
						"h": 197
					},
					"spriteSourceSize": {
						"x": 544,
						"y": 0,
						"w": 54,
						"h": 190
					},
					"frame": {
						"x": 1902,
						"y": 1153,
						"w": 54,
						"h": 190
					}
				},
				{
					"filename": "final_golf_fail20069.png",
					"rotated": false,
					"trimmed": true,
					"sourceSize": {
						"w": 606,
						"h": 197
					},
					"spriteSourceSize": {
						"x": 544,
						"y": 0,
						"w": 54,
						"h": 190
					},
					"frame": {
						"x": 1902,
						"y": 1153,
						"w": 54,
						"h": 190
					}
				},
				{
					"filename": "final_golf_fail20070.png",
					"rotated": false,
					"trimmed": true,
					"sourceSize": {
						"w": 606,
						"h": 197
					},
					"spriteSourceSize": {
						"x": 544,
						"y": 0,
						"w": 54,
						"h": 190
					},
					"frame": {
						"x": 1902,
						"y": 1153,
						"w": 54,
						"h": 190
					}
				},
				{
					"filename": "final_golf_fail20071.png",
					"rotated": false,
					"trimmed": true,
					"sourceSize": {
						"w": 606,
						"h": 197
					},
					"spriteSourceSize": {
						"x": 544,
						"y": 0,
						"w": 54,
						"h": 190
					},
					"frame": {
						"x": 1902,
						"y": 1153,
						"w": 54,
						"h": 190
					}
				},
				{
					"filename": "final_golf_fail20072.png",
					"rotated": false,
					"trimmed": true,
					"sourceSize": {
						"w": 606,
						"h": 197
					},
					"spriteSourceSize": {
						"x": 544,
						"y": 0,
						"w": 54,
						"h": 190
					},
					"frame": {
						"x": 1902,
						"y": 1153,
						"w": 54,
						"h": 190
					}
				},
				{
					"filename": "final_golf_fail20073.png",
					"rotated": false,
					"trimmed": true,
					"sourceSize": {
						"w": 606,
						"h": 197
					},
					"spriteSourceSize": {
						"x": 544,
						"y": 0,
						"w": 54,
						"h": 190
					},
					"frame": {
						"x": 1902,
						"y": 1153,
						"w": 54,
						"h": 190
					}
				},
				{
					"filename": "final_golf_fail20074.png",
					"rotated": false,
					"trimmed": true,
					"sourceSize": {
						"w": 606,
						"h": 197
					},
					"spriteSourceSize": {
						"x": 544,
						"y": 0,
						"w": 54,
						"h": 190
					},
					"frame": {
						"x": 1902,
						"y": 1153,
						"w": 54,
						"h": 190
					}
				},
				{
					"filename": "final_golf_fail20075.png",
					"rotated": false,
					"trimmed": true,
					"sourceSize": {
						"w": 606,
						"h": 197
					},
					"spriteSourceSize": {
						"x": 544,
						"y": 0,
						"w": 54,
						"h": 190
					},
					"frame": {
						"x": 1902,
						"y": 1153,
						"w": 54,
						"h": 190
					}
				},
				{
					"filename": "final_golf_fail20076.png",
					"rotated": false,
					"trimmed": true,
					"sourceSize": {
						"w": 606,
						"h": 197
					},
					"spriteSourceSize": {
						"x": 544,
						"y": 0,
						"w": 54,
						"h": 190
					},
					"frame": {
						"x": 1902,
						"y": 1153,
						"w": 54,
						"h": 190
					}
				},
				{
					"filename": "final_golf_fail20077.png",
					"rotated": false,
					"trimmed": true,
					"sourceSize": {
						"w": 606,
						"h": 197
					},
					"spriteSourceSize": {
						"x": 544,
						"y": 0,
						"w": 54,
						"h": 190
					},
					"frame": {
						"x": 1902,
						"y": 1153,
						"w": 54,
						"h": 190
					}
				},
				{
					"filename": "final_golf_fail20078.png",
					"rotated": false,
					"trimmed": true,
					"sourceSize": {
						"w": 606,
						"h": 197
					},
					"spriteSourceSize": {
						"x": 544,
						"y": 0,
						"w": 54,
						"h": 190
					},
					"frame": {
						"x": 1902,
						"y": 1153,
						"w": 54,
						"h": 190
					}
				},
				{
					"filename": "final_golf_fail20079.png",
					"rotated": false,
					"trimmed": true,
					"sourceSize": {
						"w": 606,
						"h": 197
					},
					"spriteSourceSize": {
						"x": 544,
						"y": 0,
						"w": 54,
						"h": 190
					},
					"frame": {
						"x": 1902,
						"y": 1153,
						"w": 54,
						"h": 190
					}
				},
				{
					"filename": "final_golf_fail20080.png",
					"rotated": false,
					"trimmed": true,
					"sourceSize": {
						"w": 606,
						"h": 197
					},
					"spriteSourceSize": {
						"x": 544,
						"y": 0,
						"w": 54,
						"h": 190
					},
					"frame": {
						"x": 1902,
						"y": 1153,
						"w": 54,
						"h": 190
					}
				},
				{
					"filename": "final_golf_fail20081.png",
					"rotated": false,
					"trimmed": true,
					"sourceSize": {
						"w": 606,
						"h": 197
					},
					"spriteSourceSize": {
						"x": 544,
						"y": 0,
						"w": 54,
						"h": 190
					},
					"frame": {
						"x": 1902,
						"y": 1153,
						"w": 54,
						"h": 190
					}
				},
				{
					"filename": "final_golf_fail20082.png",
					"rotated": false,
					"trimmed": true,
					"sourceSize": {
						"w": 606,
						"h": 197
					},
					"spriteSourceSize": {
						"x": 544,
						"y": 0,
						"w": 54,
						"h": 190
					},
					"frame": {
						"x": 1902,
						"y": 1153,
						"w": 54,
						"h": 190
					}
				},
				{
					"filename": "final_golf_fail20083.png",
					"rotated": false,
					"trimmed": true,
					"sourceSize": {
						"w": 606,
						"h": 197
					},
					"spriteSourceSize": {
						"x": 544,
						"y": 0,
						"w": 54,
						"h": 190
					},
					"frame": {
						"x": 1902,
						"y": 1153,
						"w": 54,
						"h": 190
					}
				},
				{
					"filename": "final_golf_fail20084.png",
					"rotated": false,
					"trimmed": true,
					"sourceSize": {
						"w": 606,
						"h": 197
					},
					"spriteSourceSize": {
						"x": 544,
						"y": 0,
						"w": 54,
						"h": 190
					},
					"frame": {
						"x": 1902,
						"y": 1153,
						"w": 54,
						"h": 190
					}
				},
				{
					"filename": "final_golf_fail20085.png",
					"rotated": false,
					"trimmed": true,
					"sourceSize": {
						"w": 606,
						"h": 197
					},
					"spriteSourceSize": {
						"x": 544,
						"y": 0,
						"w": 54,
						"h": 190
					},
					"frame": {
						"x": 1902,
						"y": 1153,
						"w": 54,
						"h": 190
					}
				},
				{
					"filename": "final_golf_fail20086.png",
					"rotated": false,
					"trimmed": true,
					"sourceSize": {
						"w": 606,
						"h": 197
					},
					"spriteSourceSize": {
						"x": 544,
						"y": 0,
						"w": 54,
						"h": 190
					},
					"frame": {
						"x": 1902,
						"y": 1153,
						"w": 54,
						"h": 190
					}
				},
				{
					"filename": "final_golf_fail20087.png",
					"rotated": false,
					"trimmed": true,
					"sourceSize": {
						"w": 606,
						"h": 197
					},
					"spriteSourceSize": {
						"x": 544,
						"y": 0,
						"w": 54,
						"h": 190
					},
					"frame": {
						"x": 1902,
						"y": 1153,
						"w": 54,
						"h": 190
					}
				},
				{
					"filename": "final_golf_fail20088.png",
					"rotated": false,
					"trimmed": true,
					"sourceSize": {
						"w": 606,
						"h": 197
					},
					"spriteSourceSize": {
						"x": 544,
						"y": 0,
						"w": 54,
						"h": 190
					},
					"frame": {
						"x": 1902,
						"y": 1153,
						"w": 54,
						"h": 190
					}
				},
				{
					"filename": "final_golf_fail20089.png",
					"rotated": false,
					"trimmed": true,
					"sourceSize": {
						"w": 606,
						"h": 197
					},
					"spriteSourceSize": {
						"x": 544,
						"y": 0,
						"w": 54,
						"h": 190
					},
					"frame": {
						"x": 1902,
						"y": 1153,
						"w": 54,
						"h": 190
					}
				},
				{
					"filename": "final_golf_fail20090.png",
					"rotated": false,
					"trimmed": true,
					"sourceSize": {
						"w": 606,
						"h": 197
					},
					"spriteSourceSize": {
						"x": 544,
						"y": 0,
						"w": 54,
						"h": 190
					},
					"frame": {
						"x": 1902,
						"y": 1153,
						"w": 54,
						"h": 190
					}
				},
				{
					"filename": "final_golf_fail20091.png",
					"rotated": false,
					"trimmed": true,
					"sourceSize": {
						"w": 606,
						"h": 197
					},
					"spriteSourceSize": {
						"x": 544,
						"y": 0,
						"w": 54,
						"h": 190
					},
					"frame": {
						"x": 1902,
						"y": 1153,
						"w": 54,
						"h": 190
					}
				},
				{
					"filename": "final_golf_fail20092.png",
					"rotated": false,
					"trimmed": true,
					"sourceSize": {
						"w": 606,
						"h": 197
					},
					"spriteSourceSize": {
						"x": 544,
						"y": 0,
						"w": 54,
						"h": 190
					},
					"frame": {
						"x": 1902,
						"y": 1153,
						"w": 54,
						"h": 190
					}
				},
				{
					"filename": "final_golf_fail20093.png",
					"rotated": false,
					"trimmed": true,
					"sourceSize": {
						"w": 606,
						"h": 197
					},
					"spriteSourceSize": {
						"x": 544,
						"y": 0,
						"w": 54,
						"h": 190
					},
					"frame": {
						"x": 1902,
						"y": 1153,
						"w": 54,
						"h": 190
					}
				},
				{
					"filename": "final_golf_fail20094.png",
					"rotated": false,
					"trimmed": true,
					"sourceSize": {
						"w": 606,
						"h": 197
					},
					"spriteSourceSize": {
						"x": 544,
						"y": 0,
						"w": 54,
						"h": 190
					},
					"frame": {
						"x": 1902,
						"y": 1153,
						"w": 54,
						"h": 190
					}
				},
				{
					"filename": "final_golf_fail20095.png",
					"rotated": false,
					"trimmed": true,
					"sourceSize": {
						"w": 606,
						"h": 197
					},
					"spriteSourceSize": {
						"x": 544,
						"y": 0,
						"w": 54,
						"h": 190
					},
					"frame": {
						"x": 1902,
						"y": 1153,
						"w": 54,
						"h": 190
					}
				}
			]
		}
	],
	"meta": {
		"app": "https://www.codeandweb.com/texturepacker",
		"version": "3.0",
		"smartupdate": "$TexturePacker:SmartUpdate:dfaa6989e88587e95af9ba1156b3141f:bbedd338bd027c9ab522b661b4cf87a9:8f68ce5026c5cd3e9c22619ac6d7520c$"
	}
}
