{
	"textures": [
		{
			"image": "final_golf_win1.png",
			"format": "RGBA8888",
			"size": {
				"w": 1875,
				"h": 1782
			},
			"scale": 1,
			"frames": [
				{
					"filename": "final_golf_win10006.png",
					"rotated": false,
					"trimmed": true,
					"sourceSize": {
						"w": 629,
						"h": 225
					},
					"spriteSourceSize": {
						"x": 77,
						"y": 27,
						"w": 544,
						"h": 191
					},
					"frame": {
						"x": 1,
						"y": 1,
						"w": 544,
						"h": 191
					}
				},
				{
					"filename": "final_golf_win10007.png",
					"rotated": false,
					"trimmed": true,
					"sourceSize": {
						"w": 629,
						"h": 225
					},
					"spriteSourceSize": {
						"x": 96,
						"y": 27,
						"w": 525,
						"h": 191
					},
					"frame": {
						"x": 547,
						"y": 1,
						"w": 525,
						"h": 191
					}
				},
				{
					"filename": "final_golf_win10008.png",
					"rotated": false,
					"trimmed": true,
					"sourceSize": {
						"w": 629,
						"h": 225
					},
					"spriteSourceSize": {
						"x": 113,
						"y": 27,
						"w": 508,
						"h": 191
					},
					"frame": {
						"x": 1074,
						"y": 1,
						"w": 508,
						"h": 191
					}
				},
				{
					"filename": "final_golf_win10031.png",
					"rotated": false,
					"trimmed": true,
					"sourceSize": {
						"w": 629,
						"h": 225
					},
					"spriteSourceSize": {
						"x": 337,
						"y": 27,
						"w": 284,
						"h": 191
					},
					"frame": {
						"x": 1584,
						"y": 1,
						"w": 284,
						"h": 191
					}
				},
				{
					"filename": "final_golf_win10009.png",
					"rotated": false,
					"trimmed": true,
					"sourceSize": {
						"w": 629,
						"h": 225
					},
					"spriteSourceSize": {
						"x": 129,
						"y": 27,
						"w": 492,
						"h": 191
					},
					"frame": {
						"x": 1,
						"y": 194,
						"w": 492,
						"h": 191
					}
				},
				{
					"filename": "final_golf_win10010.png",
					"rotated": false,
					"trimmed": true,
					"sourceSize": {
						"w": 629,
						"h": 225
					},
					"spriteSourceSize": {
						"x": 142,
						"y": 27,
						"w": 479,
						"h": 191
					},
					"frame": {
						"x": 495,
						"y": 194,
						"w": 479,
						"h": 191
					}
				},
				{
					"filename": "final_golf_win10011.png",
					"rotated": false,
					"trimmed": true,
					"sourceSize": {
						"w": 629,
						"h": 225
					},
					"spriteSourceSize": {
						"x": 153,
						"y": 27,
						"w": 468,
						"h": 191
					},
					"frame": {
						"x": 976,
						"y": 194,
						"w": 468,
						"h": 191
					}
				},
				{
					"filename": "final_golf_win10017.png",
					"rotated": false,
					"trimmed": true,
					"sourceSize": {
						"w": 629,
						"h": 225
					},
					"spriteSourceSize": {
						"x": 202,
						"y": 27,
						"w": 419,
						"h": 191
					},
					"frame": {
						"x": 1446,
						"y": 194,
						"w": 419,
						"h": 191
					}
				},
				{
					"filename": "final_golf_win10012.png",
					"rotated": false,
					"trimmed": true,
					"sourceSize": {
						"w": 629,
						"h": 225
					},
					"spriteSourceSize": {
						"x": 161,
						"y": 27,
						"w": 460,
						"h": 191
					},
					"frame": {
						"x": 1,
						"y": 387,
						"w": 460,
						"h": 191
					}
				},
				{
					"filename": "final_golf_win10013.png",
					"rotated": false,
					"trimmed": true,
					"sourceSize": {
						"w": 629,
						"h": 225
					},
					"spriteSourceSize": {
						"x": 168,
						"y": 27,
						"w": 453,
						"h": 191
					},
					"frame": {
						"x": 463,
						"y": 387,
						"w": 453,
						"h": 191
					}
				},
				{
					"filename": "final_golf_win10014.png",
					"rotated": false,
					"trimmed": true,
					"sourceSize": {
						"w": 629,
						"h": 225
					},
					"spriteSourceSize": {
						"x": 176,
						"y": 27,
						"w": 445,
						"h": 191
					},
					"frame": {
						"x": 918,
						"y": 387,
						"w": 445,
						"h": 191
					}
				},
				{
					"filename": "final_golf_win10015.png",
					"rotated": false,
					"trimmed": true,
					"sourceSize": {
						"w": 629,
						"h": 225
					},
					"spriteSourceSize": {
						"x": 184,
						"y": 27,
						"w": 437,
						"h": 191
					},
					"frame": {
						"x": 1365,
						"y": 387,
						"w": 437,
						"h": 191
					}
				},
				{
					"filename": "final_golf_win10049.png",
					"rotated": false,
					"trimmed": true,
					"sourceSize": {
						"w": 629,
						"h": 225
					},
					"spriteSourceSize": {
						"x": 551,
						"y": 27,
						"w": 70,
						"h": 191
					},
					"frame": {
						"x": 1804,
						"y": 387,
						"w": 70,
						"h": 191
					}
				},
				{
					"filename": "final_golf_win10016.png",
					"rotated": false,
					"trimmed": true,
					"sourceSize": {
						"w": 629,
						"h": 225
					},
					"spriteSourceSize": {
						"x": 192,
						"y": 27,
						"w": 429,
						"h": 191
					},
					"frame": {
						"x": 1,
						"y": 580,
						"w": 429,
						"h": 191
					}
				},
				{
					"filename": "final_golf_win10018.png",
					"rotated": false,
					"trimmed": true,
					"sourceSize": {
						"w": 629,
						"h": 225
					},
					"spriteSourceSize": {
						"x": 212,
						"y": 27,
						"w": 409,
						"h": 191
					},
					"frame": {
						"x": 432,
						"y": 580,
						"w": 409,
						"h": 191
					}
				},
				{
					"filename": "final_golf_win10019.png",
					"rotated": false,
					"trimmed": true,
					"sourceSize": {
						"w": 629,
						"h": 225
					},
					"spriteSourceSize": {
						"x": 224,
						"y": 27,
						"w": 397,
						"h": 191
					},
					"frame": {
						"x": 843,
						"y": 580,
						"w": 397,
						"h": 191
					}
				},
				{
					"filename": "final_golf_win10020.png",
					"rotated": false,
					"trimmed": true,
					"sourceSize": {
						"w": 629,
						"h": 225
					},
					"spriteSourceSize": {
						"x": 237,
						"y": 27,
						"w": 384,
						"h": 191
					},
					"frame": {
						"x": 1242,
						"y": 580,
						"w": 384,
						"h": 191
					}
				},
				{
					"filename": "final_golf_win10035.png",
					"rotated": false,
					"trimmed": true,
					"sourceSize": {
						"w": 629,
						"h": 225
					},
					"spriteSourceSize": {
						"x": 385,
						"y": 27,
						"w": 236,
						"h": 191
					},
					"frame": {
						"x": 1628,
						"y": 580,
						"w": 236,
						"h": 191
					}
				},
				{
					"filename": "final_golf_win10021.png",
					"rotated": false,
					"trimmed": true,
					"sourceSize": {
						"w": 629,
						"h": 225
					},
					"spriteSourceSize": {
						"x": 252,
						"y": 27,
						"w": 369,
						"h": 191
					},
					"frame": {
						"x": 1,
						"y": 773,
						"w": 369,
						"h": 191
					}
				},
				{
					"filename": "final_golf_win10022.png",
					"rotated": false,
					"trimmed": true,
					"sourceSize": {
						"w": 629,
						"h": 225
					},
					"spriteSourceSize": {
						"x": 267,
						"y": 27,
						"w": 354,
						"h": 191
					},
					"frame": {
						"x": 372,
						"y": 773,
						"w": 354,
						"h": 191
					}
				},
				{
					"filename": "final_golf_win10023.png",
					"rotated": false,
					"trimmed": true,
					"sourceSize": {
						"w": 629,
						"h": 225
					},
					"spriteSourceSize": {
						"x": 279,
						"y": 27,
						"w": 342,
						"h": 191
					},
					"frame": {
						"x": 728,
						"y": 773,
						"w": 342,
						"h": 191
					}
				},
				{
					"filename": "final_golf_win10024.png",
					"rotated": false,
					"trimmed": true,
					"sourceSize": {
						"w": 629,
						"h": 225
					},
					"spriteSourceSize": {
						"x": 289,
						"y": 27,
						"w": 332,
						"h": 191
					},
					"frame": {
						"x": 1072,
						"y": 773,
						"w": 332,
						"h": 191
					}
				},
				{
					"filename": "final_golf_win10025.png",
					"rotated": false,
					"trimmed": true,
					"sourceSize": {
						"w": 629,
						"h": 225
					},
					"spriteSourceSize": {
						"x": 298,
						"y": 27,
						"w": 323,
						"h": 191
					},
					"frame": {
						"x": 1406,
						"y": 773,
						"w": 323,
						"h": 191
					}
				},
				{
					"filename": "final_golf_win10044.png",
					"rotated": false,
					"trimmed": true,
					"sourceSize": {
						"w": 629,
						"h": 225
					},
					"spriteSourceSize": {
						"x": 487,
						"y": 27,
						"w": 134,
						"h": 191
					},
					"frame": {
						"x": 1731,
						"y": 773,
						"w": 134,
						"h": 191
					}
				},
				{
					"filename": "final_golf_win10026.png",
					"rotated": false,
					"trimmed": true,
					"sourceSize": {
						"w": 629,
						"h": 225
					},
					"spriteSourceSize": {
						"x": 304,
						"y": 27,
						"w": 317,
						"h": 191
					},
					"frame": {
						"x": 1,
						"y": 966,
						"w": 317,
						"h": 191
					}
				},
				{
					"filename": "final_golf_win10027.png",
					"rotated": false,
					"trimmed": true,
					"sourceSize": {
						"w": 629,
						"h": 225
					},
					"spriteSourceSize": {
						"x": 310,
						"y": 27,
						"w": 311,
						"h": 191
					},
					"frame": {
						"x": 320,
						"y": 966,
						"w": 311,
						"h": 191
					}
				},
				{
					"filename": "final_golf_win10028.png",
					"rotated": false,
					"trimmed": true,
					"sourceSize": {
						"w": 629,
						"h": 225
					},
					"spriteSourceSize": {
						"x": 316,
						"y": 27,
						"w": 305,
						"h": 191
					},
					"frame": {
						"x": 633,
						"y": 966,
						"w": 305,
						"h": 191
					}
				},
				{
					"filename": "final_golf_win10029.png",
					"rotated": false,
					"trimmed": true,
					"sourceSize": {
						"w": 629,
						"h": 225
					},
					"spriteSourceSize": {
						"x": 321,
						"y": 27,
						"w": 300,
						"h": 191
					},
					"frame": {
						"x": 940,
						"y": 966,
						"w": 300,
						"h": 191
					}
				},
				{
					"filename": "final_golf_win10030.png",
					"rotated": false,
					"trimmed": true,
					"sourceSize": {
						"w": 629,
						"h": 225
					},
					"spriteSourceSize": {
						"x": 328,
						"y": 27,
						"w": 293,
						"h": 191
					},
					"frame": {
						"x": 1242,
						"y": 966,
						"w": 293,
						"h": 191
					}
				},
				{
					"filename": "final_golf_win10032.png",
					"rotated": false,
					"trimmed": true,
					"sourceSize": {
						"w": 629,
						"h": 225
					},
					"spriteSourceSize": {
						"x": 346,
						"y": 27,
						"w": 275,
						"h": 191
					},
					"frame": {
						"x": 1537,
						"y": 966,
						"w": 275,
						"h": 191
					}
				},
				{
					"filename": "final_golf_win10050.png",
					"rotated": false,
					"trimmed": true,
					"sourceSize": {
						"w": 629,
						"h": 225
					},
					"spriteSourceSize": {
						"x": 565,
						"y": 27,
						"w": 56,
						"h": 191
					},
					"frame": {
						"x": 1814,
						"y": 966,
						"w": 56,
						"h": 191
					}
				},
				{
					"filename": "final_golf_win10033.png",
					"rotated": false,
					"trimmed": true,
					"sourceSize": {
						"w": 629,
						"h": 225
					},
					"spriteSourceSize": {
						"x": 357,
						"y": 27,
						"w": 264,
						"h": 191
					},
					"frame": {
						"x": 1,
						"y": 1159,
						"w": 264,
						"h": 191
					}
				},
				{
					"filename": "final_golf_win10034.png",
					"rotated": false,
					"trimmed": true,
					"sourceSize": {
						"w": 629,
						"h": 225
					},
					"spriteSourceSize": {
						"x": 370,
						"y": 27,
						"w": 251,
						"h": 191
					},
					"frame": {
						"x": 267,
						"y": 1159,
						"w": 251,
						"h": 191
					}
				},
				{
					"filename": "final_golf_win10036.png",
					"rotated": false,
					"trimmed": true,
					"sourceSize": {
						"w": 629,
						"h": 225
					},
					"spriteSourceSize": {
						"x": 400,
						"y": 27,
						"w": 221,
						"h": 191
					},
					"frame": {
						"x": 520,
						"y": 1159,
						"w": 221,
						"h": 191
					}
				},
				{
					"filename": "final_golf_win10037.png",
					"rotated": false,
					"trimmed": true,
					"sourceSize": {
						"w": 629,
						"h": 225
					},
					"spriteSourceSize": {
						"x": 414,
						"y": 27,
						"w": 207,
						"h": 191
					},
					"frame": {
						"x": 743,
						"y": 1159,
						"w": 207,
						"h": 191
					}
				},
				{
					"filename": "final_golf_win10038.png",
					"rotated": false,
					"trimmed": true,
					"sourceSize": {
						"w": 629,
						"h": 225
					},
					"spriteSourceSize": {
						"x": 427,
						"y": 27,
						"w": 194,
						"h": 191
					},
					"frame": {
						"x": 952,
						"y": 1159,
						"w": 194,
						"h": 191
					}
				},
				{
					"filename": "final_golf_win10039.png",
					"rotated": false,
					"trimmed": true,
					"sourceSize": {
						"w": 629,
						"h": 225
					},
					"spriteSourceSize": {
						"x": 437,
						"y": 27,
						"w": 184,
						"h": 191
					},
					"frame": {
						"x": 1148,
						"y": 1159,
						"w": 184,
						"h": 191
					}
				},
				{
					"filename": "final_golf_win10040.png",
					"rotated": false,
					"trimmed": true,
					"sourceSize": {
						"w": 629,
						"h": 225
					},
					"spriteSourceSize": {
						"x": 446,
						"y": 27,
						"w": 175,
						"h": 191
					},
					"frame": {
						"x": 1334,
						"y": 1159,
						"w": 175,
						"h": 191
					}
				},
				{
					"filename": "final_golf_win10041.png",
					"rotated": false,
					"trimmed": true,
					"sourceSize": {
						"w": 629,
						"h": 225
					},
					"spriteSourceSize": {
						"x": 454,
						"y": 27,
						"w": 167,
						"h": 191
					},
					"frame": {
						"x": 1511,
						"y": 1159,
						"w": 167,
						"h": 191
					}
				},
				{
					"filename": "final_golf_win10042.png",
					"rotated": false,
					"trimmed": true,
					"sourceSize": {
						"w": 629,
						"h": 225
					},
					"spriteSourceSize": {
						"x": 463,
						"y": 27,
						"w": 158,
						"h": 191
					},
					"frame": {
						"x": 1680,
						"y": 1159,
						"w": 158,
						"h": 191
					}
				},
				{
					"filename": "final_golf_win10043.png",
					"rotated": false,
					"trimmed": true,
					"sourceSize": {
						"w": 629,
						"h": 225
					},
					"spriteSourceSize": {
						"x": 474,
						"y": 27,
						"w": 147,
						"h": 191
					},
					"frame": {
						"x": 1,
						"y": 1352,
						"w": 147,
						"h": 191
					}
				},
				{
					"filename": "final_golf_win10045.png",
					"rotated": false,
					"trimmed": true,
					"sourceSize": {
						"w": 629,
						"h": 225
					},
					"spriteSourceSize": {
						"x": 502,
						"y": 27,
						"w": 119,
						"h": 191
					},
					"frame": {
						"x": 150,
						"y": 1352,
						"w": 119,
						"h": 191
					}
				},
				{
					"filename": "final_golf_win10046.png",
					"rotated": false,
					"trimmed": true,
					"sourceSize": {
						"w": 629,
						"h": 225
					},
					"spriteSourceSize": {
						"x": 516,
						"y": 27,
						"w": 105,
						"h": 191
					},
					"frame": {
						"x": 271,
						"y": 1352,
						"w": 105,
						"h": 191
					}
				},
				{
					"filename": "final_golf_win10047.png",
					"rotated": false,
					"trimmed": true,
					"sourceSize": {
						"w": 629,
						"h": 225
					},
					"spriteSourceSize": {
						"x": 528,
						"y": 27,
						"w": 93,
						"h": 191
					},
					"frame": {
						"x": 378,
						"y": 1352,
						"w": 93,
						"h": 191
					}
				},
				{
					"filename": "final_golf_win10048.png",
					"rotated": false,
					"trimmed": true,
					"sourceSize": {
						"w": 629,
						"h": 225
					},
					"spriteSourceSize": {
						"x": 538,
						"y": 27,
						"w": 83,
						"h": 191
					},
					"frame": {
						"x": 473,
						"y": 1352,
						"w": 83,
						"h": 191
					}
				},
				{
					"filename": "final_golf_win10051.png",
					"rotated": false,
					"trimmed": true,
					"sourceSize": {
						"w": 629,
						"h": 225
					},
					"spriteSourceSize": {
						"x": 567,
						"y": 27,
						"w": 54,
						"h": 191
					},
					"frame": {
						"x": 558,
						"y": 1352,
						"w": 54,
						"h": 191
					}
				},
				{
					"filename": "final_golf_win10052.png",
					"rotated": false,
					"trimmed": true,
					"sourceSize": {
						"w": 629,
						"h": 225
					},
					"spriteSourceSize": {
						"x": 567,
						"y": 27,
						"w": 54,
						"h": 191
					},
					"frame": {
						"x": 614,
						"y": 1352,
						"w": 54,
						"h": 191
					}
				},
				{
					"filename": "final_golf_win10053.png",
					"rotated": false,
					"trimmed": true,
					"sourceSize": {
						"w": 629,
						"h": 225
					},
					"spriteSourceSize": {
						"x": 567,
						"y": 27,
						"w": 54,
						"h": 191
					},
					"frame": {
						"x": 614,
						"y": 1352,
						"w": 54,
						"h": 191
					}
				},
				{
					"filename": "final_golf_win10054.png",
					"rotated": false,
					"trimmed": true,
					"sourceSize": {
						"w": 629,
						"h": 225
					},
					"spriteSourceSize": {
						"x": 567,
						"y": 27,
						"w": 54,
						"h": 191
					},
					"frame": {
						"x": 670,
						"y": 1352,
						"w": 54,
						"h": 191
					}
				},
				{
					"filename": "final_golf_win10055.png",
					"rotated": false,
					"trimmed": true,
					"sourceSize": {
						"w": 629,
						"h": 225
					},
					"spriteSourceSize": {
						"x": 567,
						"y": 27,
						"w": 54,
						"h": 191
					},
					"frame": {
						"x": 670,
						"y": 1352,
						"w": 54,
						"h": 191
					}
				},
				{
					"filename": "final_golf_win10056.png",
					"rotated": false,
					"trimmed": true,
					"sourceSize": {
						"w": 629,
						"h": 225
					},
					"spriteSourceSize": {
						"x": 567,
						"y": 27,
						"w": 54,
						"h": 191
					},
					"frame": {
						"x": 670,
						"y": 1352,
						"w": 54,
						"h": 191
					}
				},
				{
					"filename": "final_golf_win10057.png",
					"rotated": false,
					"trimmed": true,
					"sourceSize": {
						"w": 629,
						"h": 225
					},
					"spriteSourceSize": {
						"x": 567,
						"y": 27,
						"w": 54,
						"h": 191
					},
					"frame": {
						"x": 670,
						"y": 1352,
						"w": 54,
						"h": 191
					}
				},
				{
					"filename": "final_golf_win10058.png",
					"rotated": false,
					"trimmed": true,
					"sourceSize": {
						"w": 629,
						"h": 225
					},
					"spriteSourceSize": {
						"x": 567,
						"y": 27,
						"w": 54,
						"h": 191
					},
					"frame": {
						"x": 670,
						"y": 1352,
						"w": 54,
						"h": 191
					}
				},
				{
					"filename": "final_golf_win10059.png",
					"rotated": false,
					"trimmed": true,
					"sourceSize": {
						"w": 629,
						"h": 225
					},
					"spriteSourceSize": {
						"x": 567,
						"y": 27,
						"w": 54,
						"h": 191
					},
					"frame": {
						"x": 670,
						"y": 1352,
						"w": 54,
						"h": 191
					}
				},
				{
					"filename": "final_golf_win10060.png",
					"rotated": false,
					"trimmed": true,
					"sourceSize": {
						"w": 629,
						"h": 225
					},
					"spriteSourceSize": {
						"x": 567,
						"y": 27,
						"w": 54,
						"h": 191
					},
					"frame": {
						"x": 670,
						"y": 1352,
						"w": 54,
						"h": 191
					}
				},
				{
					"filename": "final_golf_win10061.png",
					"rotated": false,
					"trimmed": true,
					"sourceSize": {
						"w": 629,
						"h": 225
					},
					"spriteSourceSize": {
						"x": 567,
						"y": 27,
						"w": 54,
						"h": 191
					},
					"frame": {
						"x": 670,
						"y": 1352,
						"w": 54,
						"h": 191
					}
				},
				{
					"filename": "final_golf_win10062.png",
					"rotated": false,
					"trimmed": true,
					"sourceSize": {
						"w": 629,
						"h": 225
					},
					"spriteSourceSize": {
						"x": 567,
						"y": 27,
						"w": 54,
						"h": 191
					},
					"frame": {
						"x": 670,
						"y": 1352,
						"w": 54,
						"h": 191
					}
				},
				{
					"filename": "final_golf_win10063.png",
					"rotated": false,
					"trimmed": true,
					"sourceSize": {
						"w": 629,
						"h": 225
					},
					"spriteSourceSize": {
						"x": 567,
						"y": 27,
						"w": 54,
						"h": 191
					},
					"frame": {
						"x": 670,
						"y": 1352,
						"w": 54,
						"h": 191
					}
				},
				{
					"filename": "final_golf_win10064.png",
					"rotated": false,
					"trimmed": true,
					"sourceSize": {
						"w": 629,
						"h": 225
					},
					"spriteSourceSize": {
						"x": 567,
						"y": 27,
						"w": 54,
						"h": 191
					},
					"frame": {
						"x": 670,
						"y": 1352,
						"w": 54,
						"h": 191
					}
				},
				{
					"filename": "final_golf_win10065.png",
					"rotated": false,
					"trimmed": true,
					"sourceSize": {
						"w": 629,
						"h": 225
					},
					"spriteSourceSize": {
						"x": 567,
						"y": 27,
						"w": 54,
						"h": 191
					},
					"frame": {
						"x": 670,
						"y": 1352,
						"w": 54,
						"h": 191
					}
				},
				{
					"filename": "final_golf_win10066.png",
					"rotated": false,
					"trimmed": true,
					"sourceSize": {
						"w": 629,
						"h": 225
					},
					"spriteSourceSize": {
						"x": 567,
						"y": 27,
						"w": 54,
						"h": 191
					},
					"frame": {
						"x": 670,
						"y": 1352,
						"w": 54,
						"h": 191
					}
				},
				{
					"filename": "final_golf_win10067.png",
					"rotated": false,
					"trimmed": true,
					"sourceSize": {
						"w": 629,
						"h": 225
					},
					"spriteSourceSize": {
						"x": 567,
						"y": 27,
						"w": 54,
						"h": 191
					},
					"frame": {
						"x": 670,
						"y": 1352,
						"w": 54,
						"h": 191
					}
				},
				{
					"filename": "final_golf_win10068.png",
					"rotated": false,
					"trimmed": true,
					"sourceSize": {
						"w": 629,
						"h": 225
					},
					"spriteSourceSize": {
						"x": 567,
						"y": 27,
						"w": 54,
						"h": 191
					},
					"frame": {
						"x": 670,
						"y": 1352,
						"w": 54,
						"h": 191
					}
				},
				{
					"filename": "final_golf_win10069.png",
					"rotated": false,
					"trimmed": true,
					"sourceSize": {
						"w": 629,
						"h": 225
					},
					"spriteSourceSize": {
						"x": 567,
						"y": 27,
						"w": 54,
						"h": 191
					},
					"frame": {
						"x": 670,
						"y": 1352,
						"w": 54,
						"h": 191
					}
				},
				{
					"filename": "final_golf_win10070.png",
					"rotated": false,
					"trimmed": true,
					"sourceSize": {
						"w": 629,
						"h": 225
					},
					"spriteSourceSize": {
						"x": 567,
						"y": 27,
						"w": 54,
						"h": 191
					},
					"frame": {
						"x": 670,
						"y": 1352,
						"w": 54,
						"h": 191
					}
				},
				{
					"filename": "final_golf_win10071.png",
					"rotated": false,
					"trimmed": true,
					"sourceSize": {
						"w": 629,
						"h": 225
					},
					"spriteSourceSize": {
						"x": 567,
						"y": 27,
						"w": 54,
						"h": 191
					},
					"frame": {
						"x": 670,
						"y": 1352,
						"w": 54,
						"h": 191
					}
				},
				{
					"filename": "final_golf_win10072.png",
					"rotated": false,
					"trimmed": true,
					"sourceSize": {
						"w": 629,
						"h": 225
					},
					"spriteSourceSize": {
						"x": 567,
						"y": 27,
						"w": 54,
						"h": 191
					},
					"frame": {
						"x": 670,
						"y": 1352,
						"w": 54,
						"h": 191
					}
				},
				{
					"filename": "final_golf_win10073.png",
					"rotated": false,
					"trimmed": true,
					"sourceSize": {
						"w": 629,
						"h": 225
					},
					"spriteSourceSize": {
						"x": 567,
						"y": 27,
						"w": 54,
						"h": 191
					},
					"frame": {
						"x": 670,
						"y": 1352,
						"w": 54,
						"h": 191
					}
				},
				{
					"filename": "final_golf_win10074.png",
					"rotated": false,
					"trimmed": true,
					"sourceSize": {
						"w": 629,
						"h": 225
					},
					"spriteSourceSize": {
						"x": 567,
						"y": 27,
						"w": 54,
						"h": 191
					},
					"frame": {
						"x": 670,
						"y": 1352,
						"w": 54,
						"h": 191
					}
				},
				{
					"filename": "final_golf_win10075.png",
					"rotated": false,
					"trimmed": true,
					"sourceSize": {
						"w": 629,
						"h": 225
					},
					"spriteSourceSize": {
						"x": 567,
						"y": 27,
						"w": 54,
						"h": 191
					},
					"frame": {
						"x": 670,
						"y": 1352,
						"w": 54,
						"h": 191
					}
				},
				{
					"filename": "final_golf_win10076.png",
					"rotated": false,
					"trimmed": true,
					"sourceSize": {
						"w": 629,
						"h": 225
					},
					"spriteSourceSize": {
						"x": 567,
						"y": 27,
						"w": 54,
						"h": 191
					},
					"frame": {
						"x": 670,
						"y": 1352,
						"w": 54,
						"h": 191
					}
				},
				{
					"filename": "final_golf_win10077.png",
					"rotated": false,
					"trimmed": true,
					"sourceSize": {
						"w": 629,
						"h": 225
					},
					"spriteSourceSize": {
						"x": 567,
						"y": 27,
						"w": 54,
						"h": 191
					},
					"frame": {
						"x": 670,
						"y": 1352,
						"w": 54,
						"h": 191
					}
				},
				{
					"filename": "final_golf_win10078.png",
					"rotated": false,
					"trimmed": true,
					"sourceSize": {
						"w": 629,
						"h": 225
					},
					"spriteSourceSize": {
						"x": 567,
						"y": 27,
						"w": 54,
						"h": 191
					},
					"frame": {
						"x": 670,
						"y": 1352,
						"w": 54,
						"h": 191
					}
				},
				{
					"filename": "final_golf_win10079.png",
					"rotated": false,
					"trimmed": true,
					"sourceSize": {
						"w": 629,
						"h": 225
					},
					"spriteSourceSize": {
						"x": 567,
						"y": 27,
						"w": 54,
						"h": 191
					},
					"frame": {
						"x": 670,
						"y": 1352,
						"w": 54,
						"h": 191
					}
				},
				{
					"filename": "final_golf_win10080.png",
					"rotated": false,
					"trimmed": true,
					"sourceSize": {
						"w": 629,
						"h": 225
					},
					"spriteSourceSize": {
						"x": 567,
						"y": 27,
						"w": 54,
						"h": 191
					},
					"frame": {
						"x": 670,
						"y": 1352,
						"w": 54,
						"h": 191
					}
				},
				{
					"filename": "final_golf_win10081.png",
					"rotated": false,
					"trimmed": true,
					"sourceSize": {
						"w": 629,
						"h": 225
					},
					"spriteSourceSize": {
						"x": 567,
						"y": 27,
						"w": 54,
						"h": 191
					},
					"frame": {
						"x": 670,
						"y": 1352,
						"w": 54,
						"h": 191
					}
				},
				{
					"filename": "final_golf_win10082.png",
					"rotated": false,
					"trimmed": true,
					"sourceSize": {
						"w": 629,
						"h": 225
					},
					"spriteSourceSize": {
						"x": 567,
						"y": 27,
						"w": 54,
						"h": 191
					},
					"frame": {
						"x": 670,
						"y": 1352,
						"w": 54,
						"h": 191
					}
				},
				{
					"filename": "final_golf_win10083.png",
					"rotated": false,
					"trimmed": true,
					"sourceSize": {
						"w": 629,
						"h": 225
					},
					"spriteSourceSize": {
						"x": 567,
						"y": 27,
						"w": 54,
						"h": 191
					},
					"frame": {
						"x": 670,
						"y": 1352,
						"w": 54,
						"h": 191
					}
				},
				{
					"filename": "final_golf_win10084.png",
					"rotated": false,
					"trimmed": true,
					"sourceSize": {
						"w": 629,
						"h": 225
					},
					"spriteSourceSize": {
						"x": 567,
						"y": 27,
						"w": 54,
						"h": 191
					},
					"frame": {
						"x": 670,
						"y": 1352,
						"w": 54,
						"h": 191
					}
				},
				{
					"filename": "final_golf_win10085.png",
					"rotated": false,
					"trimmed": true,
					"sourceSize": {
						"w": 629,
						"h": 225
					},
					"spriteSourceSize": {
						"x": 567,
						"y": 27,
						"w": 54,
						"h": 191
					},
					"frame": {
						"x": 670,
						"y": 1352,
						"w": 54,
						"h": 191
					}
				},
				{
					"filename": "final_golf_win10086.png",
					"rotated": false,
					"trimmed": true,
					"sourceSize": {
						"w": 629,
						"h": 225
					},
					"spriteSourceSize": {
						"x": 567,
						"y": 27,
						"w": 54,
						"h": 191
					},
					"frame": {
						"x": 670,
						"y": 1352,
						"w": 54,
						"h": 191
					}
				},
				{
					"filename": "final_golf_win10087.png",
					"rotated": false,
					"trimmed": true,
					"sourceSize": {
						"w": 629,
						"h": 225
					},
					"spriteSourceSize": {
						"x": 567,
						"y": 27,
						"w": 54,
						"h": 191
					},
					"frame": {
						"x": 670,
						"y": 1352,
						"w": 54,
						"h": 191
					}
				},
				{
					"filename": "final_golf_win10088.png",
					"rotated": false,
					"trimmed": true,
					"sourceSize": {
						"w": 629,
						"h": 225
					},
					"spriteSourceSize": {
						"x": 567,
						"y": 27,
						"w": 54,
						"h": 191
					},
					"frame": {
						"x": 670,
						"y": 1352,
						"w": 54,
						"h": 191
					}
				},
				{
					"filename": "final_golf_win10089.png",
					"rotated": false,
					"trimmed": true,
					"sourceSize": {
						"w": 629,
						"h": 225
					},
					"spriteSourceSize": {
						"x": 567,
						"y": 27,
						"w": 54,
						"h": 191
					},
					"frame": {
						"x": 670,
						"y": 1352,
						"w": 54,
						"h": 191
					}
				},
				{
					"filename": "final_golf_win10090.png",
					"rotated": false,
					"trimmed": true,
					"sourceSize": {
						"w": 629,
						"h": 225
					},
					"spriteSourceSize": {
						"x": 567,
						"y": 27,
						"w": 54,
						"h": 191
					},
					"frame": {
						"x": 670,
						"y": 1352,
						"w": 54,
						"h": 191
					}
				},
				{
					"filename": "final_golf_win10091.png",
					"rotated": false,
					"trimmed": true,
					"sourceSize": {
						"w": 629,
						"h": 225
					},
					"spriteSourceSize": {
						"x": 567,
						"y": 27,
						"w": 54,
						"h": 191
					},
					"frame": {
						"x": 670,
						"y": 1352,
						"w": 54,
						"h": 191
					}
				},
				{
					"filename": "final_golf_win10092.png",
					"rotated": false,
					"trimmed": true,
					"sourceSize": {
						"w": 629,
						"h": 225
					},
					"spriteSourceSize": {
						"x": 567,
						"y": 27,
						"w": 54,
						"h": 191
					},
					"frame": {
						"x": 670,
						"y": 1352,
						"w": 54,
						"h": 191
					}
				},
				{
					"filename": "final_golf_win10093.png",
					"rotated": false,
					"trimmed": true,
					"sourceSize": {
						"w": 629,
						"h": 225
					},
					"spriteSourceSize": {
						"x": 567,
						"y": 27,
						"w": 54,
						"h": 191
					},
					"frame": {
						"x": 670,
						"y": 1352,
						"w": 54,
						"h": 191
					}
				},
				{
					"filename": "final_golf_win10094.png",
					"rotated": false,
					"trimmed": true,
					"sourceSize": {
						"w": 629,
						"h": 225
					},
					"spriteSourceSize": {
						"x": 567,
						"y": 27,
						"w": 54,
						"h": 191
					},
					"frame": {
						"x": 670,
						"y": 1352,
						"w": 54,
						"h": 191
					}
				},
				{
					"filename": "final_golf_win10095.png",
					"rotated": false,
					"trimmed": true,
					"sourceSize": {
						"w": 629,
						"h": 225
					},
					"spriteSourceSize": {
						"x": 567,
						"y": 27,
						"w": 54,
						"h": 191
					},
					"frame": {
						"x": 670,
						"y": 1352,
						"w": 54,
						"h": 191
					}
				},
				{
					"filename": "final_golf_win10005.png",
					"rotated": false,
					"trimmed": true,
					"sourceSize": {
						"w": 629,
						"h": 225
					},
					"spriteSourceSize": {
						"x": 59,
						"y": 16,
						"w": 562,
						"h": 202
					},
					"frame": {
						"x": 726,
						"y": 1352,
						"w": 562,
						"h": 202
					}
				},
				{
					"filename": "final_golf_win10004.png",
					"rotated": false,
					"trimmed": true,
					"sourceSize": {
						"w": 629,
						"h": 225
					},
					"spriteSourceSize": {
						"x": 41,
						"y": 9,
						"w": 580,
						"h": 209
					},
					"frame": {
						"x": 1290,
						"y": 1352,
						"w": 580,
						"h": 209
					}
				},
				{
					"filename": "final_golf_win10003.png",
					"rotated": false,
					"trimmed": true,
					"sourceSize": {
						"w": 629,
						"h": 225
					},
					"spriteSourceSize": {
						"x": 25,
						"y": 4,
						"w": 596,
						"h": 214
					},
					"frame": {
						"x": 1,
						"y": 1545,
						"w": 596,
						"h": 214
					}
				},
				{
					"filename": "final_golf_win10002.png",
					"rotated": false,
					"trimmed": true,
					"sourceSize": {
						"w": 629,
						"h": 225
					},
					"spriteSourceSize": {
						"x": 11,
						"y": 1,
						"w": 610,
						"h": 217
					},
					"frame": {
						"x": 599,
						"y": 1556,
						"w": 610,
						"h": 217
					}
				},
				{
					"filename": "final_golf_win10001.png",
					"rotated": false,
					"trimmed": true,
					"sourceSize": {
						"w": 629,
						"h": 225
					},
					"spriteSourceSize": {
						"x": 0,
						"y": 0,
						"w": 621,
						"h": 218
					},
					"frame": {
						"x": 1211,
						"y": 1563,
						"w": 621,
						"h": 218
					}
				}
			]
		}
	],
	"meta": {
		"app": "https://www.codeandweb.com/texturepacker",
		"version": "3.0",
		"smartupdate": "$TexturePacker:SmartUpdate:e4103d4f676c01e896aad35ffcfe1030:e4988fd49715bcb0a0aa65c2d3d442fc:4ebc6dae662195ef6837d2d4079be915$"
	}
}
