{
	"textures": [
		{
			"image": "pajaroto.png",
			"format": "RGBA8888",
			"size": {
				"w": 1854,
				"h": 2027
			},
			"scale": 1,
			"frames": [
				{
					"filename": "pajaroto0011.png",
					"rotated": false,
					"trimmed": true,
					"sourceSize": {
						"w": 828,
						"h": 476
					},
					"spriteSourceSize": {
						"x": 0,
						"y": 0,
						"w": 777,
						"h": 476
					},
					"frame": {
						"x": 1,
						"y": 1,
						"w": 777,
						"h": 476
					}
				},
				{
					"filename": "pajaroto0012.png",
					"rotated": false,
					"trimmed": true,
					"sourceSize": {
						"w": 828,
						"h": 476
					},
					"spriteSourceSize": {
						"x": 53,
						"y": 17,
						"w": 724,
						"h": 459
					},
					"frame": {
						"x": 780,
						"y": 1,
						"w": 724,
						"h": 459
					}
				},
				{
					"filename": "pajaroto0019.png",
					"rotated": false,
					"trimmed": true,
					"sourceSize": {
						"w": 828,
						"h": 476
					},
					"spriteSourceSize": {
						"x": 430,
						"y": 148,
						"w": 347,
						"h": 328
					},
					"frame": {
						"x": 1506,
						"y": 1,
						"w": 347,
						"h": 328
					}
				},
				{
					"filename": "pajaroto0030.png",
					"rotated": false,
					"trimmed": true,
					"sourceSize": {
						"w": 828,
						"h": 476
					},
					"spriteSourceSize": {
						"x": 533,
						"y": 0,
						"w": 295,
						"h": 476
					},
					"frame": {
						"x": 1506,
						"y": 331,
						"w": 295,
						"h": 476
					}
				},
				{
					"filename": "pajaroto0013.png",
					"rotated": false,
					"trimmed": true,
					"sourceSize": {
						"w": 828,
						"h": 476
					},
					"spriteSourceSize": {
						"x": 107,
						"y": 36,
						"w": 670,
						"h": 440
					},
					"frame": {
						"x": 780,
						"y": 462,
						"w": 670,
						"h": 440
					}
				},
				{
					"filename": "pajaroto0018.png",
					"rotated": false,
					"trimmed": true,
					"sourceSize": {
						"w": 828,
						"h": 476
					},
					"spriteSourceSize": {
						"x": 376,
						"y": 130,
						"w": 401,
						"h": 346
					},
					"frame": {
						"x": 1452,
						"y": 809,
						"w": 401,
						"h": 346
					}
				},
				{
					"filename": "pajaroto0014.png",
					"rotated": false,
					"trimmed": true,
					"sourceSize": {
						"w": 828,
						"h": 476
					},
					"spriteSourceSize": {
						"x": 160,
						"y": 55,
						"w": 617,
						"h": 421
					},
					"frame": {
						"x": 1,
						"y": 479,
						"w": 617,
						"h": 421
					}
				},
				{
					"filename": "pajaroto0015.png",
					"rotated": false,
					"trimmed": true,
					"sourceSize": {
						"w": 828,
						"h": 476
					},
					"spriteSourceSize": {
						"x": 214,
						"y": 74,
						"w": 563,
						"h": 402
					},
					"frame": {
						"x": 1,
						"y": 902,
						"w": 563,
						"h": 402
					}
				},
				{
					"filename": "pajaroto0029.png",
					"rotated": false,
					"trimmed": true,
					"sourceSize": {
						"w": 828,
						"h": 476
					},
					"spriteSourceSize": {
						"x": 533,
						"y": 37,
						"w": 244,
						"h": 439
					},
					"frame": {
						"x": 1,
						"y": 1306,
						"w": 244,
						"h": 439
					}
				},
				{
					"filename": "pajaroto0022.png",
					"rotated": false,
					"trimmed": true,
					"sourceSize": {
						"w": 828,
						"h": 476
					},
					"spriteSourceSize": {
						"x": 533,
						"y": 197,
						"w": 244,
						"h": 279
					},
					"frame": {
						"x": 1,
						"y": 1747,
						"w": 244,
						"h": 279
					}
				},
				{
					"filename": "pajaroto0028.png",
					"rotated": false,
					"trimmed": true,
					"sourceSize": {
						"w": 828,
						"h": 476
					},
					"spriteSourceSize": {
						"x": 533,
						"y": 56,
						"w": 244,
						"h": 420
					},
					"frame": {
						"x": 247,
						"y": 1306,
						"w": 244,
						"h": 420
					}
				},
				{
					"filename": "pajaroto0021.png",
					"rotated": false,
					"trimmed": true,
					"sourceSize": {
						"w": 828,
						"h": 476
					},
					"spriteSourceSize": {
						"x": 533,
						"y": 186,
						"w": 244,
						"h": 290
					},
					"frame": {
						"x": 247,
						"y": 1728,
						"w": 244,
						"h": 290
					}
				},
				{
					"filename": "pajaroto0027.png",
					"rotated": false,
					"trimmed": true,
					"sourceSize": {
						"w": 828,
						"h": 476
					},
					"spriteSourceSize": {
						"x": 533,
						"y": 75,
						"w": 244,
						"h": 401
					},
					"frame": {
						"x": 493,
						"y": 1306,
						"w": 244,
						"h": 401
					}
				},
				{
					"filename": "pajaroto0020.png",
					"rotated": false,
					"trimmed": true,
					"sourceSize": {
						"w": 828,
						"h": 476
					},
					"spriteSourceSize": {
						"x": 484,
						"y": 167,
						"w": 293,
						"h": 309
					},
					"frame": {
						"x": 493,
						"y": 1709,
						"w": 293,
						"h": 309
					}
				},
				{
					"filename": "pajaroto0016.png",
					"rotated": false,
					"trimmed": true,
					"sourceSize": {
						"w": 828,
						"h": 476
					},
					"spriteSourceSize": {
						"x": 268,
						"y": 92,
						"w": 509,
						"h": 384
					},
					"frame": {
						"x": 566,
						"y": 904,
						"w": 509,
						"h": 384
					}
				},
				{
					"filename": "pajaroto0026.png",
					"rotated": false,
					"trimmed": true,
					"sourceSize": {
						"w": 828,
						"h": 476
					},
					"spriteSourceSize": {
						"x": 533,
						"y": 94,
						"w": 244,
						"h": 382
					},
					"frame": {
						"x": 739,
						"y": 1290,
						"w": 244,
						"h": 382
					}
				},
				{
					"filename": "pajaroto0024.png",
					"rotated": false,
					"trimmed": true,
					"sourceSize": {
						"w": 828,
						"h": 476
					},
					"spriteSourceSize": {
						"x": 533,
						"y": 149,
						"w": 244,
						"h": 327
					},
					"frame": {
						"x": 788,
						"y": 1674,
						"w": 244,
						"h": 327
					}
				},
				{
					"filename": "pajaroto0017.png",
					"rotated": false,
					"trimmed": true,
					"sourceSize": {
						"w": 828,
						"h": 476
					},
					"spriteSourceSize": {
						"x": 322,
						"y": 111,
						"w": 455,
						"h": 365
					},
					"frame": {
						"x": 985,
						"y": 1290,
						"w": 455,
						"h": 365
					}
				},
				{
					"filename": "pajaroto0025.png",
					"rotated": false,
					"trimmed": true,
					"sourceSize": {
						"w": 828,
						"h": 476
					},
					"spriteSourceSize": {
						"x": 533,
						"y": 121,
						"w": 244,
						"h": 355
					},
					"frame": {
						"x": 1034,
						"y": 1657,
						"w": 244,
						"h": 355
					}
				},
				{
					"filename": "pajaroto0023.png",
					"rotated": false,
					"trimmed": true,
					"sourceSize": {
						"w": 828,
						"h": 476
					},
					"spriteSourceSize": {
						"x": 533,
						"y": 177,
						"w": 244,
						"h": 299
					},
					"frame": {
						"x": 1280,
						"y": 1657,
						"w": 244,
						"h": 299
					}
				},
				{
					"filename": "pajaroto0010.png",
					"rotated": false,
					"trimmed": true,
					"sourceSize": {
						"w": 828,
						"h": 476
					},
					"spriteSourceSize": {
						"x": 533,
						"y": 193,
						"w": 244,
						"h": 283
					},
					"frame": {
						"x": 1526,
						"y": 1157,
						"w": 244,
						"h": 283
					}
				},
				{
					"filename": "pajaroto0007.png",
					"rotated": false,
					"trimmed": true,
					"sourceSize": {
						"w": 828,
						"h": 476
					},
					"spriteSourceSize": {
						"x": 533,
						"y": 195,
						"w": 244,
						"h": 281
					},
					"frame": {
						"x": 1526,
						"y": 1442,
						"w": 244,
						"h": 281
					}
				},
				{
					"filename": "pajaroto0008.png",
					"rotated": false,
					"trimmed": true,
					"sourceSize": {
						"w": 828,
						"h": 476
					},
					"spriteSourceSize": {
						"x": 533,
						"y": 195,
						"w": 244,
						"h": 281
					},
					"frame": {
						"x": 1526,
						"y": 1442,
						"w": 244,
						"h": 281
					}
				},
				{
					"filename": "pajaroto0009.png",
					"rotated": false,
					"trimmed": true,
					"sourceSize": {
						"w": 828,
						"h": 476
					},
					"spriteSourceSize": {
						"x": 533,
						"y": 195,
						"w": 244,
						"h": 281
					},
					"frame": {
						"x": 1526,
						"y": 1442,
						"w": 244,
						"h": 281
					}
				},
				{
					"filename": "pajaroto0001.png",
					"rotated": false,
					"trimmed": true,
					"sourceSize": {
						"w": 828,
						"h": 476
					},
					"spriteSourceSize": {
						"x": 533,
						"y": 196,
						"w": 244,
						"h": 280
					},
					"frame": {
						"x": 1526,
						"y": 1725,
						"w": 244,
						"h": 280
					}
				},
				{
					"filename": "pajaroto0002.png",
					"rotated": false,
					"trimmed": true,
					"sourceSize": {
						"w": 828,
						"h": 476
					},
					"spriteSourceSize": {
						"x": 533,
						"y": 196,
						"w": 244,
						"h": 280
					},
					"frame": {
						"x": 1526,
						"y": 1725,
						"w": 244,
						"h": 280
					}
				},
				{
					"filename": "pajaroto0003.png",
					"rotated": false,
					"trimmed": true,
					"sourceSize": {
						"w": 828,
						"h": 476
					},
					"spriteSourceSize": {
						"x": 533,
						"y": 196,
						"w": 244,
						"h": 280
					},
					"frame": {
						"x": 1526,
						"y": 1725,
						"w": 244,
						"h": 280
					}
				},
				{
					"filename": "pajaroto0004.png",
					"rotated": false,
					"trimmed": true,
					"sourceSize": {
						"w": 828,
						"h": 476
					},
					"spriteSourceSize": {
						"x": 533,
						"y": 196,
						"w": 244,
						"h": 280
					},
					"frame": {
						"x": 1077,
						"y": 904,
						"w": 244,
						"h": 280
					}
				},
				{
					"filename": "pajaroto0005.png",
					"rotated": false,
					"trimmed": true,
					"sourceSize": {
						"w": 828,
						"h": 476
					},
					"spriteSourceSize": {
						"x": 533,
						"y": 196,
						"w": 244,
						"h": 280
					},
					"frame": {
						"x": 1077,
						"y": 904,
						"w": 244,
						"h": 280
					}
				},
				{
					"filename": "pajaroto0006.png",
					"rotated": false,
					"trimmed": true,
					"sourceSize": {
						"w": 828,
						"h": 476
					},
					"spriteSourceSize": {
						"x": 533,
						"y": 196,
						"w": 244,
						"h": 280
					},
					"frame": {
						"x": 1077,
						"y": 904,
						"w": 244,
						"h": 280
					}
				}
			]
		}
	],
	"meta": {
		"app": "https://www.codeandweb.com/texturepacker",
		"version": "3.0",
		"smartupdate": "$TexturePacker:SmartUpdate:fd90d5fac079d60fae3ec76034cd2430:c4ccc7466774ca97aff3ac579b06c6ed:83af324f578ed867c345212f89fbfa87$"
	}
}
