{
	"textures": [
		{
			"image": "palmera.png",
			"format": "RGBA8888",
			"size": {
				"w": 2032,
				"h": 1006
			},
			"scale": 1,
			"frames": [
				{
					"filename": "palmera0001.png",
					"rotated": false,
					"trimmed": true,
					"sourceSize": {
						"w": 862,
						"h": 353
					},
					"spriteSourceSize": {
						"x": 368,
						"y": 0,
						"w": 494,
						"h": 347
					},
					"frame": {
						"x": 1,
						"y": 1,
						"w": 494,
						"h": 347
					}
				},
				{
					"filename": "palmera0024.png",
					"rotated": false,
					"trimmed": true,
					"sourceSize": {
						"w": 862,
						"h": 353
					},
					"spriteSourceSize": {
						"x": 0,
						"y": 22,
						"w": 476,
						"h": 325
					},
					"frame": {
						"x": 1,
						"y": 350,
						"w": 476,
						"h": 325
					}
				},
				{
					"filename": "palmera0002.png",
					"rotated": false,
					"trimmed": true,
					"sourceSize": {
						"w": 862,
						"h": 353
					},
					"spriteSourceSize": {
						"x": 368,
						"y": 19,
						"w": 452,
						"h": 328
					},
					"frame": {
						"x": 1,
						"y": 677,
						"w": 452,
						"h": 328
					}
				},
				{
					"filename": "palmera0023.png",
					"rotated": false,
					"trimmed": true,
					"sourceSize": {
						"w": 862,
						"h": 353
					},
					"spriteSourceSize": {
						"x": 41,
						"y": 36,
						"w": 435,
						"h": 311
					},
					"frame": {
						"x": 455,
						"y": 677,
						"w": 435,
						"h": 311
					}
				},
				{
					"filename": "palmera0003.png",
					"rotated": false,
					"trimmed": true,
					"sourceSize": {
						"w": 862,
						"h": 353
					},
					"spriteSourceSize": {
						"x": 368,
						"y": 39,
						"w": 409,
						"h": 308
					},
					"frame": {
						"x": 479,
						"y": 350,
						"w": 409,
						"h": 308
					}
				},
				{
					"filename": "palmera0022.png",
					"rotated": false,
					"trimmed": true,
					"sourceSize": {
						"w": 862,
						"h": 353
					},
					"spriteSourceSize": {
						"x": 83,
						"y": 51,
						"w": 393,
						"h": 296
					},
					"frame": {
						"x": 497,
						"y": 1,
						"w": 393,
						"h": 296
					}
				},
				{
					"filename": "palmera0004.png",
					"rotated": false,
					"trimmed": true,
					"sourceSize": {
						"w": 862,
						"h": 353
					},
					"spriteSourceSize": {
						"x": 368,
						"y": 59,
						"w": 366,
						"h": 288
					},
					"frame": {
						"x": 890,
						"y": 299,
						"w": 366,
						"h": 288
					}
				},
				{
					"filename": "palmera0021.png",
					"rotated": false,
					"trimmed": true,
					"sourceSize": {
						"w": 862,
						"h": 353
					},
					"spriteSourceSize": {
						"x": 125,
						"y": 65,
						"w": 351,
						"h": 282
					},
					"frame": {
						"x": 892,
						"y": 1,
						"w": 351,
						"h": 282
					}
				},
				{
					"filename": "palmera0005.png",
					"rotated": false,
					"trimmed": true,
					"sourceSize": {
						"w": 862,
						"h": 353
					},
					"spriteSourceSize": {
						"x": 368,
						"y": 79,
						"w": 323,
						"h": 268
					},
					"frame": {
						"x": 1245,
						"y": 1,
						"w": 323,
						"h": 268
					}
				},
				{
					"filename": "palmera0020.png",
					"rotated": false,
					"trimmed": true,
					"sourceSize": {
						"w": 862,
						"h": 353
					},
					"spriteSourceSize": {
						"x": 167,
						"y": 79,
						"w": 309,
						"h": 268
					},
					"frame": {
						"x": 1570,
						"y": 1,
						"w": 309,
						"h": 268
					}
				},
				{
					"filename": "palmera0009.png",
					"rotated": false,
					"trimmed": true,
					"sourceSize": {
						"w": 862,
						"h": 353
					},
					"spriteSourceSize": {
						"x": 368,
						"y": 160,
						"w": 150,
						"h": 187
					},
					"frame": {
						"x": 1881,
						"y": 1,
						"w": 150,
						"h": 187
					}
				},
				{
					"filename": "palmera0015.png",
					"rotated": false,
					"trimmed": true,
					"sourceSize": {
						"w": 862,
						"h": 353
					},
					"spriteSourceSize": {
						"x": 333,
						"y": 150,
						"w": 142,
						"h": 197
					},
					"frame": {
						"x": 1881,
						"y": 190,
						"w": 142,
						"h": 197
					}
				},
				{
					"filename": "palmera0006.png",
					"rotated": false,
					"trimmed": true,
					"sourceSize": {
						"w": 862,
						"h": 353
					},
					"spriteSourceSize": {
						"x": 368,
						"y": 99,
						"w": 280,
						"h": 248
					},
					"frame": {
						"x": 1258,
						"y": 271,
						"w": 280,
						"h": 248
					}
				},
				{
					"filename": "palmera0019.png",
					"rotated": false,
					"trimmed": true,
					"sourceSize": {
						"w": 862,
						"h": 353
					},
					"spriteSourceSize": {
						"x": 209,
						"y": 94,
						"w": 273,
						"h": 253
					},
					"frame": {
						"x": 1540,
						"y": 271,
						"w": 273,
						"h": 253
					}
				},
				{
					"filename": "palmera0018.png",
					"rotated": false,
					"trimmed": true,
					"sourceSize": {
						"w": 862,
						"h": 353
					},
					"spriteSourceSize": {
						"x": 251,
						"y": 108,
						"w": 231,
						"h": 239
					},
					"frame": {
						"x": 1258,
						"y": 521,
						"w": 231,
						"h": 239
					}
				},
				{
					"filename": "palmera0017.png",
					"rotated": false,
					"trimmed": true,
					"sourceSize": {
						"w": 862,
						"h": 353
					},
					"spriteSourceSize": {
						"x": 278,
						"y": 122,
						"w": 204,
						"h": 225
					},
					"frame": {
						"x": 1815,
						"y": 389,
						"w": 204,
						"h": 225
					}
				},
				{
					"filename": "palmera0007.png",
					"rotated": false,
					"trimmed": true,
					"sourceSize": {
						"w": 862,
						"h": 353
					},
					"spriteSourceSize": {
						"x": 368,
						"y": 119,
						"w": 237,
						"h": 228
					},
					"frame": {
						"x": 892,
						"y": 589,
						"w": 237,
						"h": 228
					}
				},
				{
					"filename": "palmera0014.png",
					"rotated": false,
					"trimmed": true,
					"sourceSize": {
						"w": 862,
						"h": 353
					},
					"spriteSourceSize": {
						"x": 360,
						"y": 165,
						"w": 115,
						"h": 182
					},
					"frame": {
						"x": 1131,
						"y": 589,
						"w": 115,
						"h": 182
					}
				},
				{
					"filename": "palmera0008.png",
					"rotated": false,
					"trimmed": true,
					"sourceSize": {
						"w": 862,
						"h": 353
					},
					"spriteSourceSize": {
						"x": 368,
						"y": 140,
						"w": 193,
						"h": 207
					},
					"frame": {
						"x": 1491,
						"y": 526,
						"w": 193,
						"h": 207
					}
				},
				{
					"filename": "palmera0010.png",
					"rotated": false,
					"trimmed": true,
					"sourceSize": {
						"w": 862,
						"h": 353
					},
					"spriteSourceSize": {
						"x": 368,
						"y": 180,
						"w": 107,
						"h": 167
					},
					"frame": {
						"x": 1686,
						"y": 526,
						"w": 107,
						"h": 167
					}
				},
				{
					"filename": "palmera0016.png",
					"rotated": false,
					"trimmed": true,
					"sourceSize": {
						"w": 862,
						"h": 353
					},
					"spriteSourceSize": {
						"x": 305,
						"y": 136,
						"w": 170,
						"h": 211
					},
					"frame": {
						"x": 1795,
						"y": 616,
						"w": 170,
						"h": 211
					}
				},
				{
					"filename": "palmera0025.png",
					"rotated": false,
					"trimmed": true,
					"sourceSize": {
						"w": 862,
						"h": 353
					},
					"spriteSourceSize": {
						"x": 370,
						"y": 182,
						"w": 106,
						"h": 165
					},
					"frame": {
						"x": 1686,
						"y": 695,
						"w": 106,
						"h": 165
					}
				},
				{
					"filename": "palmera0013.png",
					"rotated": false,
					"trimmed": true,
					"sourceSize": {
						"w": 862,
						"h": 353
					},
					"spriteSourceSize": {
						"x": 300,
						"y": 179,
						"w": 177,
						"h": 168
					},
					"frame": {
						"x": 1794,
						"y": 829,
						"w": 177,
						"h": 168
					}
				},
				{
					"filename": "palmera0011.png",
					"rotated": false,
					"trimmed": true,
					"sourceSize": {
						"w": 862,
						"h": 353
					},
					"spriteSourceSize": {
						"x": 300,
						"y": 189,
						"w": 177,
						"h": 158
					},
					"frame": {
						"x": 1491,
						"y": 735,
						"w": 177,
						"h": 158
					}
				},
				{
					"filename": "palmera0012.png",
					"rotated": false,
					"trimmed": true,
					"sourceSize": {
						"w": 862,
						"h": 353
					},
					"spriteSourceSize": {
						"x": 300,
						"y": 189,
						"w": 177,
						"h": 158
					},
					"frame": {
						"x": 1491,
						"y": 735,
						"w": 177,
						"h": 158
					}
				},
				{
					"filename": "palmera0026.png",
					"rotated": false,
					"trimmed": true,
					"sourceSize": {
						"w": 862,
						"h": 353
					},
					"spriteSourceSize": {
						"x": 370,
						"y": 182,
						"w": 106,
						"h": 165
					},
					"frame": {
						"x": 1248,
						"y": 762,
						"w": 106,
						"h": 165
					}
				},
				{
					"filename": "palmera0027.png",
					"rotated": false,
					"trimmed": true,
					"sourceSize": {
						"w": 862,
						"h": 353
					},
					"spriteSourceSize": {
						"x": 370,
						"y": 182,
						"w": 106,
						"h": 165
					},
					"frame": {
						"x": 1248,
						"y": 762,
						"w": 106,
						"h": 165
					}
				},
				{
					"filename": "palmera0028.png",
					"rotated": false,
					"trimmed": true,
					"sourceSize": {
						"w": 862,
						"h": 353
					},
					"spriteSourceSize": {
						"x": 370,
						"y": 182,
						"w": 106,
						"h": 165
					},
					"frame": {
						"x": 1248,
						"y": 762,
						"w": 106,
						"h": 165
					}
				},
				{
					"filename": "palmera0029.png",
					"rotated": false,
					"trimmed": true,
					"sourceSize": {
						"w": 862,
						"h": 353
					},
					"spriteSourceSize": {
						"x": 370,
						"y": 182,
						"w": 106,
						"h": 165
					},
					"frame": {
						"x": 1131,
						"y": 773,
						"w": 106,
						"h": 165
					}
				},
				{
					"filename": "palmera0030.png",
					"rotated": false,
					"trimmed": true,
					"sourceSize": {
						"w": 862,
						"h": 353
					},
					"spriteSourceSize": {
						"x": 370,
						"y": 182,
						"w": 106,
						"h": 165
					},
					"frame": {
						"x": 1131,
						"y": 773,
						"w": 106,
						"h": 165
					}
				},
				{
					"filename": "palmera0031.png",
					"rotated": false,
					"trimmed": true,
					"sourceSize": {
						"w": 862,
						"h": 353
					},
					"spriteSourceSize": {
						"x": 370,
						"y": 182,
						"w": 106,
						"h": 165
					},
					"frame": {
						"x": 1131,
						"y": 773,
						"w": 106,
						"h": 165
					}
				},
				{
					"filename": "palmera0032.png",
					"rotated": false,
					"trimmed": true,
					"sourceSize": {
						"w": 862,
						"h": 353
					},
					"spriteSourceSize": {
						"x": 370,
						"y": 182,
						"w": 106,
						"h": 165
					},
					"frame": {
						"x": 1356,
						"y": 762,
						"w": 106,
						"h": 165
					}
				},
				{
					"filename": "palmera0033.png",
					"rotated": false,
					"trimmed": true,
					"sourceSize": {
						"w": 862,
						"h": 353
					},
					"spriteSourceSize": {
						"x": 370,
						"y": 182,
						"w": 106,
						"h": 165
					},
					"frame": {
						"x": 1356,
						"y": 762,
						"w": 106,
						"h": 165
					}
				},
				{
					"filename": "palmera0034.png",
					"rotated": false,
					"trimmed": true,
					"sourceSize": {
						"w": 862,
						"h": 353
					},
					"spriteSourceSize": {
						"x": 370,
						"y": 182,
						"w": 106,
						"h": 165
					},
					"frame": {
						"x": 1356,
						"y": 762,
						"w": 106,
						"h": 165
					}
				},
				{
					"filename": "palmera0035.png",
					"rotated": false,
					"trimmed": true,
					"sourceSize": {
						"w": 862,
						"h": 353
					},
					"spriteSourceSize": {
						"x": 370,
						"y": 182,
						"w": 106,
						"h": 165
					},
					"frame": {
						"x": 892,
						"y": 819,
						"w": 106,
						"h": 165
					}
				},
				{
					"filename": "palmera0036.png",
					"rotated": false,
					"trimmed": true,
					"sourceSize": {
						"w": 862,
						"h": 353
					},
					"spriteSourceSize": {
						"x": 370,
						"y": 182,
						"w": 106,
						"h": 165
					},
					"frame": {
						"x": 892,
						"y": 819,
						"w": 106,
						"h": 165
					}
				},
				{
					"filename": "palmera0037.png",
					"rotated": false,
					"trimmed": true,
					"sourceSize": {
						"w": 862,
						"h": 353
					},
					"spriteSourceSize": {
						"x": 370,
						"y": 182,
						"w": 106,
						"h": 165
					},
					"frame": {
						"x": 892,
						"y": 819,
						"w": 106,
						"h": 165
					}
				},
				{
					"filename": "palmera0038.png",
					"rotated": false,
					"trimmed": true,
					"sourceSize": {
						"w": 862,
						"h": 353
					},
					"spriteSourceSize": {
						"x": 370,
						"y": 182,
						"w": 106,
						"h": 165
					},
					"frame": {
						"x": 1000,
						"y": 819,
						"w": 106,
						"h": 165
					}
				},
				{
					"filename": "palmera0039.png",
					"rotated": false,
					"trimmed": true,
					"sourceSize": {
						"w": 862,
						"h": 353
					},
					"spriteSourceSize": {
						"x": 370,
						"y": 182,
						"w": 106,
						"h": 165
					},
					"frame": {
						"x": 1000,
						"y": 819,
						"w": 106,
						"h": 165
					}
				}
			]
		}
	],
	"meta": {
		"app": "https://www.codeandweb.com/texturepacker",
		"version": "3.0",
		"smartupdate": "$TexturePacker:SmartUpdate:c17f5cab3344feb96a87e5fe60683d71:5de993e73bf946f5620d24217f0c3bd1:c00d0e1c92478796c60198f06b22a1a0$"
	}
}
