{
	"textures": [
		{
			"image": "trompeta_pelota.png",
			"format": "RGBA8888",
			"size": {
				"w": 1400,
				"h": 1001
			},
			"scale": 1,
			"frames": [
				{
					"filename": "trompeta_pelota0015.png",
					"rotated": false,
					"trimmed": true,
					"sourceSize": {
						"w": 747,
						"h": 426
					},
					"spriteSourceSize": {
						"x": 321,
						"y": 0,
						"w": 426,
						"h": 404
					},
					"frame": {
						"x": 1,
						"y": 1,
						"w": 426,
						"h": 404
					}
				},
				{
					"filename": "trompeta_pelota0001.png",
					"rotated": false,
					"trimmed": true,
					"sourceSize": {
						"w": 747,
						"h": 426
					},
					"spriteSourceSize": {
						"x": 0,
						"y": 38,
						"w": 454,
						"h": 375
					},
					"frame": {
						"x": 1,
						"y": 407,
						"w": 454,
						"h": 375
					}
				},
				{
					"filename": "trompeta_pelota0004.png",
					"rotated": false,
					"trimmed": true,
					"sourceSize": {
						"w": 747,
						"h": 426
					},
					"spriteSourceSize": {
						"x": 235,
						"y": 216,
						"w": 219,
						"h": 197
					},
					"frame": {
						"x": 1,
						"y": 784,
						"w": 219,
						"h": 197
					}
				},
				{
					"filename": "trompeta_pelota0014.png",
					"rotated": false,
					"trimmed": true,
					"sourceSize": {
						"w": 747,
						"h": 426
					},
					"spriteSourceSize": {
						"x": 321,
						"y": 32,
						"w": 386,
						"h": 372
					},
					"frame": {
						"x": 429,
						"y": 1,
						"w": 386,
						"h": 372
					}
				},
				{
					"filename": "trompeta_pelota0005.png",
					"rotated": false,
					"trimmed": true,
					"sourceSize": {
						"w": 747,
						"h": 426
					},
					"spriteSourceSize": {
						"x": 314,
						"y": 275,
						"w": 140,
						"h": 138
					},
					"frame": {
						"x": 222,
						"y": 784,
						"w": 140,
						"h": 138
					}
				},
				{
					"filename": "trompeta_pelota0019.png",
					"rotated": false,
					"trimmed": true,
					"sourceSize": {
						"w": 747,
						"h": 426
					},
					"spriteSourceSize": {
						"x": 331,
						"y": 302,
						"w": 123,
						"h": 102
					},
					"frame": {
						"x": 364,
						"y": 784,
						"w": 123,
						"h": 102
					}
				},
				{
					"filename": "trompeta_pelota0021.png",
					"rotated": false,
					"trimmed": true,
					"sourceSize": {
						"w": 747,
						"h": 426
					},
					"spriteSourceSize": {
						"x": 323,
						"y": 312,
						"w": 140,
						"h": 93
					},
					"frame": {
						"x": 364,
						"y": 888,
						"w": 140,
						"h": 93
					}
				},
				{
					"filename": "trompeta_pelota0013.png",
					"rotated": false,
					"trimmed": true,
					"sourceSize": {
						"w": 747,
						"h": 426
					},
					"spriteSourceSize": {
						"x": 321,
						"y": 64,
						"w": 344,
						"h": 340
					},
					"frame": {
						"x": 457,
						"y": 375,
						"w": 344,
						"h": 340
					}
				},
				{
					"filename": "trompeta_pelota0011.png",
					"rotated": false,
					"trimmed": true,
					"sourceSize": {
						"w": 747,
						"h": 426
					},
					"spriteSourceSize": {
						"x": 321,
						"y": 129,
						"w": 260,
						"h": 275
					},
					"frame": {
						"x": 506,
						"y": 717,
						"w": 260,
						"h": 275
					}
				},
				{
					"filename": "trompeta_pelota0003.png",
					"rotated": false,
					"trimmed": true,
					"sourceSize": {
						"w": 747,
						"h": 426
					},
					"spriteSourceSize": {
						"x": 156,
						"y": 157,
						"w": 298,
						"h": 256
					},
					"frame": {
						"x": 768,
						"y": 717,
						"w": 298,
						"h": 256
					}
				},
				{
					"filename": "trompeta_pelota0002.png",
					"rotated": false,
					"trimmed": true,
					"sourceSize": {
						"w": 747,
						"h": 426
					},
					"spriteSourceSize": {
						"x": 78,
						"y": 97,
						"w": 376,
						"h": 316
					},
					"frame": {
						"x": 803,
						"y": 375,
						"w": 376,
						"h": 316
					}
				},
				{
					"filename": "trompeta_pelota0010.png",
					"rotated": false,
					"trimmed": true,
					"sourceSize": {
						"w": 747,
						"h": 426
					},
					"spriteSourceSize": {
						"x": 321,
						"y": 162,
						"w": 218,
						"h": 242
					},
					"frame": {
						"x": 1181,
						"y": 1,
						"w": 218,
						"h": 242
					}
				},
				{
					"filename": "trompeta_pelota0012.png",
					"rotated": false,
					"trimmed": true,
					"sourceSize": {
						"w": 747,
						"h": 426
					},
					"spriteSourceSize": {
						"x": 327,
						"y": 97,
						"w": 296,
						"h": 307
					},
					"frame": {
						"x": 1068,
						"y": 693,
						"w": 296,
						"h": 307
					}
				},
				{
					"filename": "trompeta_pelota0009.png",
					"rotated": false,
					"trimmed": true,
					"sourceSize": {
						"w": 747,
						"h": 426
					},
					"spriteSourceSize": {
						"x": 307,
						"y": 194,
						"w": 191,
						"h": 222
					},
					"frame": {
						"x": 1181,
						"y": 245,
						"w": 191,
						"h": 222
					}
				},
				{
					"filename": "trompeta_pelota0008.png",
					"rotated": false,
					"trimmed": true,
					"sourceSize": {
						"w": 747,
						"h": 426
					},
					"spriteSourceSize": {
						"x": 304,
						"y": 321,
						"w": 163,
						"h": 87
					},
					"frame": {
						"x": 1181,
						"y": 469,
						"w": 163,
						"h": 87
					}
				},
				{
					"filename": "trompeta_pelota0020.png",
					"rotated": false,
					"trimmed": true,
					"sourceSize": {
						"w": 747,
						"h": 426
					},
					"spriteSourceSize": {
						"x": 323,
						"y": 312,
						"w": 131,
						"h": 93
					},
					"frame": {
						"x": 1181,
						"y": 558,
						"w": 131,
						"h": 93
					}
				},
				{
					"filename": "trompeta_pelota0016.png",
					"rotated": false,
					"trimmed": true,
					"sourceSize": {
						"w": 747,
						"h": 426
					},
					"spriteSourceSize": {
						"x": 326,
						"y": 153,
						"w": 115,
						"h": 251
					},
					"frame": {
						"x": 817,
						"y": 1,
						"w": 115,
						"h": 251
					}
				},
				{
					"filename": "trompeta_pelota0006.png",
					"rotated": false,
					"trimmed": true,
					"sourceSize": {
						"w": 747,
						"h": 426
					},
					"spriteSourceSize": {
						"x": 326,
						"y": 322,
						"w": 128,
						"h": 91
					},
					"frame": {
						"x": 817,
						"y": 254,
						"w": 128,
						"h": 91
					}
				},
				{
					"filename": "trompeta_pelota0017.png",
					"rotated": false,
					"trimmed": true,
					"sourceSize": {
						"w": 747,
						"h": 426
					},
					"spriteSourceSize": {
						"x": 326,
						"y": 153,
						"w": 115,
						"h": 251
					},
					"frame": {
						"x": 934,
						"y": 1,
						"w": 115,
						"h": 251
					}
				},
				{
					"filename": "trompeta_pelota0018.png",
					"rotated": false,
					"trimmed": true,
					"sourceSize": {
						"w": 747,
						"h": 426
					},
					"spriteSourceSize": {
						"x": 329,
						"y": 174,
						"w": 125,
						"h": 230
					},
					"frame": {
						"x": 1051,
						"y": 1,
						"w": 125,
						"h": 230
					}
				},
				{
					"filename": "trompeta_pelota0007.png",
					"rotated": false,
					"trimmed": true,
					"sourceSize": {
						"w": 747,
						"h": 426
					},
					"spriteSourceSize": {
						"x": 304,
						"y": 321,
						"w": 150,
						"h": 87
					},
					"frame": {
						"x": 947,
						"y": 254,
						"w": 150,
						"h": 87
					}
				}
			]
		}
	],
	"meta": {
		"app": "https://www.codeandweb.com/texturepacker",
		"version": "3.0",
		"smartupdate": "$TexturePacker:SmartUpdate:24c7afde26befab7a39c7f4952512c7a:0ae431d0a8659ff890186000a3a47457:a96b20d77514fd10ec2b54c08c3c4a58$"
	}
}
