{"frames": {

"WindowBackGame0000":
{
	"frame": {"x":511,"y":571,"w":507,"h":360},
	"rotated": false,
	"trimmed": false,
	"spriteSourceSize": {"x":0,"y":0,"w":507,"h":360},
	"sourceSize": {"w":507,"h":360}
},
"blackSquare0000":
{
	"frame": {"x":1551,"y":1800,"w":101,"h":101},
	"rotated": false,
	"trimmed": false,
	"spriteSourceSize": {"x":0,"y":0,"w":101,"h":101},
	"sourceSize": {"w":101,"h":101}
},
"buttonExit0000":
{
	"frame": {"x":1079,"y":1814,"w":68,"h":68},
	"rotated": false,
	"trimmed": false,
	"spriteSourceSize": {"x":0,"y":0,"w":68,"h":68},
	"sourceSize": {"w":68,"h":68}
},
"buttonExit0001":
{
	"frame": {"x":1149,"y":1814,"w":68,"h":68},
	"rotated": false,
	"trimmed": false,
	"spriteSourceSize": {"x":0,"y":0,"w":68,"h":68},
	"sourceSize": {"w":68,"h":68}
},
"buttonPlay0000":
{
	"frame": {"x":939,"y":1814,"w":68,"h":68},
	"rotated": false,
	"trimmed": false,
	"spriteSourceSize": {"x":0,"y":0,"w":68,"h":68},
	"sourceSize": {"w":68,"h":68}
},
"buttonPlay0001":
{
	"frame": {"x":1009,"y":1814,"w":68,"h":68},
	"rotated": false,
	"trimmed": false,
	"spriteSourceSize": {"x":0,"y":0,"w":68,"h":68},
	"sourceSize": {"w":68,"h":68}
},
"contWnd_btn0000":
{
	"frame": {"x":1031,"y":1468,"w":370,"h":69},
	"rotated": false,
	"trimmed": false,
	"spriteSourceSize": {"x":0,"y":0,"w":370,"h":69},
	"sourceSize": {"w":370,"h":69}
},
"contWnd_btn0001":
{
	"frame": {"x":1031,"y":1539,"w":370,"h":69},
	"rotated": false,
	"trimmed": false,
	"spriteSourceSize": {"x":0,"y":0,"w":370,"h":69},
	"sourceSize": {"w":370,"h":69}
},
"contWnd_icon0000":
{
	"frame": {"x":295,"y":1199,"w":266,"h":265},
	"rotated": false,
	"trimmed": false,
	"spriteSourceSize": {"x":0,"y":0,"w":266,"h":265},
	"sourceSize": {"w":266,"h":265}
},
"contWnd_txt0000":
{
	"frame": {"x":939,"y":1770,"w":366,"h":42},
	"rotated": false,
	"trimmed": false,
	"spriteSourceSize": {"x":0,"y":0,"w":366,"h":42},
	"sourceSize": {"w":366,"h":42}
},
"figure10000":
{
	"frame": {"x":1946,"y":96,"w":93,"h":93},
	"rotated": false,
	"trimmed": false,
	"spriteSourceSize": {"x":0,"y":0,"w":93,"h":93},
	"sourceSize": {"w":93,"h":93}
},
"figure20000":
{
	"frame": {"x":1944,"y":439,"w":91,"h":91},
	"rotated": false,
	"trimmed": false,
	"spriteSourceSize": {"x":0,"y":0,"w":91,"h":91},
	"sourceSize": {"w":91,"h":91}
},
"figure30000":
{
	"frame": {"x":1946,"y":2,"w":97,"h":92},
	"rotated": false,
	"trimmed": false,
	"spriteSourceSize": {"x":0,"y":0,"w":97,"h":92},
	"sourceSize": {"w":97,"h":92}
},
"figure40000":
{
	"frame": {"x":1775,"y":1801,"w":114,"h":91},
	"rotated": false,
	"trimmed": false,
	"spriteSourceSize": {"x":0,"y":0,"w":114,"h":91},
	"sourceSize": {"w":114,"h":91}
},
"figure50000":
{
	"frame": {"x":1891,"y":1801,"w":104,"h":92},
	"rotated": false,
	"trimmed": false,
	"spriteSourceSize": {"x":0,"y":0,"w":104,"h":92},
	"sourceSize": {"w":104,"h":92}
},
"figureCorrect0000":
{
	"frame": {"x":1662,"y":1785,"w":111,"h":106},
	"rotated": false,
	"trimmed": false,
	"spriteSourceSize": {"x":0,"y":0,"w":111,"h":106},
	"sourceSize": {"w":111,"h":106}
},
"figureIncorrect0000":
{
	"frame": {"x":210,"y":1786,"w":111,"h":106},
	"rotated": false,
	"trimmed": false,
	"spriteSourceSize": {"x":0,"y":0,"w":111,"h":106},
	"sourceSize": {"w":111,"h":106}
},
"figurePad0000":
{
	"frame": {"x":323,"y":1786,"w":111,"h":106},
	"rotated": false,
	"trimmed": false,
	"spriteSourceSize": {"x":0,"y":0,"w":111,"h":106},
	"sourceSize": {"w":111,"h":106}
},
"helpWindow0000":
{
	"frame": {"x":814,"y":2,"w":809,"h":567},
	"rotated": false,
	"trimmed": false,
	"spriteSourceSize": {"x":0,"y":0,"w":809,"h":567},
	"sourceSize": {"w":809,"h":567}
},
"lamp0000":
{
	"frame": {"x":1944,"y":279,"w":102,"h":158},
	"rotated": false,
	"trimmed": true,
	"spriteSourceSize": {"x":83,"y":111,"w":319,"h":275},
	"sourceSize": {"w":319,"h":275}
},
"lamp0001":
{
	"frame": {"x":1944,"y":279,"w":102,"h":158},
	"rotated": false,
	"trimmed": true,
	"spriteSourceSize": {"x":83,"y":111,"w":319,"h":275},
	"sourceSize": {"w":319,"h":275}
},
"lamp0002":
{
	"frame": {"x":1944,"y":279,"w":102,"h":158},
	"rotated": false,
	"trimmed": true,
	"spriteSourceSize": {"x":83,"y":111,"w":319,"h":275},
	"sourceSize": {"w":319,"h":275}
},
"lamp0003":
{
	"frame": {"x":1944,"y":279,"w":102,"h":158},
	"rotated": false,
	"trimmed": true,
	"spriteSourceSize": {"x":83,"y":111,"w":319,"h":275},
	"sourceSize": {"w":319,"h":275}
},
"lamp0004":
{
	"frame": {"x":1944,"y":279,"w":102,"h":158},
	"rotated": false,
	"trimmed": true,
	"spriteSourceSize": {"x":83,"y":111,"w":319,"h":275},
	"sourceSize": {"w":319,"h":275}
},
"lamp0005":
{
	"frame": {"x":1944,"y":279,"w":102,"h":158},
	"rotated": false,
	"trimmed": true,
	"spriteSourceSize": {"x":83,"y":111,"w":319,"h":275},
	"sourceSize": {"w":319,"h":275}
},
"lamp0006":
{
	"frame": {"x":731,"y":1465,"w":102,"h":158},
	"rotated": false,
	"trimmed": true,
	"spriteSourceSize": {"x":83,"y":111,"w":319,"h":275},
	"sourceSize": {"w":319,"h":275}
},
"lamp0007":
{
	"frame": {"x":1677,"y":1465,"w":102,"h":158},
	"rotated": false,
	"trimmed": true,
	"spriteSourceSize": {"x":83,"y":111,"w":319,"h":275},
	"sourceSize": {"w":319,"h":275}
},
"lamp0008":
{
	"frame": {"x":221,"y":1466,"w":102,"h":158},
	"rotated": false,
	"trimmed": true,
	"spriteSourceSize": {"x":83,"y":111,"w":319,"h":275},
	"sourceSize": {"w":319,"h":275}
},
"lamp0009":
{
	"frame": {"x":325,"y":1466,"w":102,"h":158},
	"rotated": false,
	"trimmed": true,
	"spriteSourceSize": {"x":83,"y":111,"w":319,"h":275},
	"sourceSize": {"w":319,"h":275}
},
"lamp0010":
{
	"frame": {"x":429,"y":1466,"w":102,"h":158},
	"rotated": false,
	"trimmed": true,
	"spriteSourceSize": {"x":83,"y":111,"w":319,"h":275},
	"sourceSize": {"w":319,"h":275}
},
"lamp0011":
{
	"frame": {"x":2,"y":1555,"w":102,"h":158},
	"rotated": false,
	"trimmed": true,
	"spriteSourceSize": {"x":83,"y":111,"w":319,"h":275},
	"sourceSize": {"w":319,"h":275}
},
"lamp0012":
{
	"frame": {"x":106,"y":1555,"w":102,"h":158},
	"rotated": false,
	"trimmed": true,
	"spriteSourceSize": {"x":83,"y":111,"w":319,"h":275},
	"sourceSize": {"w":319,"h":275}
},
"lamp0013":
{
	"frame": {"x":1781,"y":1560,"w":102,"h":158},
	"rotated": false,
	"trimmed": true,
	"spriteSourceSize": {"x":83,"y":111,"w":319,"h":275},
	"sourceSize": {"w":319,"h":275}
},
"lamp0014":
{
	"frame": {"x":1885,"y":1560,"w":102,"h":158},
	"rotated": false,
	"trimmed": true,
	"spriteSourceSize": {"x":83,"y":111,"w":319,"h":275},
	"sourceSize": {"w":319,"h":275}
},
"lamp0015":
{
	"frame": {"x":1031,"y":1610,"w":102,"h":158},
	"rotated": false,
	"trimmed": true,
	"spriteSourceSize": {"x":83,"y":111,"w":319,"h":275},
	"sourceSize": {"w":319,"h":275}
},
"lamp0016":
{
	"frame": {"x":1135,"y":1610,"w":102,"h":158},
	"rotated": false,
	"trimmed": true,
	"spriteSourceSize": {"x":83,"y":111,"w":319,"h":275},
	"sourceSize": {"w":319,"h":275}
},
"lamp0017":
{
	"frame": {"x":1239,"y":1610,"w":102,"h":158},
	"rotated": false,
	"trimmed": true,
	"spriteSourceSize": {"x":83,"y":111,"w":319,"h":275},
	"sourceSize": {"w":319,"h":275}
},
"lamp0018":
{
	"frame": {"x":731,"y":1625,"w":102,"h":158},
	"rotated": false,
	"trimmed": true,
	"spriteSourceSize": {"x":83,"y":111,"w":319,"h":275},
	"sourceSize": {"w":319,"h":275}
},
"lamp0019":
{
	"frame": {"x":1677,"y":1625,"w":102,"h":158},
	"rotated": false,
	"trimmed": true,
	"spriteSourceSize": {"x":83,"y":111,"w":319,"h":275},
	"sourceSize": {"w":319,"h":275}
},
"lamp0020":
{
	"frame": {"x":210,"y":1626,"w":102,"h":158},
	"rotated": false,
	"trimmed": true,
	"spriteSourceSize": {"x":83,"y":111,"w":319,"h":275},
	"sourceSize": {"w":319,"h":275}
},
"lamp0021":
{
	"frame": {"x":314,"y":1626,"w":102,"h":158},
	"rotated": false,
	"trimmed": true,
	"spriteSourceSize": {"x":83,"y":111,"w":319,"h":275},
	"sourceSize": {"w":319,"h":275}
},
"lamp0022":
{
	"frame": {"x":418,"y":1626,"w":102,"h":158},
	"rotated": false,
	"trimmed": true,
	"spriteSourceSize": {"x":83,"y":111,"w":319,"h":275},
	"sourceSize": {"w":319,"h":275}
},
"lamp0023":
{
	"frame": {"x":1558,"y":1640,"w":102,"h":158},
	"rotated": false,
	"trimmed": true,
	"spriteSourceSize": {"x":83,"y":111,"w":319,"h":275},
	"sourceSize": {"w":319,"h":275}
},
"lamp0024":
{
	"frame": {"x":1343,"y":1653,"w":102,"h":158},
	"rotated": false,
	"trimmed": true,
	"spriteSourceSize": {"x":83,"y":111,"w":319,"h":275},
	"sourceSize": {"w":319,"h":275}
},
"lamp0025":
{
	"frame": {"x":1447,"y":1653,"w":102,"h":158},
	"rotated": false,
	"trimmed": true,
	"spriteSourceSize": {"x":83,"y":111,"w":319,"h":275},
	"sourceSize": {"w":319,"h":275}
},
"lamp0026":
{
	"frame": {"x":835,"y":1655,"w":102,"h":158},
	"rotated": false,
	"trimmed": true,
	"spriteSourceSize": {"x":83,"y":111,"w":319,"h":275},
	"sourceSize": {"w":319,"h":275}
},
"lamp0027":
{
	"frame": {"x":522,"y":1663,"w":102,"h":158},
	"rotated": false,
	"trimmed": true,
	"spriteSourceSize": {"x":83,"y":111,"w":319,"h":275},
	"sourceSize": {"w":319,"h":275}
},
"lamp0028":
{
	"frame": {"x":626,"y":1663,"w":102,"h":158},
	"rotated": false,
	"trimmed": true,
	"spriteSourceSize": {"x":83,"y":111,"w":319,"h":275},
	"sourceSize": {"w":319,"h":275}
},
"lamp0029":
{
	"frame": {"x":2,"y":1715,"w":102,"h":158},
	"rotated": false,
	"trimmed": true,
	"spriteSourceSize": {"x":83,"y":111,"w":319,"h":275},
	"sourceSize": {"w":319,"h":275}
},
"lamp0030":
{
	"frame": {"x":106,"y":1715,"w":102,"h":158},
	"rotated": false,
	"trimmed": true,
	"spriteSourceSize": {"x":83,"y":111,"w":319,"h":275},
	"sourceSize": {"w":319,"h":275}
},
"lamp0031":
{
	"frame": {"x":1558,"y":1465,"w":117,"h":173},
	"rotated": false,
	"trimmed": true,
	"spriteSourceSize": {"x":83,"y":96,"w":319,"h":275},
	"sourceSize": {"w":319,"h":275}
},
"lamp0032":
{
	"frame": {"x":1415,"y":1465,"w":141,"h":186},
	"rotated": false,
	"trimmed": true,
	"spriteSourceSize": {"x":75,"y":83,"w":319,"h":275},
	"sourceSize": {"w":319,"h":275}
},
"lamp0033":
{
	"frame": {"x":563,"y":1465,"w":166,"h":196},
	"rotated": false,
	"trimmed": true,
	"spriteSourceSize": {"x":66,"y":73,"w":319,"h":275},
	"sourceSize": {"w":319,"h":275}
},
"lamp0034":
{
	"frame": {"x":836,"y":1448,"w":193,"h":205},
	"rotated": false,
	"trimmed": true,
	"spriteSourceSize": {"x":56,"y":64,"w":319,"h":275},
	"sourceSize": {"w":319,"h":275}
},
"lamp0035":
{
	"frame": {"x":2,"y":1341,"w":217,"h":212},
	"rotated": false,
	"trimmed": true,
	"spriteSourceSize": {"x":46,"y":57,"w":319,"h":275},
	"sourceSize": {"w":319,"h":275}
},
"lamp0036":
{
	"frame": {"x":836,"y":1229,"w":237,"h":217},
	"rotated": false,
	"trimmed": true,
	"spriteSourceSize": {"x":38,"y":52,"w":319,"h":275},
	"sourceSize": {"w":319,"h":275}
},
"lamp0037":
{
	"frame": {"x":1788,"y":921,"w":256,"h":225},
	"rotated": false,
	"trimmed": true,
	"spriteSourceSize": {"x":31,"y":44,"w":319,"h":275},
	"sourceSize": {"w":319,"h":275}
},
"lamp0038":
{
	"frame": {"x":563,"y":1229,"w":271,"h":234},
	"rotated": false,
	"trimmed": true,
	"spriteSourceSize": {"x":25,"y":35,"w":319,"h":275},
	"sourceSize": {"w":319,"h":275}
},
"lamp0039":
{
	"frame": {"x":1131,"y":1224,"w":282,"h":242},
	"rotated": false,
	"trimmed": true,
	"spriteSourceSize": {"x":20,"y":27,"w":319,"h":275},
	"sourceSize": {"w":319,"h":275}
},
"lamp0040":
{
	"frame": {"x":2,"y":1090,"w":291,"h":249},
	"rotated": false,
	"trimmed": true,
	"spriteSourceSize": {"x":16,"y":20,"w":319,"h":275},
	"sourceSize": {"w":319,"h":275}
},
"lamp0041":
{
	"frame": {"x":1131,"y":967,"w":299,"h":255},
	"rotated": false,
	"trimmed": true,
	"spriteSourceSize": {"x":12,"y":14,"w":319,"h":275},
	"sourceSize": {"w":319,"h":275}
},
"lamp0042":
{
	"frame": {"x":824,"y":967,"w":305,"h":260},
	"rotated": false,
	"trimmed": true,
	"spriteSourceSize": {"x":9,"y":9,"w":319,"h":275},
	"sourceSize": {"w":319,"h":275}
},
"lamp0043":
{
	"frame": {"x":511,"y":933,"w":311,"h":264},
	"rotated": false,
	"trimmed": true,
	"spriteSourceSize": {"x":6,"y":5,"w":319,"h":275},
	"sourceSize": {"w":319,"h":275}
},
"lamp0044":
{
	"frame": {"x":1471,"y":921,"w":315,"h":273},
	"rotated": false,
	"trimmed": true,
	"spriteSourceSize": {"x":4,"y":1,"w":319,"h":275},
	"sourceSize": {"w":319,"h":275}
},
"lamp0045":
{
	"frame": {"x":1625,"y":279,"w":317,"h":274},
	"rotated": false,
	"trimmed": true,
	"spriteSourceSize": {"x":2,"y":1,"w":319,"h":275},
	"sourceSize": {"w":319,"h":275}
},
"lamp0046":
{
	"frame": {"x":1625,"y":2,"w":319,"h":275},
	"rotated": false,
	"trimmed": false,
	"spriteSourceSize": {"x":0,"y":0,"w":319,"h":275},
	"sourceSize": {"w":319,"h":275}
},
"lamp0047":
{
	"frame": {"x":1625,"y":2,"w":319,"h":275},
	"rotated": false,
	"trimmed": false,
	"spriteSourceSize": {"x":0,"y":0,"w":319,"h":275},
	"sourceSize": {"w":319,"h":275}
},
"lampHead0000":
{
	"frame": {"x":1826,"y":1332,"w":207,"h":226},
	"rotated": false,
	"trimmed": false,
	"spriteSourceSize": {"x":0,"y":0,"w":207,"h":226},
	"sourceSize": {"w":207,"h":226}
},
"mainMenuLogo0000":
{
	"frame": {"x":1471,"y":571,"w":506,"h":348},
	"rotated": false,
	"trimmed": false,
	"spriteSourceSize": {"x":0,"y":0,"w":506,"h":348},
	"sourceSize": {"w":506,"h":348}
},
"pBNO0000":
{
	"frame": {"x":221,"y":1341,"w":72,"h":72},
	"rotated": false,
	"trimmed": false,
	"spriteSourceSize": {"x":0,"y":0,"w":72,"h":72},
	"sourceSize": {"w":72,"h":72}
},
"pBNO0001":
{
	"frame": {"x":1383,"y":1813,"w":72,"h":72},
	"rotated": false,
	"trimmed": false,
	"spriteSourceSize": {"x":0,"y":0,"w":72,"h":72},
	"sourceSize": {"w":72,"h":72}
},
"pBNO0002":
{
	"frame": {"x":1457,"y":1813,"w":72,"h":72},
	"rotated": false,
	"trimmed": false,
	"spriteSourceSize": {"x":0,"y":0,"w":72,"h":72},
	"sourceSize": {"w":72,"h":72}
},
"pBOK0000":
{
	"frame": {"x":939,"y":1655,"w":74,"h":72},
	"rotated": false,
	"trimmed": false,
	"spriteSourceSize": {"x":0,"y":0,"w":74,"h":72},
	"sourceSize": {"w":74,"h":72}
},
"pBOK0001":
{
	"frame": {"x":436,"y":1786,"w":74,"h":72},
	"rotated": false,
	"trimmed": false,
	"spriteSourceSize": {"x":0,"y":0,"w":74,"h":72},
	"sourceSize": {"w":74,"h":72}
},
"pBOK0002":
{
	"frame": {"x":1307,"y":1813,"w":74,"h":72},
	"rotated": false,
	"trimmed": false,
	"spriteSourceSize": {"x":0,"y":0,"w":74,"h":72},
	"sourceSize": {"w":74,"h":72}
},
"resultsBoard0000":
{
	"frame": {"x":1020,"y":571,"w":449,"h":394},
	"rotated": false,
	"trimmed": false,
	"spriteSourceSize": {"x":0,"y":0,"w":449,"h":394},
	"sourceSize": {"w":449,"h":394}
},
"resultsInfo0000":
{
	"frame": {"x":2,"y":2,"w":810,"h":567},
	"rotated": false,
	"trimmed": false,
	"spriteSourceSize": {"x":0,"y":0,"w":810,"h":567},
	"sourceSize": {"w":810,"h":567}
},
"roundPlate0000":
{
	"frame": {"x":1781,"y":1720,"w":197,"h":79},
	"rotated": false,
	"trimmed": false,
	"spriteSourceSize": {"x":0,"y":0,"w":197,"h":79},
	"sourceSize": {"w":197,"h":79}
},
"scorePlate0000":
{
	"frame": {"x":295,"y":1090,"w":214,"h":79},
	"rotated": false,
	"trimmed": false,
	"spriteSourceSize": {"x":0,"y":0,"w":214,"h":79},
	"sourceSize": {"w":214,"h":79}
},
"scoreTime0000":
{
	"frame": {"x":1946,"y":191,"w":79,"h":79},
	"rotated": false,
	"trimmed": false,
	"spriteSourceSize": {"x":0,"y":0,"w":79,"h":79},
	"sourceSize": {"w":79,"h":79}
},
"scoreTimeArrow0000":
{
	"frame": {"x":2041,"y":96,"w":3,"h":34},
	"rotated": false,
	"trimmed": false,
	"spriteSourceSize": {"x":0,"y":0,"w":3,"h":34},
	"sourceSize": {"w":3,"h":34}
},
"taskPanel0000":
{
	"frame": {"x":1432,"y":1196,"w":563,"h":134},
	"rotated": false,
	"trimmed": false,
	"spriteSourceSize": {"x":0,"y":0,"w":563,"h":134},
	"sourceSize": {"w":563,"h":134}
},
"taskType00000":
{
	"frame": {"x":1979,"y":699,"w":54,"h":55},
	"rotated": false,
	"trimmed": true,
	"spriteSourceSize": {"x":7,"y":0,"w":68,"h":55},
	"sourceSize": {"w":68,"h":55}
},
"taskType00001":
{
	"frame": {"x":1979,"y":756,"w":54,"h":55},
	"rotated": false,
	"trimmed": true,
	"spriteSourceSize": {"x":7,"y":0,"w":68,"h":55},
	"sourceSize": {"w":68,"h":55}
},
"taskType00002":
{
	"frame": {"x":1979,"y":589,"w":58,"h":55},
	"rotated": false,
	"trimmed": true,
	"spriteSourceSize": {"x":5,"y":0,"w":68,"h":55},
	"sourceSize": {"w":68,"h":55}
},
"taskType00003":
{
	"frame": {"x":1219,"y":1814,"w":68,"h":55},
	"rotated": false,
	"trimmed": false,
	"spriteSourceSize": {"x":0,"y":0,"w":68,"h":55},
	"sourceSize": {"w":68,"h":55}
},
"taskType00004":
{
	"frame": {"x":1979,"y":532,"w":62,"h":55},
	"rotated": false,
	"trimmed": true,
	"spriteSourceSize": {"x":3,"y":0,"w":68,"h":55},
	"sourceSize": {"w":68,"h":55}
},
"taskType10000":
{
	"frame": {"x":1979,"y":646,"w":62,"h":51},
	"rotated": false,
	"trimmed": false,
	"spriteSourceSize": {"x":0,"y":0,"w":62,"h":51},
	"sourceSize": {"w":62,"h":51}
},
"taskType10001":
{
	"frame": {"x":1979,"y":646,"w":62,"h":51},
	"rotated": false,
	"trimmed": false,
	"spriteSourceSize": {"x":0,"y":0,"w":62,"h":51},
	"sourceSize": {"w":62,"h":51}
},
"taskType10002":
{
	"frame": {"x":1979,"y":646,"w":62,"h":51},
	"rotated": false,
	"trimmed": false,
	"spriteSourceSize": {"x":0,"y":0,"w":62,"h":51},
	"sourceSize": {"w":62,"h":51}
},
"taskType10003":
{
	"frame": {"x":1979,"y":646,"w":62,"h":51},
	"rotated": false,
	"trimmed": false,
	"spriteSourceSize": {"x":0,"y":0,"w":62,"h":51},
	"sourceSize": {"w":62,"h":51}
},
"taskType10004":
{
	"frame": {"x":1979,"y":646,"w":62,"h":51},
	"rotated": false,
	"trimmed": false,
	"spriteSourceSize": {"x":0,"y":0,"w":62,"h":51},
	"sourceSize": {"w":62,"h":51}
},
"taskType20000":
{
	"frame": {"x":1432,"y":967,"w":30,"h":51},
	"rotated": false,
	"trimmed": true,
	"spriteSourceSize": {"x":7,"y":0,"w":44,"h":51},
	"sourceSize": {"w":44,"h":51}
},
"taskType20001":
{
	"frame": {"x":1979,"y":866,"w":42,"h":51},
	"rotated": false,
	"trimmed": true,
	"spriteSourceSize": {"x":1,"y":0,"w":44,"h":51},
	"sourceSize": {"w":44,"h":51}
},
"taskType20002":
{
	"frame": {"x":1997,"y":1201,"w":41,"h":51},
	"rotated": false,
	"trimmed": true,
	"spriteSourceSize": {"x":2,"y":0,"w":44,"h":51},
	"sourceSize": {"w":44,"h":51}
},
"taskType20003":
{
	"frame": {"x":1979,"y":813,"w":44,"h":51},
	"rotated": false,
	"trimmed": false,
	"spriteSourceSize": {"x":0,"y":0,"w":44,"h":51},
	"sourceSize": {"w":44,"h":51}
},
"taskType20004":
{
	"frame": {"x":1997,"y":1148,"w":42,"h":51},
	"rotated": false,
	"trimmed": true,
	"spriteSourceSize": {"x":1,"y":0,"w":44,"h":51},
	"sourceSize": {"w":44,"h":51}
},
"tfb0000":
{
	"frame": {"x":1415,"y":1332,"w":409,"h":131},
	"rotated": false,
	"trimmed": false,
	"spriteSourceSize": {"x":0,"y":0,"w":409,"h":131},
	"sourceSize": {"w":409,"h":131}
},
"transitionSquare0000":
{
	"frame": {"x":730,"y":1785,"w":101,"h":101},
	"rotated": false,
	"trimmed": false,
	"spriteSourceSize": {"x":0,"y":0,"w":101,"h":101},
	"sourceSize": {"w":101,"h":101}
},
"victory0000":
{
	"frame": {"x":2,"y":571,"w":507,"h":517},
	"rotated": false,
	"trimmed": false,
	"spriteSourceSize": {"x":0,"y":0,"w":507,"h":517},
	"sourceSize": {"w":507,"h":517}
}},
"meta": {
	"app": "Adobe Animate",
	"version": "16.1.0.86",
	"image": "graphics.png",
	"format": "RGBA8888",
	"size": {"w":2048,"h":2048},
	"scale": "1"
}
}
