{"frames": [

  {
    "filename": "preloaderImg10000",
    "frame": {"x":2,"y":2,"w":171,"h":182},
    "rotated": false,
    "trimmed": false,
    "spriteSourceSize": {"x":0,"y":0,"w":171,"h":182},
    "sourceSize": {"w":171,"h":182}
  }
,{
    "filename": "preloaderImg20000",
    "frame": {"x":2,"y":186,"w":173,"h":12},
    "rotated": false,
    "trimmed": false,
    "spriteSourceSize": {"x":0,"y":0,"w":173,"h":12},
    "sourceSize": {"w":173,"h":12}
  }
,{
    "filename": "preloaderImg30000",
    "frame": {"x":2,"y":200,"w":173,"h":12},
    "rotated": false,
    "trimmed": false,
    "spriteSourceSize": {"x":0,"y":0,"w":173,"h":12},
    "sourceSize": {"w":173,"h":12}
  }
,{
    "filename": "preloaderImg40000",
    "frame": {"x":2,"y":214,"w":37,"h":37},
    "rotated": false,
    "trimmed": false,
    "spriteSourceSize": {"x":0,"y":0,"w":37,"h":37},
    "sourceSize": {"w":37,"h":37}
  }],
  "meta": {
    "app": "Adobe Flash Professional",
    "version": "15.0.1.179",
    "image": "preloaderArt.png",
    "format": "RGBA8888",
    "size": {"w":256,"h":256},
    "scale": "1"
  }
}