{
	"textures": [
		{
			"image": "loader.png",
			"format": "RGBA8888",
			"size": {
				"w": 245,
				"h": 213
			},
			"scale": 1,
			"frames": [
				{
					"filename": "logo.png",
					"rotated": false,
					"trimmed": false,
					"sourceSize": {
						"w": 171,
						"h": 183
					},
					"spriteSourceSize": {
						"x": 0,
						"y": 0,
						"w": 171,
						"h": 183
					},
					"frame": {
						"x": 1,
						"y": 1,
						"w": 171,
						"h": 183
					}
				},
				{
					"filename": "spinner.png",
					"rotated": false,
					"trimmed": false,
					"sourceSize": {
						"w": 70,
						"h": 70
					},
					"spriteSourceSize": {
						"x": 0,
						"y": 0,
						"w": 70,
						"h": 70
					},
					"frame": {
						"x": 174,
						"y": 1,
						"w": 70,
						"h": 70
					}
				},
				{
					"filename": "active.png",
					"rotated": false,
					"trimmed": false,
					"sourceSize": {
						"w": 172,
						"h": 12
					},
					"spriteSourceSize": {
						"x": 0,
						"y": 0,
						"w": 172,
						"h": 12
					},
					"frame": {
						"x": 1,
						"y": 186,
						"w": 172,
						"h": 12
					}
				},
				{
					"filename": "line.png",
					"rotated": false,
					"trimmed": false,
					"sourceSize": {
						"w": 172,
						"h": 12
					},
					"spriteSourceSize": {
						"x": 0,
						"y": 0,
						"w": 172,
						"h": 12
					},
					"frame": {
						"x": 1,
						"y": 200,
						"w": 172,
						"h": 12
					}
				}
			]
		}
	],
	"meta": {
		"app": "https://www.codeandweb.com/texturepacker",
		"version": "3.0",
		"smartupdate": "$TexturePacker:SmartUpdate:ffb524288db8e521a237a96d7356ddee:733c7fcae0669075501da6f02d64673e:f738fe997bb2212a06178648a8058842$"
	}
}
