{
	"textures": [
		{
			"image": "ButtonYes.png",
			"format": "RGBA8888",
			"size": {
				"w": 225,
				"h": 73
			},
			"scale": 1,
			"frames": [
				{
					"filename": "ButtonYes0001.png",
					"rotated": false,
					"trimmed": false,
					"sourceSize": {
						"w": 73,
						"h": 71
					},
					"spriteSourceSize": {
						"x": 0,
						"y": 0,
						"w": 73,
						"h": 71
					},
					"frame": {
						"x": 1,
						"y": 1,
						"w": 73,
						"h": 71
					}
				},
				{
					"filename": "ButtonYes0002.png",
					"rotated": false,
					"trimmed": false,
					"sourceSize": {
						"w": 73,
						"h": 71
					},
					"spriteSourceSize": {
						"x": 0,
						"y": 0,
						"w": 73,
						"h": 71
					},
					"frame": {
						"x": 76,
						"y": 1,
						"w": 73,
						"h": 71
					}
				},
				{
					"filename": "ButtonYes0003.png",
					"rotated": false,
					"trimmed": false,
					"sourceSize": {
						"w": 73,
						"h": 71
					},
					"spriteSourceSize": {
						"x": 0,
						"y": 0,
						"w": 73,
						"h": 71
					},
					"frame": {
						"x": 151,
						"y": 1,
						"w": 73,
						"h": 71
					}
				}
			]
		}
	],
	"meta": {
		"app": "https://www.codeandweb.com/texturepacker",
		"version": "3.0",
		"smartupdate": "$TexturePacker:SmartUpdate:463cd8fbbb3e8681a7434ba5a4b97681:a464d72c5bc3debaf4352149d5fc5938:e882edb7e95c011d7a11e4355a1cc23b$"
	}
}
