{"frames": {

"preloaderBackground0000":
{
	"frame": {"x":2,"y":2,"w":641,"h":428},
	"rotated": false,
	"trimmed": false,
	"spriteSourceSize": {"x":0,"y":0,"w":641,"h":428},
	"sourceSize": {"w":641,"h":428}
},
"preloaderHero0000":
{
	"frame": {"x":645,"y":74,"w":59,"h":70},
	"rotated": false,
	"trimmed": true,
	"spriteSourceSize": {"x":12,"y":1,"w":83,"h":74},
	"sourceSize": {"w":83,"h":74}
},
"preloaderHero0001":
{
	"frame": {"x":831,"y":2,"w":59,"h":70},
	"rotated": false,
	"trimmed": true,
	"spriteSourceSize": {"x":12,"y":1,"w":83,"h":74},
	"sourceSize": {"w":83,"h":74}
},
"preloaderHero0002":
{
	"frame": {"x":892,"y":2,"w":59,"h":69},
	"rotated": false,
	"trimmed": true,
	"spriteSourceSize": {"x":11,"y":2,"w":83,"h":74},
	"sourceSize": {"w":83,"h":74}
},
"preloaderHero0003":
{
	"frame": {"x":829,"y":74,"w":60,"h":66},
	"rotated": false,
	"trimmed": true,
	"spriteSourceSize": {"x":7,"y":5,"w":83,"h":74},
	"sourceSize": {"w":83,"h":74}
},
"preloaderHero0004":
{
	"frame": {"x":891,"y":74,"w":60,"h":66},
	"rotated": false,
	"trimmed": true,
	"spriteSourceSize": {"x":6,"y":7,"w":83,"h":74},
	"sourceSize": {"w":83,"h":74}
},
"preloaderHero0005":
{
	"frame": {"x":891,"y":203,"w":61,"h":63},
	"rotated": false,
	"trimmed": true,
	"spriteSourceSize": {"x":4,"y":10,"w":83,"h":74},
	"sourceSize": {"w":83,"h":74}
},
"preloaderHero0006":
{
	"frame": {"x":706,"y":145,"w":62,"h":62},
	"rotated": false,
	"trimmed": true,
	"spriteSourceSize": {"x":2,"y":11,"w":83,"h":74},
	"sourceSize": {"w":83,"h":74}
},
"preloaderHero0007":
{
	"frame": {"x":954,"y":203,"w":62,"h":61},
	"rotated": false,
	"trimmed": true,
	"spriteSourceSize": {"x":1,"y":12,"w":83,"h":74},
	"sourceSize": {"w":83,"h":74}
},
"preloaderHero0008":
{
	"frame": {"x":708,"y":209,"w":63,"h":60},
	"rotated": false,
	"trimmed": true,
	"spriteSourceSize": {"x":0,"y":13,"w":83,"h":74},
	"sourceSize": {"w":83,"h":74}
},
"preloaderHero0009":
{
	"frame": {"x":773,"y":209,"w":63,"h":60},
	"rotated": false,
	"trimmed": true,
	"spriteSourceSize": {"x":1,"y":12,"w":83,"h":74},
	"sourceSize": {"w":83,"h":74}
},
"preloaderHero0010":
{
	"frame": {"x":953,"y":71,"w":62,"h":64},
	"rotated": false,
	"trimmed": true,
	"spriteSourceSize": {"x":6,"y":7,"w":83,"h":74},
	"sourceSize": {"w":83,"h":74}
},
"preloaderHero0011":
{
	"frame": {"x":768,"y":2,"w":61,"h":68},
	"rotated": false,
	"trimmed": true,
	"spriteSourceSize": {"x":9,"y":3,"w":83,"h":74},
	"sourceSize": {"w":83,"h":74}
},
"preloaderHero0012":
{
	"frame": {"x":645,"y":2,"w":60,"h":70},
	"rotated": false,
	"trimmed": true,
	"spriteSourceSize": {"x":11,"y":1,"w":83,"h":74},
	"sourceSize": {"w":83,"h":74}
},
"preloaderHero0013":
{
	"frame": {"x":707,"y":2,"w":59,"h":71},
	"rotated": false,
	"trimmed": true,
	"spriteSourceSize": {"x":12,"y":0,"w":83,"h":74},
	"sourceSize": {"w":83,"h":74}
},
"preloaderHero0014":
{
	"frame": {"x":768,"y":72,"w":59,"h":70},
	"rotated": false,
	"trimmed": true,
	"spriteSourceSize": {"x":13,"y":1,"w":83,"h":74},
	"sourceSize": {"w":83,"h":74}
},
"preloaderHero0015":
{
	"frame": {"x":706,"y":75,"w":60,"h":68},
	"rotated": false,
	"trimmed": true,
	"spriteSourceSize": {"x":15,"y":3,"w":83,"h":74},
	"sourceSize": {"w":83,"h":74}
},
"preloaderHero0016":
{
	"frame": {"x":829,"y":142,"w":60,"h":65},
	"rotated": false,
	"trimmed": true,
	"spriteSourceSize": {"x":18,"y":7,"w":83,"h":74},
	"sourceSize": {"w":83,"h":74}
},
"preloaderHero0017":
{
	"frame": {"x":953,"y":137,"w":61,"h":64},
	"rotated": false,
	"trimmed": true,
	"spriteSourceSize": {"x":18,"y":9,"w":83,"h":74},
	"sourceSize": {"w":83,"h":74}
},
"preloaderHero0018":
{
	"frame": {"x":954,"y":266,"w":62,"h":61},
	"rotated": false,
	"trimmed": true,
	"spriteSourceSize": {"x":19,"y":12,"w":83,"h":74},
	"sourceSize": {"w":83,"h":74}
},
"preloaderHero0019":
{
	"frame": {"x":838,"y":268,"w":62,"h":59},
	"rotated": false,
	"trimmed": true,
	"spriteSourceSize": {"x":20,"y":14,"w":83,"h":74},
	"sourceSize": {"w":83,"h":74}
},
"preloaderHero0020":
{
	"frame": {"x":708,"y":271,"w":62,"h":59},
	"rotated": false,
	"trimmed": true,
	"spriteSourceSize": {"x":21,"y":15,"w":83,"h":74},
	"sourceSize": {"w":83,"h":74}
},
"preloaderHero0021":
{
	"frame": {"x":772,"y":271,"w":62,"h":58},
	"rotated": false,
	"trimmed": true,
	"spriteSourceSize": {"x":19,"y":14,"w":83,"h":74},
	"sourceSize": {"w":83,"h":74}
},
"preloaderHero0022":
{
	"frame": {"x":645,"y":209,"w":61,"h":62},
	"rotated": false,
	"trimmed": true,
	"spriteSourceSize": {"x":17,"y":9,"w":83,"h":74},
	"sourceSize": {"w":83,"h":74}
},
"preloaderHero0023":
{
	"frame": {"x":953,"y":2,"w":60,"h":67},
	"rotated": false,
	"trimmed": true,
	"spriteSourceSize": {"x":14,"y":4,"w":83,"h":74},
	"sourceSize": {"w":83,"h":74}
},
"preloaderProgress0000":
{
	"frame": {"x":824,"y":154,"w":3,"h":8},
	"rotated": false,
	"trimmed": true,
	"spriteSourceSize": {"x":0,"y":0,"w":99,"h":8},
	"sourceSize": {"w":99,"h":8}
},
"preloaderProgress0001":
{
	"frame": {"x":947,"y":308,"w":5,"h":8},
	"rotated": false,
	"trimmed": true,
	"spriteSourceSize": {"x":0,"y":0,"w":99,"h":8},
	"sourceSize": {"w":99,"h":8}
},
"preloaderProgress0002":
{
	"frame": {"x":945,"y":318,"w":7,"h":8},
	"rotated": false,
	"trimmed": true,
	"spriteSourceSize": {"x":0,"y":0,"w":99,"h":8},
	"sourceSize": {"w":99,"h":8}
},
"preloaderProgress0003":
{
	"frame": {"x":877,"y":219,"w":9,"h":8},
	"rotated": false,
	"trimmed": true,
	"spriteSourceSize": {"x":0,"y":0,"w":99,"h":8},
	"sourceSize": {"w":99,"h":8}
},
"preloaderProgress0004":
{
	"frame": {"x":875,"y":229,"w":11,"h":8},
	"rotated": false,
	"trimmed": true,
	"spriteSourceSize": {"x":0,"y":0,"w":99,"h":8},
	"sourceSize": {"w":99,"h":8}
},
"preloaderProgress0005":
{
	"frame": {"x":873,"y":239,"w":13,"h":8},
	"rotated": false,
	"trimmed": true,
	"spriteSourceSize": {"x":0,"y":0,"w":99,"h":8},
	"sourceSize": {"w":99,"h":8}
},
"preloaderProgress0006":
{
	"frame": {"x":1007,"y":349,"w":15,"h":8},
	"rotated": false,
	"trimmed": true,
	"spriteSourceSize": {"x":0,"y":0,"w":99,"h":8},
	"sourceSize": {"w":99,"h":8}
},
"preloaderProgress0007":
{
	"frame": {"x":871,"y":249,"w":17,"h":8},
	"rotated": false,
	"trimmed": true,
	"spriteSourceSize": {"x":0,"y":0,"w":99,"h":8},
	"sourceSize": {"w":99,"h":8}
},
"preloaderProgress0008":
{
	"frame": {"x":770,"y":184,"w":19,"h":8},
	"rotated": false,
	"trimmed": true,
	"spriteSourceSize": {"x":0,"y":0,"w":99,"h":8},
	"sourceSize": {"w":99,"h":8}
},
"preloaderProgress0009":
{
	"frame": {"x":795,"y":174,"w":21,"h":8},
	"rotated": false,
	"trimmed": true,
	"spriteSourceSize": {"x":0,"y":0,"w":99,"h":8},
	"sourceSize": {"w":99,"h":8}
},
"preloaderProgress0010":
{
	"frame": {"x":770,"y":174,"w":23,"h":8},
	"rotated": false,
	"trimmed": true,
	"spriteSourceSize": {"x":0,"y":0,"w":99,"h":8},
	"sourceSize": {"w":99,"h":8}
},
"preloaderProgress0011":
{
	"frame": {"x":799,"y":164,"w":25,"h":8},
	"rotated": false,
	"trimmed": true,
	"spriteSourceSize": {"x":0,"y":0,"w":99,"h":8},
	"sourceSize": {"w":99,"h":8}
},
"preloaderProgress0012":
{
	"frame": {"x":770,"y":164,"w":27,"h":8},
	"rotated": false,
	"trimmed": true,
	"spriteSourceSize": {"x":0,"y":0,"w":99,"h":8},
	"sourceSize": {"w":99,"h":8}
},
"preloaderProgress0013":
{
	"frame": {"x":993,"y":369,"w":29,"h":8},
	"rotated": false,
	"trimmed": true,
	"spriteSourceSize": {"x":0,"y":0,"w":99,"h":8},
	"sourceSize": {"w":99,"h":8}
},
"preloaderProgress0014":
{
	"frame": {"x":838,"y":249,"w":31,"h":8},
	"rotated": false,
	"trimmed": true,
	"spriteSourceSize": {"x":0,"y":0,"w":99,"h":8},
	"sourceSize": {"w":99,"h":8}
},
"preloaderProgress0015":
{
	"frame": {"x":838,"y":239,"w":33,"h":8},
	"rotated": false,
	"trimmed": true,
	"spriteSourceSize": {"x":0,"y":0,"w":99,"h":8},
	"sourceSize": {"w":99,"h":8}
},
"preloaderProgress0016":
{
	"frame": {"x":838,"y":229,"w":35,"h":8},
	"rotated": false,
	"trimmed": true,
	"spriteSourceSize": {"x":0,"y":0,"w":99,"h":8},
	"sourceSize": {"w":99,"h":8}
},
"preloaderProgress0017":
{
	"frame": {"x":838,"y":219,"w":37,"h":8},
	"rotated": false,
	"trimmed": true,
	"spriteSourceSize": {"x":0,"y":0,"w":99,"h":8},
	"sourceSize": {"w":99,"h":8}
},
"preloaderProgress0018":
{
	"frame": {"x":838,"y":209,"w":39,"h":8},
	"rotated": false,
	"trimmed": true,
	"spriteSourceSize": {"x":0,"y":0,"w":99,"h":8},
	"sourceSize": {"w":99,"h":8}
},
"preloaderProgress0019":
{
	"frame": {"x":902,"y":318,"w":41,"h":8},
	"rotated": false,
	"trimmed": true,
	"spriteSourceSize": {"x":0,"y":0,"w":99,"h":8},
	"sourceSize": {"w":99,"h":8}
},
"preloaderProgress0020":
{
	"frame": {"x":902,"y":308,"w":43,"h":8},
	"rotated": false,
	"trimmed": true,
	"spriteSourceSize": {"x":0,"y":0,"w":99,"h":8},
	"sourceSize": {"w":99,"h":8}
},
"preloaderProgress0021":
{
	"frame": {"x":902,"y":298,"w":45,"h":8},
	"rotated": false,
	"trimmed": true,
	"spriteSourceSize": {"x":0,"y":0,"w":99,"h":8},
	"sourceSize": {"w":99,"h":8}
},
"preloaderProgress0022":
{
	"frame": {"x":902,"y":288,"w":47,"h":8},
	"rotated": false,
	"trimmed": true,
	"spriteSourceSize": {"x":0,"y":0,"w":99,"h":8},
	"sourceSize": {"w":99,"h":8}
},
"preloaderProgress0023":
{
	"frame": {"x":902,"y":278,"w":49,"h":8},
	"rotated": false,
	"trimmed": true,
	"spriteSourceSize": {"x":0,"y":0,"w":99,"h":8},
	"sourceSize": {"w":99,"h":8}
},
"preloaderProgress0024":
{
	"frame": {"x":902,"y":268,"w":50,"h":8},
	"rotated": false,
	"trimmed": true,
	"spriteSourceSize": {"x":0,"y":0,"w":99,"h":8},
	"sourceSize": {"w":99,"h":8}
},
"preloaderProgress0025":
{
	"frame": {"x":770,"y":154,"w":52,"h":8},
	"rotated": false,
	"trimmed": true,
	"spriteSourceSize": {"x":0,"y":0,"w":99,"h":8},
	"sourceSize": {"w":99,"h":8}
},
"preloaderProgress0026":
{
	"frame": {"x":965,"y":359,"w":54,"h":8},
	"rotated": false,
	"trimmed": true,
	"spriteSourceSize": {"x":0,"y":0,"w":99,"h":8},
	"sourceSize": {"w":99,"h":8}
},
"preloaderProgress0027":
{
	"frame": {"x":770,"y":144,"w":56,"h":8},
	"rotated": false,
	"trimmed": true,
	"spriteSourceSize": {"x":0,"y":0,"w":99,"h":8},
	"sourceSize": {"w":99,"h":8}
},
"preloaderProgress0028":
{
	"frame": {"x":645,"y":146,"w":58,"h":8},
	"rotated": false,
	"trimmed": true,
	"spriteSourceSize": {"x":0,"y":0,"w":99,"h":8},
	"sourceSize": {"w":99,"h":8}
},
"preloaderProgress0029":
{
	"frame": {"x":891,"y":142,"w":60,"h":8},
	"rotated": false,
	"trimmed": true,
	"spriteSourceSize": {"x":0,"y":0,"w":99,"h":8},
	"sourceSize": {"w":99,"h":8}
},
"preloaderProgress0030":
{
	"frame": {"x":929,"y":369,"w":62,"h":8},
	"rotated": false,
	"trimmed": true,
	"spriteSourceSize": {"x":0,"y":0,"w":99,"h":8},
	"sourceSize": {"w":99,"h":8}
},
"preloaderProgress0031":
{
	"frame": {"x":863,"y":369,"w":64,"h":8},
	"rotated": false,
	"trimmed": true,
	"spriteSourceSize": {"x":0,"y":0,"w":99,"h":8},
	"sourceSize": {"w":99,"h":8}
},
"preloaderProgress0032":
{
	"frame": {"x":795,"y":369,"w":66,"h":8},
	"rotated": false,
	"trimmed": true,
	"spriteSourceSize": {"x":0,"y":0,"w":99,"h":8},
	"sourceSize": {"w":99,"h":8}
},
"preloaderProgress0033":
{
	"frame": {"x":645,"y":372,"w":68,"h":8},
	"rotated": false,
	"trimmed": true,
	"spriteSourceSize": {"x":0,"y":0,"w":99,"h":8},
	"sourceSize": {"w":99,"h":8}
},
"preloaderProgress0034":
{
	"frame": {"x":723,"y":369,"w":70,"h":8},
	"rotated": false,
	"trimmed": true,
	"spriteSourceSize": {"x":0,"y":0,"w":99,"h":8},
	"sourceSize": {"w":99,"h":8}
},
"preloaderProgress0035":
{
	"frame": {"x":891,"y":359,"w":72,"h":8},
	"rotated": false,
	"trimmed": true,
	"spriteSourceSize": {"x":0,"y":0,"w":99,"h":8},
	"sourceSize": {"w":99,"h":8}
},
"preloaderProgress0036":
{
	"frame": {"x":815,"y":359,"w":74,"h":8},
	"rotated": false,
	"trimmed": true,
	"spriteSourceSize": {"x":0,"y":0,"w":99,"h":8},
	"sourceSize": {"w":99,"h":8}
},
"preloaderProgress0037":
{
	"frame": {"x":645,"y":362,"w":76,"h":8},
	"rotated": false,
	"trimmed": true,
	"spriteSourceSize": {"x":0,"y":0,"w":99,"h":8},
	"sourceSize": {"w":99,"h":8}
},
"preloaderProgress0038":
{
	"frame": {"x":735,"y":359,"w":78,"h":8},
	"rotated": false,
	"trimmed": true,
	"spriteSourceSize": {"x":0,"y":0,"w":99,"h":8},
	"sourceSize": {"w":99,"h":8}
},
"preloaderProgress0039":
{
	"frame": {"x":937,"y":339,"w":80,"h":8},
	"rotated": false,
	"trimmed": true,
	"spriteSourceSize": {"x":0,"y":0,"w":99,"h":8},
	"sourceSize": {"w":99,"h":8}
},
"preloaderProgress0040":
{
	"frame": {"x":937,"y":329,"w":82,"h":8},
	"rotated": false,
	"trimmed": true,
	"spriteSourceSize": {"x":0,"y":0,"w":99,"h":8},
	"sourceSize": {"w":99,"h":8}
},
"preloaderProgress0041":
{
	"frame": {"x":921,"y":349,"w":84,"h":8},
	"rotated": false,
	"trimmed": true,
	"spriteSourceSize": {"x":0,"y":0,"w":99,"h":8},
	"sourceSize": {"w":99,"h":8}
},
"preloaderProgress0042":
{
	"frame": {"x":833,"y":349,"w":86,"h":8},
	"rotated": false,
	"trimmed": true,
	"spriteSourceSize": {"x":0,"y":0,"w":99,"h":8},
	"sourceSize": {"w":99,"h":8}
},
"preloaderProgress0043":
{
	"frame": {"x":645,"y":352,"w":88,"h":8},
	"rotated": false,
	"trimmed": true,
	"spriteSourceSize": {"x":0,"y":0,"w":99,"h":8},
	"sourceSize": {"w":99,"h":8}
},
"preloaderProgress0044":
{
	"frame": {"x":741,"y":349,"w":90,"h":8},
	"rotated": false,
	"trimmed": true,
	"spriteSourceSize": {"x":0,"y":0,"w":99,"h":8},
	"sourceSize": {"w":99,"h":8}
},
"preloaderProgress0045":
{
	"frame": {"x":843,"y":339,"w":92,"h":8},
	"rotated": false,
	"trimmed": true,
	"spriteSourceSize": {"x":0,"y":0,"w":99,"h":8},
	"sourceSize": {"w":99,"h":8}
},
"preloaderProgress0046":
{
	"frame": {"x":645,"y":342,"w":94,"h":8},
	"rotated": false,
	"trimmed": true,
	"spriteSourceSize": {"x":0,"y":0,"w":99,"h":8},
	"sourceSize": {"w":99,"h":8}
},
"preloaderProgress0047":
{
	"frame": {"x":745,"y":339,"w":96,"h":8},
	"rotated": false,
	"trimmed": true,
	"spriteSourceSize": {"x":0,"y":0,"w":99,"h":8},
	"sourceSize": {"w":99,"h":8}
},
"preloaderProgress0048":
{
	"frame": {"x":645,"y":332,"w":98,"h":8},
	"rotated": false,
	"trimmed": true,
	"spriteSourceSize": {"x":0,"y":0,"w":99,"h":8},
	"sourceSize": {"w":99,"h":8}
},
"preloaderProgress0049":
{
	"frame": {"x":836,"y":329,"w":99,"h":8},
	"rotated": false,
	"trimmed": false,
	"spriteSourceSize": {"x":0,"y":0,"w":99,"h":8},
	"sourceSize": {"w":99,"h":8}
}},
"meta": {
	"app": "Adobe Animate",
	"version": "16.1.0.86",
	"image": "preloader.png",
	"format": "RGBA8888",
	"size": {"w":1024,"h":1024},
	"scale": "1"
}
}
