﻿{
	"data": {
		"niveles": {
			"nivel": [
				{
					"plataformas": {
						"plataforma": {
							"_x": "0",
							"_y": "510",
							"_cant": "20"
						}
					},
					"mariposas": {
						"mariposa": {
							"_x": "680",
							"_y": "420"
						}
					},
					"_numero": "0",
					"_tiempo": "60",
					"_mundo": "1"
				},
				{
					"plataformas": {
						"plataforma": [{
							"_x": "0",
							"_y": "540",
							"_cant": "20"
						}]
					},
					"mariposas": {
						"mariposa": [
							{
								"_x": "240",
								"_y": "475",
								"_tipo": "1"
							},
							{
								"_x": "320",
								"_y": "475",
								"_tipo": "1"
							},
							{
								"_x": "400",
								"_y": "475",
								"_tipo": "1"
							},
							{
								"_x": "480",
								"_y": "475",
								"_tipo": "1"
							},
							{
								"_x": "560",
								"_y": "475",
								"_tipo": "1"
							},
							{
								"_x": "640",
								"_y": "475",
								"_tipo": "1"
							}
						]
					},
					
					"_numero": "1",
					"_tiempo": "30",
					"_mundo": "1",
					"bag":{
						"_x":"106",
						"_y":"523"
					},
					"objects": [
						{
							"_x": "144",
							"_y": "167",
							"_frame": "0001"
						},
						{
							"_x": "543",
							"_y": "202",
							"_frame": "0002"
						},
						{
							"_x": "671",
							"_y": "145",
							"_frame": "0003"
						},
						{
							"_x": "90",
							"_y": "459",
							"_frame": "0004"
						}
					]
				},
				{
					"plataformas": {
						"plataforma": [
							{
								"_x": "480",
								"_y": "390",
								"_cant": "8"
							},
							{
								"_x": "0",
								"_y": "540",
								"_cant": "20"
							}
						]
					},
					"mariposas": {
						"mariposa": [
							{
								"_x": "520",
								"_y": "325",
								"_tipo": "1"
							},
							{
								"_x": "600",
								"_y": "325",
								"_tipo": "1"
							},
							{
								"_x": "200",
								"_y": "475",
								"_tipo": "1"
							},
							{
								"_x": "320",
								"_y": "475",
								"_tipo": "1"
							},
							{
								"_x": "440",
								"_y": "475",
								"_tipo": "1"
							},
							{
								"_x": "560",
								"_y": "475",
								"_tipo": "1"
							},
							{
								"_x": "680",
								"_y": "475",
								"_tipo": "2"
							}
						]
					},
					"_numero": "2",
					"_tiempo": "45",
					"_mundo": "1",
					"bag":{
						"_x":"106",
						"_y":"523"
					},
					"objects": [
						{
							"_x": "144",
							"_y": "167",
							"_frame": "0001"
						},
						{
							"_x": "543",
							"_y": "202",
							"_frame": "0002"
						},
						{
							"_x": "671",
							"_y": "145",
							"_frame": "0003"
						},
						{
							"_x": "90",
							"_y": "459",
							"_frame": "0004"
						},
						{
							"_x": "721",
							"_y": "313",
							"_frame": "0005"
						},
						{
							"_x": "725",
							"_y": "384",
							"_frame": "0006"
						}
					]
				},
				{
					"plataformas": {
						"plataforma": [
							{
								"_x": "280",
								"_y": "240",
								"_cant": "10"
							},
							{
								"_x": "0",
								"_y": "390",
								"_cant": "8"
							},
							{
								"_x": "0",
								"_y": "540",
								"_cant": "20"
							}
						]
					},
					"mariposas": {
						"mariposa": [
							{
								"_x": "360",
								"_y": "175",
								"_tipo": "1"
							},
							{
								"_x": "480",
								"_y": "115",
								"_tipo": "1"
							},
							{
								"_x": "560",
								"_y": "175",
								"_tipo": "2"
							},
							{
								"_x": "40",
								"_y": "325",
								"_tipo": "1"
							},
							{
								"_x": "120",
								"_y": "325",
								"_tipo": "1"
							},
							{
								"_x": "200",
								"_y": "325",
								"_tipo": "1"
							},
							{
								"_x": "360",
								"_y": "475",
								"_tipo": "1"
							},
							{
								"_x": "480",
								"_y": "475",
								"_tipo": "1"
							},
							{
								"_x": "600",
								"_y": "475",
								"_tipo": "1"
							},
							{
								"_x": "720",
								"_y": "475",
								"_tipo": "1"
							}
						]
					},
					"_numero": "3",
					"_tiempo": "60",
					"_mundo": "1",
					"bag":{
						"_x":"690",
						"_y":"522"
					},
					"objects": [
						{
							"_x": "196",
							"_y": "516",
							"_frame": "0008"
						},
						{
							"_x": "713",
							"_y": "458",
							"_frame": "0007"
						},
						{
							"_x": "101",
							"_y": "367",
							"_frame": "0009"
						},
						{
							"_x": "556",
							"_y": "178",
							"_frame": "0010"
						},
						{
							"_x": "565",
							"_y": "230",
							"_frame": "0011"
						}
					]
				},
				{
					"plataformas": {
						"plataforma": [
							{
								"_x": "0",
								"_y": "240",
								"_cant": "8"
							},
							{
								"_x": "0",
								"_y": "390",
								"_cant": "10"
							},
							{
								"_x": "0",
								"_y": "540",
								"_cant": "20"
							}
						]
					},
					"mariposas": {
						"mariposa": [
							{
								"_x": "40",
								"_y": "175",
								"_tipo": "1"
							},
							{
								"_x": "120",
								"_y": "175",
								"_tipo": "1"
							},
							{
								"_x": "200",
								"_y": "175",
								"_tipo": "2"
							},
							{
								"_x": "40",
								"_y": "325",
								"_tipo": "2"
							},
							{
								"_x": "120",
								"_y": "325",
								"_tipo": "1"
							},
							{
								"_x": "200",
								"_y": "325",
								"_tipo": "1"
							},
							{
								"_x": "280",
								"_y": "325",
								"_tipo": "1"
							},
							{
								"_x": "400",
								"_y": "475",
								"_tipo": "1"
							},
							{
								"_x": "500",
								"_y": "475",
								"_tipo": "1"
							},
							{
								"_x": "600",
								"_y": "475",
								"_tipo": "1"
							}
						]
					},
					"_numero": "4",
					"_tiempo": "40",
					"_mundo": "2",
					"bag":{
						"_x":"687",
						"_y":"523"
					},
					"objects": [
						{
							"_x": "270",
							"_y": "157",
							"_frame": "0012"
						},
						{
							"_x": "99",
							"_y": "234",
							"_frame": "0013"
						},
						{
							"_x": "553",
							"_y": "169",
							"_frame": "0014"
						},
						{
							"_x": "698",
							"_y": "240",
							"_frame": "0015"
						},
						{
							"_x": "264",
							"_y": "508",
							"_frame": "0016"
						},
						{
							"_x": "710",
							"_y": "446",
							"_frame": "0017"
						}
					]
				},
				{
					"plataformas": {
						"plataforma": [
							{
								"_x": "240",
								"_y": "240",
								"_cant": "8"
							},
							{
								"_x": "0",
								"_y": "390",
								"_cant": "7"
							},
							{
								"_x": "520",
								"_y": "390",
								"_cant": "7"
							},
							{
								"_x": "0",
								"_y": "540",
								"_cant": "20"
							}
						]
					},
					"mariposas": {
						"mariposa": [
							{
								"_x": "335",
								"_y": "175",
								"_tipo": "1"
							},
							{
								"_x": "405",
								"_y": "175",
								"_tipo": "1"
							},
							{
								"_x": "475",
								"_y": "175",
								"_tipo": "1"
							},
							{
								"_x": "100",
								"_y": "325",
								"_tipo": "1"
							},
							{
								"_x": "180",
								"_y": "325",
								"_tipo": "1"
							},
							{
								"_x": "640",
								"_y": "325",
								"_tipo": "1"
							},
							{
								"_x": "720",
								"_y": "180",
								"_tipo": "2"
							},
							{
								"_x": "180",
								"_y": "475",
								"_tipo": "1"
							},
							{
								"_x": "300",
								"_y": "475",
								"_tipo": "2"
							},
							{
								"_x": "420",
								"_y": "475",
								"_tipo": "1"
							},
							{
								"_x": "540",
								"_y": "475",
								"_tipo": "1"
							},
							{
								"_x": "660",
								"_y": "475",
								"_tipo": "1"
							}
						]
					},
					"_numero": "5",
					"_tiempo": "40",
					"_mundo": "2",
					"bag":{
						"_x":"420",
						"_y":"523"
					},
					"objects": [
						{
							"_x": "563",
							"_y": "530",
							"_frame": "0020"
						},
						{
							"_x": "699",
							"_y": "524",
							"_frame": "0021"
						},
						{
							"_x": "84",
							"_y": "373",
							"_frame": "0018"
						},
						{
							"_x": "369",
							"_y": "429",
							"_frame": "0019"
						},
						{
							"_x": "726",
							"_y": "355",
							"_frame": "0016"
						}
					]
				},
				{
					"plataformas": {
						"plataforma": [
							{
								"_x": "360",
								"_y": "240",
								"_cant": "9"
							},
							{
								"_x": "160",
								"_y": "390",
								"_cant": "8"
							},
							{
								"_x": "560",
								"_y": "390",
								"_cant": "4"
							},
							{
								"_x": "0",
								"_y": "540",
								"_cant": "20"
							}
						]
					},
					"mariposas": {
						"mariposa": [
							{
								"_x": "400",
								"_y": "175",
								"_tipo": "1"
							},
							{
								"_x": "480",
								"_y": "175",
								"_tipo": "1"
							},
							{
								"_x": "560",
								"_y": "175",
								"_tipo": "1"
							},
							{
								"_x": "640",
								"_y": "175",
								"_tipo": "1"
							},
							{
								"_x": "240",
								"_y": "325",
								"_tipo": "1"
							},
							{
								"_x": "320",
								"_y": "325",
								"_tipo": "1"
							},
							{
								"_x": "400",
								"_y": "325",
								"_tipo": "1"
							},
							{
								"_x": "600",
								"_y": "325",
								"_tipo": "1"
							},
							{
								"_x": "680",
								"_y": "325",
								"_tipo": "1"
							},
							{
								"_x": "240",
								"_y": "475",
								"_tipo": "1"
							},
							{
								"_x": "400",
								"_y": "475",
								"_tipo": "2"
							},
							{
								"_x": "720",
								"_y": "475",
								"_tipo": "2"
							}
						]
					},
					"_numero": "6",
					"_tiempo": "30",
					"_mundo": "3",
					"bag":{
						"_x":"121",
						"_y":"523"
					},
					"objects": [
						{
							"_x": "410",
							"_y": "189",
							"_frame": "0022"
						},
						{
							"_x": "232",
							"_y": "377",
							"_frame": "0023"
						},
						{
							"_x": "665",
							"_y": "331",
							"_frame": "0024"
						},
						{
							"_x": "90",
							"_y": "443",
							"_frame": "0025"
						},
						{
							"_x": "617",
							"_y": "489",
							"_frame": "0026"
						}
					]
				},
				{
					"plataformas": {
						"plataforma": [
							{
								"_x": "160",
								"_y": "240",
								"_cant": "16"
							},
							{
								"_x": "480",
								"_y": "390",
								"_cant": "8"
							},
							{
								"_x": "0",
								"_y": "540",
								"_cant": "20"
							}
						]
					},
					"mariposas": {
						"mariposa": [
							{
								"_x": "280",
								"_y": "115",
								"_tipo": "2"
							},
							{
								"_x": "360",
								"_y": "175",
								"_tipo": "2"
							},
							{
								"_x": "480",
								"_y": "175",
								"_tipo": "1"
							},
							{
								"_x": "600",
								"_y": "175",
								"_tipo": "1"
							},
							{
								"_x": "720",
								"_y": "175",
								"_tipo": "1"
							},
							{
								"_x": "520",
								"_y": "325",
								"_tipo": "1"
							},
							{
								"_x": "600",
								"_y": "325",
								"_tipo": "2"
							},
							{
								"_x": "680",
								"_y": "325",
								"_tipo": "1"
							},
							{
								"_x": "160",
								"_y": "475",
								"_tipo": "1"
							},
							{
								"_x": "240",
								"_y": "475",
								"_tipo": "1"
							},
							{
								"_x": "400",
								"_y": "330",
								"_tipo": "1"
							},
							{
								"_x": "560",
								"_y": "475",
								"_tipo": "1"
							},
							{
								"_x": "640",
								"_y": "475",
								"_tipo": "1"
							},
							{
								"_x": "720",
								"_y": "475",
								"_tipo": "1"
							}
						]
					},
					"_numero": "7",
					"_tiempo": "40",
					"_mundo": "3",
					"bag":{
						"_x":"142",
						"_y":"523"
					},
					"objects": [
						{
							"_x": "75",
							"_y": "462",
							"_frame": "0027"
						},
						{
							"_x": "302",
							"_y": "178",
							"_frame": "0028"
						},
						{
							"_x": "567",
							"_y": "361",
							"_frame": "0029"
						},
						{
							"_x": "691",
							"_y": "187",
							"_frame": "0030"
						}
					]
				},
				{
					"plataformas": {
						"plataforma": [
							{
								"_x": "280",
								"_y": "240",
								"_cant": "5"
							},
							{
								"_x": "160",
								"_y": "390",
								"_cant": "11"
							},
							{
								"_x": "0",
								"_y": "540",
								"_cant": "20"
							}
						]
					},
					"mariposas": {
						"mariposa": [
							{
								"_x": "300",
								"_y": "175",
								"_tipo": "1"
							},
							{
								"_x": "380",
								"_y": "175",
								"_tipo": "1"
							},
							{
								"_x": "460",
								"_y": "175",
								"_tipo": "1"
							},
							{
								"_x": "170",
								"_y": "325",
								"_tipo": "1"
							},
							{
								"_x": "250",
								"_y": "325",
								"_tipo": "2"
							},
							{
								"_x": "330",
								"_y": "325",
								"_tipo": "1"
							},
							{
								"_x": "410",
								"_y": "325",
								"_tipo": "1"
							},
							{
								"_x": "490",
								"_y": "325",
								"_tipo": "1"
							},
							{
								"_x": "570",
								"_y": "325",
								"_tipo": "1"
							},
							{
								"_x": "40",
								"_y": "330",
								"_tipo": "1"
							},
							{
								"_x": "720",
								"_y": "330",
								"_tipo": "2"
							},
							{
								"_x": "200",
								"_y": "475",
								"_tipo": "1"
							},
							{
								"_x": "280",
								"_y": "475",
								"_tipo": "1"
							},
							{
								"_x": "360",
								"_y": "475",
								"_tipo": "2"
							},
							{
								"_x": "440",
								"_y": "475",
								"_tipo": "1"
							},
							{
								"_x": "560",
								"_y": "475",
								"_tipo": "1"
							}
						]
					},
					"_numero": "8",
					"_tiempo": "40",
					"_mundo": "4",
					"bag":{
						"_x":"103",
						"_y":"523"
					},
					"objects": [
						{
							"_x": "681",
							"_y": "200",
							"_frame": "0031"
						},
						{
							"_x": "346",
							"_y": "225",
							"_frame": "0032"
						},
						{
							"_x": "505",
							"_y": "364",
							"_frame": "0033"
						},
						{
							"_x": "254",
							"_y": "386",
							"_frame": "0034"
						},
						{
							"_x": "586",
							"_y": "535",
							"_frame": "0034"
						},
						{
							"_x": "699",
							"_y": "485",
							"_frame": "0035"
						},
						{
							"_x": "99",
							"_y": "450",
							"_frame": "0036"
						}
					]
				},
				{
					"plataformas": {
						"plataforma": [
							{
								"_x": "0",
								"_y": "240",
								"_cant": "11"
							},
							{
								"_x": "520",
								"_y": "240",
								"_cant": "7"
							},
							{
								"_x": "0",
								"_y": "390",
								"_cant": "6"
							},
							{
								"_x": "400",
								"_y": "390",
								"_cant": "4"
							},
							{
								"_x": "0",
								"_y": "540",
								"_cant": "20"
							}
						]
					},
					"mariposas": {
						"mariposa": [
							{
								"_x": "40",
								"_y": "175",
								"_tipo": "1"
							},
							{
								"_x": "120",
								"_y": "175",
								"_tipo": "1"
							},
							{
								"_x": "200",
								"_y": "175",
								"_tipo": "1"
							},
							{
								"_x": "280",
								"_y": "175",
								"_tipo": "1"
							},
							{
								"_x": "400",
								"_y": "175",
								"_tipo": "1"
							},
							{
								"_x": "520",
								"_y": "175",
								"_tipo": "1"
							},
							{
								"_x": "640",
								"_y": "175",
								"_tipo": "1"
							},
							{
								"_x": "720",
								"_y": "175",
								"_tipo": "2"
							},
							{
								"_x": "40",
								"_y": "325",
								"_tipo": "1"
							},
							{
								"_x": "120",
								"_y": "325",
								"_tipo": "1"
							},
							{
								"_x": "200",
								"_y": "325",
								"_tipo": "1"
							},
							{
								"_x": "160",
								"_y": "475",
								"_tipo": "2"
							},
							{
								"_x": "260",
								"_y": "475",
								"_tipo": "1"
							},
							{
								"_x": "360",
								"_y": "475",
								"_tipo": "2"
							},
							{
								"_x": "580",
								"_y": "475",
								"_tipo": "1"
							},
							{
								"_x": "650",
								"_y": "475",
								"_tipo": "1"
							}
						]
					},
					"_numero": "9",
					"_tiempo": "30",
					"_mundo": "4",
					"bag":{
						"_x":"689",
						"_y":"523"
					},
					"objects": [
						{
							"_x": "293",
							"_y": "78",
							"_frame": "0037"
						},
						{
							"_x": "92",
							"_y": "204",
							"_frame": "0038"
						},
						{
							"_x": "720",
							"_y": "227",
							"_frame": "0039"
						},
						{
							"_x": "78",
							"_y": "385",
							"_frame": "0040"
						},
						{
							"_x": "332",
							"_y": "524",
							"_frame": "0041"
						},
						{
							"_x": "712",
							"_y": "465",
							"_frame": "0042"
						}
					]
				},
				{
					"plataformas": {
						"plataforma": [
							{
								"_x": "0",
								"_y": "240",
								"_cant": "9"
							},
							{
								"_x": "480",
								"_y": "240",
								"_cant": "8"
							},
							{
								"_x": "0",
								"_y": "390",
								"_cant": "6"
							},
							{
								"_x": "560",
								"_y": "390",
								"_cant": "6"
							},
							{
								"_x": "0",
								"_y": "540",
								"_cant": "20"
							}
						]
					},
					"mariposas": {
						"mariposa": [
							{
								"_x": "40",
								"_y": "175",
								"_tipo": "1"
							},
							{
								"_x": "120",
								"_y": "175",
								"_tipo": "1"
							},
							{
								"_x": "200",
								"_y": "175",
								"_tipo": "1"
							},
							{
								"_x": "310",
								"_y": "175",
								"_tipo": "2"
							},
							{
								"_x": "510",
								"_y": "175",
								"_tipo": "1"
							},
							{
								"_x": "590",
								"_y": "175",
								"_tipo": "1"
							},
							{
								"_x": "670",
								"_y": "175",
								"_tipo": "1"
							},
							{
								"_x": "750",
								"_y": "175",
								"_tipo": "1"
							},
							{
								"_x": "40",
								"_y": "325",
								"_tipo": "1"
							},
							{
								"_x": "120",
								"_y": "325",
								"_tipo": "1"
							},
							{
								"_x": "200",
								"_y": "325",
								"_tipo": "1"
							},
							{
								"_x": "620",
								"_y": "325",
								"_tipo": "1"
							},
							{
								"_x": "700",
								"_y": "325",
								"_tipo": "1"
							},
							{
								"_x": "160",
								"_y": "475",
								"_tipo": "1"
							},
							{
								"_x": "240",
								"_y": "475",
								"_tipo": "1"
							},
							{
								"_x": "320",
								"_y": "475",
								"_tipo": "2"
							},
							{
								"_x": "400",
								"_y": "330",
								"_tipo": "1"
							},
							{
								"_x": "520",
								"_y": "475",
								"_tipo": "2"
							},
							{
								"_x": "620",
								"_y": "475",
								"_tipo": "1"
							},
							{
								"_x": "720",
								"_y": "475",
								"_tipo": "1"
							}
						]
					},
					"_numero": "10",
					"_tiempo": "50",
					"_mundo": "5",
					"bag":{
						"_x":"471",
						"_y":"523"
					},
					"objects": [
						{
							"_x": "241",
							"_y": "178",
							"_frame": "0043"
						},
						{
							"_x": "564",
							"_y": "234",
							"_frame": "0044"
						},
						{
							"_x": "728",
							"_y": "367",
							"_frame": "0045"
						},
						{
							"_x": "461",
							"_y": "448",
							"_frame": "0046"
						},
						{
							"_x": "54",
							"_y": "500",
							"_frame": "0047"
						},
						{
							"_x": "224",
							"_y": "230",
							"_frame": "0058"
						}
					]
				},
				{
					"plataformas": {
						"plataforma": [
							{
								"_x": "80",
								"_y": "240",
								"_cant": "6"
							},
							{
								"_x": "520",
								"_y": "240",
								"_cant": "6"
							},
							{
								"_x": "80",
								"_y": "390",
								"_cant": "7"
							},
							{
								"_x": "480",
								"_y": "390",
								"_cant": "7"
							},
							{
								"_x": "0",
								"_y": "540",
								"_cant": "20"
							}
						]
					},
					"mariposas": {
						"mariposa": [
							{
								"_x": "120",
								"_y": "175",
								"_tipo": "1"
							},
							{
								"_x": "200",
								"_y": "175",
								"_tipo": "1"
							},
							{
								"_x": "280",
								"_y": "175",
								"_tipo": "1"
							},
							{
								"_x": "560",
								"_y": "175",
								"_tipo": "2"
							},
							{
								"_x": "640",
								"_y": "175",
								"_tipo": "1"
							},
							{
								"_x": "720",
								"_y": "175",
								"_tipo": "1"
							},
							{
								"_x": "100",
								"_y": "325",
								"_tipo": "1"
							},
							{
								"_x": "180",
								"_y": "325",
								"_tipo": "1"
							},
							{
								"_x": "260",
								"_y": "325",
								"_tipo": "1"
							},
							{
								"_x": "340",
								"_y": "325",
								"_tipo": "2"
							},
							{
								"_x": "540",
								"_y": "325",
								"_tipo": "1"
							},
							{
								"_x": "620",
								"_y": "325",
								"_tipo": "1"
							},
							{
								"_x": "700",
								"_y": "325",
								"_tipo": "1"
							},
							{
								"_x": "160",
								"_y": "475",
								"_tipo": "1"
							},
							{
								"_x": "240",
								"_y": "475",
								"_tipo": "1"
							},
							{
								"_x": "320",
								"_y": "475",
								"_tipo": "2"
							},
							{
								"_x": "440",
								"_y": "475",
								"_tipo": "2"
							},
							{
								"_x": "520",
								"_y": "475",
								"_tipo": "1"
							},
							{
								"_x": "600",
								"_y": "475",
								"_tipo": "1"
							},
							{
								"_x": "680",
								"_y": "475",
								"_tipo": "1"
							}
						]
					},
					"_numero": "11",
					"_tiempo": "40",
					"_mundo": "5",
					"bag":{
						"_x":"381",
						"_y":"523"
					},
					"objects": [
						{
							"_x": "586",
							"_y": "190",
							"_frame": "0048"
						},
						{
							"_x": "247",
							"_y": "237",
							"_frame": "0049"
						},
						{
							"_x": "150",
							"_y": "338",
							"_frame": "0050"
						},
						{
							"_x": "418",
							"_y": "462",
							"_frame": "0051"
						},
						{
							"_x": "165",
							"_y": "380",
							"_frame": "0058"
						},
						{
							"_x": "696",
							"_y": "535",
							"_frame": "0049"
						}
					]
				},
				{
					"plataformas": {
						"plataforma": [
							{
								"_x": "0",
								"_y": "240",
								"_cant": "7"
							},
							{
								"_x": "400",
								"_y": "240",
								"_cant": "6"
							},
							{
								"_x": "120",
								"_y": "390",
								"_cant": "8"
							},
							{
								"_x": "0",
								"_y": "540",
								"_cant": "20"
							}
						]
					},
					"mariposas": {
						"mariposa": [
							{
								"_x": "40",
								"_y": "175",
								"_tipo": "2"
							},
							{
								"_x": "120",
								"_y": "175",
								"_tipo": "1"
							},
							{
								"_x": "200",
								"_y": "175",
								"_tipo": "1"
							},
							{
								"_x": "440",
								"_y": "175",
								"_tipo": "2"
							},
							{
								"_x": "520",
								"_y": "175",
								"_tipo": "1"
							},
							{
								"_x": "600",
								"_y": "175",
								"_tipo": "2"
							},
							{
								"_x": "720",
								"_y": "150",
								"_tipo": "1"
							},
							{
								"_x": "140",
								"_y": "325",
								"_tipo": "2"
							},
							{
								"_x": "220",
								"_y": "325",
								"_tipo": "1"
							},
							{
								"_x": "300",
								"_y": "325",
								"_tipo": "2"
							},
							{
								"_x": "380",
								"_y": "325",
								"_tipo": "1"
							},
							{
								"_x": "520",
								"_y": "330",
								"_tipo": "1"
							},
							{
								"_x": "600",
								"_y": "330",
								"_tipo": "1"
							},
							{
								"_x": "680",
								"_y": "330",
								"_tipo": "1"
							},
							{
								"_x": "160",
								"_y": "475",
								"_tipo": "1"
							},
							{
								"_x": "240",
								"_y": "475",
								"_tipo": "1"
							},
							{
								"_x": "320",
								"_y": "475",
								"_tipo": "1"
							},
							{
								"_x": "440",
								"_y": "475",
								"_tipo": "1"
							},
							{
								"_x": "520",
								"_y": "475",
								"_tipo": "1"
							},
							{
								"_x": "600",
								"_y": "475",
								"_tipo": "1"
							}
						]
					},
					"_numero": "12",
					"_tiempo": "30",
					"_mundo": "5",
					"bag":{
						"_x":"696",
						"_y":"523"
					},
					"objects": [
						{
							"_x": "582",
							"_y": "182",
							"_frame": "0052"
						},
						{
							"_x": "217",
							"_y": "225",
							"_frame": "0053"
						},
						{
							"_x": "63",
							"_y": "228",
							"_frame": "0054"
						},
						{
							"_x": "211",
							"_y": "381",
							"_frame": "0055"
						},
						{
							"_x": "713",
							"_y": "464",
							"_frame": "0056"
						},
						{
							"_x": "140",
							"_y": "517",
							"_frame": "0057"
						}
					]
				}
			]
		}
	}
}