﻿{"frames": [

{
	"filename": "Auto_Elly0000",
	"frame": {"x":481,"y":1769,"w":89,"h":86},
	"rotated": false,
	"trimmed": true,
	"spriteSourceSize": {"x":3,"y":0,"w":94,"h":90},
	"sourceSize": {"w":94,"h":90}
}
,{
	"filename": "Auto_Elly0001",
	"frame": {"x":572,"y":1769,"w":89,"h":86},
	"rotated": false,
	"trimmed": true,
	"spriteSourceSize": {"x":5,"y":0,"w":94,"h":90},
	"sourceSize": {"w":94,"h":90}
}
,{
	"filename": "Auto_Elly0002",
	"frame": {"x":663,"y":1769,"w":89,"h":86},
	"rotated": false,
	"trimmed": true,
	"spriteSourceSize": {"x":5,"y":2,"w":94,"h":90},
	"sourceSize": {"w":94,"h":90}
}
,{
	"filename": "Auto_Elly0003",
	"frame": {"x":754,"y":1769,"w":89,"h":86},
	"rotated": false,
	"trimmed": true,
	"spriteSourceSize": {"x":2,"y":2,"w":94,"h":90},
	"sourceSize": {"w":94,"h":90}
}
,{
	"filename": "Auto_Elly0004",
	"frame": {"x":275,"y":1770,"w":89,"h":86},
	"rotated": false,
	"trimmed": true,
	"spriteSourceSize": {"x":2,"y":4,"w":94,"h":90},
	"sourceSize": {"w":94,"h":90}
}
,{
	"filename": "Auto_Elly0005",
	"frame": {"x":366,"y":1770,"w":89,"h":86},
	"rotated": false,
	"trimmed": true,
	"spriteSourceSize": {"x":3,"y":4,"w":94,"h":90},
	"sourceSize": {"w":94,"h":90}
}
,{
	"filename": "Auto_Elly0006",
	"frame": {"x":2,"y":1794,"w":89,"h":86},
	"rotated": false,
	"trimmed": true,
	"spriteSourceSize": {"x":0,"y":2,"w":94,"h":90},
	"sourceSize": {"w":94,"h":90}
}
,{
	"filename": "Auto_Elly0007",
	"frame": {"x":184,"y":1799,"w":89,"h":86},
	"rotated": false,
	"trimmed": true,
	"spriteSourceSize": {"x":0,"y":1,"w":94,"h":90},
	"sourceSize": {"w":94,"h":90}
}
,{
	"filename": "Auto_Pajaroto0000",
	"frame": {"x":347,"y":1594,"w":89,"h":86},
	"rotated": false,
	"trimmed": true,
	"spriteSourceSize": {"x":2,"y":1,"w":93,"h":89},
	"sourceSize": {"w":93,"h":89}
}
,{
	"filename": "Auto_Pajaroto0001",
	"frame": {"x":438,"y":1594,"w":89,"h":86},
	"rotated": false,
	"trimmed": true,
	"spriteSourceSize": {"x":4,"y":1,"w":93,"h":89},
	"sourceSize": {"w":93,"h":89}
}
,{
	"filename": "Auto_Pajaroto0002",
	"frame": {"x":2,"y":1618,"w":89,"h":86},
	"rotated": false,
	"trimmed": true,
	"spriteSourceSize": {"x":3,"y":2,"w":93,"h":89},
	"sourceSize": {"w":93,"h":89}
}
,{
	"filename": "Auto_Pajaroto0003",
	"frame": {"x":208,"y":1623,"w":89,"h":86},
	"rotated": false,
	"trimmed": true,
	"spriteSourceSize": {"x":2,"y":2,"w":93,"h":89},
	"sourceSize": {"w":93,"h":89}
}
,{
	"filename": "Auto_Pajaroto0004",
	"frame": {"x":93,"y":1643,"w":89,"h":86},
	"rotated": false,
	"trimmed": true,
	"spriteSourceSize": {"x":1,"y":1,"w":93,"h":89},
	"sourceSize": {"w":93,"h":89}
}
,{
	"filename": "Auto_Pajaroto0005",
	"frame": {"x":893,"y":1664,"w":89,"h":86},
	"rotated": false,
	"trimmed": true,
	"spriteSourceSize": {"x":1,"y":1,"w":93,"h":89},
	"sourceSize": {"w":93,"h":89}
}
,{
	"filename": "Auto_Pajaroto0006",
	"frame": {"x":529,"y":1681,"w":89,"h":86},
	"rotated": false,
	"trimmed": true,
	"spriteSourceSize": {"x":0,"y":3,"w":93,"h":89},
	"sourceSize": {"w":93,"h":89}
}
,{
	"filename": "Auto_Pajaroto0007",
	"frame": {"x":620,"y":1681,"w":89,"h":86},
	"rotated": false,
	"trimmed": true,
	"spriteSourceSize": {"x":1,"y":0,"w":93,"h":89},
	"sourceSize": {"w":93,"h":89}
}
,{
	"filename": "Auto_Pato0000",
	"frame": {"x":347,"y":1506,"w":89,"h":86},
	"rotated": false,
	"trimmed": true,
	"spriteSourceSize": {"x":3,"y":0,"w":93,"h":89},
	"sourceSize": {"w":93,"h":89}
}
,{
	"filename": "Auto_Pato0001",
	"frame": {"x":438,"y":1506,"w":89,"h":86},
	"rotated": false,
	"trimmed": true,
	"spriteSourceSize": {"x":3,"y":1,"w":93,"h":89},
	"sourceSize": {"w":93,"h":89}
}
,{
	"filename": "Auto_Pato0002",
	"frame": {"x":117,"y":1555,"w":89,"h":86},
	"rotated": false,
	"trimmed": true,
	"spriteSourceSize": {"x":4,"y":1,"w":93,"h":89},
	"sourceSize": {"w":93,"h":89}
}
,{
	"filename": "Auto_Pato0003",
	"frame": {"x":913,"y":1576,"w":89,"h":86},
	"rotated": false,
	"trimmed": true,
	"spriteSourceSize": {"x":2,"y":3,"w":93,"h":89},
	"sourceSize": {"w":93,"h":89}
}
,{
	"filename": "Auto_Pato0004",
	"frame": {"x":529,"y":1593,"w":89,"h":86},
	"rotated": false,
	"trimmed": true,
	"spriteSourceSize": {"x":2,"y":1,"w":93,"h":89},
	"sourceSize": {"w":93,"h":89}
}
,{
	"filename": "Auto_Pato0005",
	"frame": {"x":620,"y":1593,"w":89,"h":86},
	"rotated": false,
	"trimmed": true,
	"spriteSourceSize": {"x":2,"y":2,"w":93,"h":89},
	"sourceSize": {"w":93,"h":89}
}
,{
	"filename": "Auto_Pato0006",
	"frame": {"x":711,"y":1593,"w":89,"h":86},
	"rotated": false,
	"trimmed": true,
	"spriteSourceSize": {"x":0,"y":2,"w":93,"h":89},
	"sourceSize": {"w":93,"h":89}
}
,{
	"filename": "Auto_Pato0007",
	"frame": {"x":802,"y":1593,"w":89,"h":86},
	"rotated": false,
	"trimmed": true,
	"spriteSourceSize": {"x":0,"y":1,"w":93,"h":89},
	"sourceSize": {"w":93,"h":89}
}
,{
	"filename": "Auto_Pocoyo0000",
	"frame": {"x":711,"y":1681,"w":89,"h":86},
	"rotated": false,
	"trimmed": true,
	"spriteSourceSize": {"x":3,"y":1,"w":93,"h":92},
	"sourceSize": {"w":93,"h":92}
}
,{
	"filename": "Auto_Pocoyo0001",
	"frame": {"x":802,"y":1681,"w":89,"h":86},
	"rotated": false,
	"trimmed": true,
	"spriteSourceSize": {"x":3,"y":0,"w":93,"h":92},
	"sourceSize": {"w":93,"h":92}
}
,{
	"filename": "Auto_Pocoyo0002",
	"frame": {"x":299,"y":1682,"w":89,"h":86},
	"rotated": false,
	"trimmed": true,
	"spriteSourceSize": {"x":4,"y":4,"w":93,"h":92},
	"sourceSize": {"w":93,"h":92}
}
,{
	"filename": "Auto_Pocoyo0003",
	"frame": {"x":390,"y":1682,"w":89,"h":86},
	"rotated": false,
	"trimmed": true,
	"spriteSourceSize": {"x":2,"y":3,"w":93,"h":92},
	"sourceSize": {"w":93,"h":92}
}
,{
	"filename": "Auto_Pocoyo0004",
	"frame": {"x":2,"y":1706,"w":89,"h":86},
	"rotated": false,
	"trimmed": true,
	"spriteSourceSize": {"x":2,"y":6,"w":93,"h":92},
	"sourceSize": {"w":93,"h":92}
}
,{
	"filename": "Auto_Pocoyo0005",
	"frame": {"x":184,"y":1711,"w":89,"h":86},
	"rotated": false,
	"trimmed": true,
	"spriteSourceSize": {"x":1,"y":6,"w":93,"h":92},
	"sourceSize": {"w":93,"h":92}
}
,{
	"filename": "Auto_Pocoyo0006",
	"frame": {"x":93,"y":1731,"w":89,"h":86},
	"rotated": false,
	"trimmed": true,
	"spriteSourceSize": {"x":0,"y":4,"w":93,"h":92},
	"sourceSize": {"w":93,"h":92}
}
,{
	"filename": "Auto_Pocoyo0007",
	"frame": {"x":893,"y":1752,"w":89,"h":86},
	"rotated": false,
	"trimmed": true,
	"spriteSourceSize": {"x":1,"y":1,"w":93,"h":92},
	"sourceSize": {"w":93,"h":92}
}
,{
	"filename": "Boom0000",
	"frame": {"x":875,"y":268,"w":113,"h":115},
	"rotated": false,
	"trimmed": false,
	"spriteSourceSize": {"x":0,"y":0,"w":113,"h":115},
	"sourceSize": {"w":113,"h":115}
}
,{
	"filename": "Boom0001",
	"frame": {"x":875,"y":385,"w":113,"h":115},
	"rotated": false,
	"trimmed": false,
	"spriteSourceSize": {"x":0,"y":0,"w":113,"h":115},
	"sourceSize": {"w":113,"h":115}
}
,{
	"filename": "Boom0002",
	"frame": {"x":881,"y":905,"w":113,"h":115},
	"rotated": false,
	"trimmed": false,
	"spriteSourceSize": {"x":0,"y":0,"w":113,"h":115},
	"sourceSize": {"w":113,"h":115}
}
,{
	"filename": "Boom0003",
	"frame": {"x":881,"y":1022,"w":113,"h":115},
	"rotated": false,
	"trimmed": false,
	"spriteSourceSize": {"x":0,"y":0,"w":113,"h":115},
	"sourceSize": {"w":113,"h":115}
}
,{
	"filename": "Boom0004",
	"frame": {"x":854,"y":1139,"w":113,"h":115},
	"rotated": false,
	"trimmed": false,
	"spriteSourceSize": {"x":0,"y":0,"w":113,"h":115},
	"sourceSize": {"w":113,"h":115}
}
,{
	"filename": "Boom0005",
	"frame": {"x":223,"y":1321,"w":113,"h":115},
	"rotated": false,
	"trimmed": false,
	"spriteSourceSize": {"x":0,"y":0,"w":113,"h":115},
	"sourceSize": {"w":113,"h":115}
}
,{
	"filename": "Boom0006",
	"frame": {"x":606,"y":1359,"w":113,"h":115},
	"rotated": false,
	"trimmed": false,
	"spriteSourceSize": {"x":0,"y":0,"w":113,"h":115},
	"sourceSize": {"w":113,"h":115}
}
,{
	"filename": "Boom0007",
	"frame": {"x":721,"y":1359,"w":113,"h":115},
	"rotated": false,
	"trimmed": false,
	"spriteSourceSize": {"x":0,"y":0,"w":113,"h":115},
	"sourceSize": {"w":113,"h":115}
}
,{
	"filename": "Boom0008",
	"frame": {"x":836,"y":1359,"w":113,"h":115},
	"rotated": false,
	"trimmed": false,
	"spriteSourceSize": {"x":0,"y":0,"w":113,"h":115},
	"sourceSize": {"w":113,"h":115}
}
,{
	"filename": "Boom0009",
	"frame": {"x":2,"y":1384,"w":113,"h":115},
	"rotated": false,
	"trimmed": false,
	"spriteSourceSize": {"x":0,"y":0,"w":113,"h":115},
	"sourceSize": {"w":113,"h":115}
}
,{
	"filename": "Boom0010",
	"frame": {"x":338,"y":1389,"w":113,"h":115},
	"rotated": false,
	"trimmed": false,
	"spriteSourceSize": {"x":0,"y":0,"w":113,"h":115},
	"sourceSize": {"w":113,"h":115}
}
,{
	"filename": "Boom0011",
	"frame": {"x":453,"y":1389,"w":113,"h":115},
	"rotated": false,
	"trimmed": false,
	"spriteSourceSize": {"x":0,"y":0,"w":113,"h":115},
	"sourceSize": {"w":113,"h":115}
}
,{
	"filename": "Boom0012",
	"frame": {"x":117,"y":1438,"w":113,"h":115},
	"rotated": false,
	"trimmed": false,
	"spriteSourceSize": {"x":0,"y":0,"w":113,"h":115},
	"sourceSize": {"w":113,"h":115}
}
,{
	"filename": "Boom0013",
	"frame": {"x":568,"y":1476,"w":113,"h":115},
	"rotated": false,
	"trimmed": false,
	"spriteSourceSize": {"x":0,"y":0,"w":113,"h":115},
	"sourceSize": {"w":113,"h":115}
}
,{
	"filename": "Boom0014",
	"frame": {"x":683,"y":1476,"w":113,"h":115},
	"rotated": false,
	"trimmed": false,
	"spriteSourceSize": {"x":0,"y":0,"w":113,"h":115},
	"sourceSize": {"w":113,"h":115}
}
,{
	"filename": "Boom0015",
	"frame": {"x":798,"y":1476,"w":113,"h":115},
	"rotated": false,
	"trimmed": false,
	"spriteSourceSize": {"x":0,"y":0,"w":113,"h":115},
	"sourceSize": {"w":113,"h":115}
}
,{
	"filename": "Boom0016",
	"frame": {"x":2,"y":1501,"w":113,"h":115},
	"rotated": false,
	"trimmed": false,
	"spriteSourceSize": {"x":0,"y":0,"w":113,"h":115},
	"sourceSize": {"w":113,"h":115}
}
,{
	"filename": "Boom0017",
	"frame": {"x":232,"y":1506,"w":113,"h":115},
	"rotated": false,
	"trimmed": false,
	"spriteSourceSize": {"x":0,"y":0,"w":113,"h":115},
	"sourceSize": {"w":113,"h":115}
}
,{
	"filename": "WindowBack0000",
	"frame": {"x":511,"y":544,"w":506,"h":359},
	"rotated": false,
	"trimmed": false,
	"spriteSourceSize": {"x":0,"y":0,"w":506,"h":359},
	"sourceSize": {"w":506,"h":359}
}
,{
	"filename": "WindowBackGame0000",
	"frame": {"x":2,"y":544,"w":507,"h":359},
	"rotated": false,
	"trimmed": false,
	"spriteSourceSize": {"x":0,"y":0,"w":507,"h":359},
	"sourceSize": {"w":507,"h":359}
}
,{
	"filename": "boy_0000",
	"frame": {"x":674,"y":268,"w":199,"h":243},
	"rotated": false,
	"trimmed": false,
	"spriteSourceSize": {"x":0,"y":0,"w":199,"h":243},
	"sourceSize": {"w":199,"h":243}
}
,{
	"filename": "contWnd_btn0000",
	"frame": {"x":442,"y":1246,"w":370,"h":68},
	"rotated": false,
	"trimmed": false,
	"spriteSourceSize": {"x":0,"y":0,"w":370,"h":68},
	"sourceSize": {"w":370,"h":68}
}
,{
	"filename": "contWnd_btn0001",
	"frame": {"x":2,"y":1251,"w":370,"h":68},
	"rotated": false,
	"trimmed": false,
	"spriteSourceSize": {"x":0,"y":0,"w":370,"h":68},
	"sourceSize": {"w":370,"h":68}
}
,{
	"filename": "contWnd_icon0000",
	"frame": {"x":674,"y":2,"w":266,"h":264},
	"rotated": false,
	"trimmed": false,
	"spriteSourceSize": {"x":0,"y":0,"w":266,"h":264},
	"sourceSize": {"w":266,"h":264}
}
,{
	"filename": "contWnd_txt0000",
	"frame": {"x":606,"y":1316,"w":366,"h":41},
	"rotated": false,
	"trimmed": false,
	"spriteSourceSize": {"x":0,"y":0,"w":366,"h":41},
	"sourceSize": {"w":366,"h":41}
}
,{
	"filename": "menuIcon0000",
	"frame": {"x":2,"y":905,"w":438,"h":344},
	"rotated": false,
	"trimmed": false,
	"spriteSourceSize": {"x":0,"y":0,"w":438,"h":344},
	"sourceSize": {"w":438,"h":344}
}
,{
	"filename": "numero0000",
	"frame": {"x":969,"y":1139,"w":51,"h":50},
	"rotated": false,
	"trimmed": true,
	"spriteSourceSize": {"x":23,"y":24,"w":97,"h":98},
	"sourceSize": {"w":97,"h":98}
}
,{
	"filename": "numero0001",
	"frame": {"x":232,"y":1438,"w":65,"h":66},
	"rotated": false,
	"trimmed": true,
	"spriteSourceSize": {"x":16,"y":16,"w":97,"h":98},
	"sourceSize": {"w":97,"h":98}
}
,{
	"filename": "numero0002",
	"frame": {"x":937,"y":1840,"w":81,"h":82},
	"rotated": false,
	"trimmed": true,
	"spriteSourceSize": {"x":8,"y":8,"w":97,"h":98},
	"sourceSize": {"w":97,"h":98}
}
,{
	"filename": "numero0003",
	"frame": {"x":913,"y":1476,"w":97,"h":98},
	"rotated": false,
	"trimmed": false,
	"spriteSourceSize": {"x":0,"y":0,"w":97,"h":98},
	"sourceSize": {"w":97,"h":98}
}
,{
	"filename": "numero0004",
	"frame": {"x":913,"y":1476,"w":97,"h":98},
	"rotated": false,
	"trimmed": false,
	"spriteSourceSize": {"x":0,"y":0,"w":97,"h":98},
	"sourceSize": {"w":97,"h":98}
}
,{
	"filename": "numero0005",
	"frame": {"x":913,"y":1476,"w":97,"h":98},
	"rotated": false,
	"trimmed": false,
	"spriteSourceSize": {"x":0,"y":0,"w":97,"h":98},
	"sourceSize": {"w":97,"h":98}
}
,{
	"filename": "numero0006",
	"frame": {"x":913,"y":1476,"w":97,"h":98},
	"rotated": false,
	"trimmed": false,
	"spriteSourceSize": {"x":0,"y":0,"w":97,"h":98},
	"sourceSize": {"w":97,"h":98}
}
,{
	"filename": "numero0007",
	"frame": {"x":913,"y":1476,"w":97,"h":98},
	"rotated": false,
	"trimmed": false,
	"spriteSourceSize": {"x":0,"y":0,"w":97,"h":98},
	"sourceSize": {"w":97,"h":98}
}
,{
	"filename": "numero0008",
	"frame": {"x":913,"y":1476,"w":97,"h":98},
	"rotated": false,
	"trimmed": false,
	"spriteSourceSize": {"x":0,"y":0,"w":97,"h":98},
	"sourceSize": {"w":97,"h":98}
}
,{
	"filename": "numero0009",
	"frame": {"x":913,"y":1476,"w":97,"h":98},
	"rotated": false,
	"trimmed": false,
	"spriteSourceSize": {"x":0,"y":0,"w":97,"h":98},
	"sourceSize": {"w":97,"h":98}
}
,{
	"filename": "numero0010",
	"frame": {"x":913,"y":1476,"w":97,"h":98},
	"rotated": false,
	"trimmed": false,
	"spriteSourceSize": {"x":0,"y":0,"w":97,"h":98},
	"sourceSize": {"w":97,"h":98}
}
,{
	"filename": "numero0011",
	"frame": {"x":913,"y":1476,"w":97,"h":98},
	"rotated": false,
	"trimmed": false,
	"spriteSourceSize": {"x":0,"y":0,"w":97,"h":98},
	"sourceSize": {"w":97,"h":98}
}
,{
	"filename": "numero0012",
	"frame": {"x":913,"y":1476,"w":97,"h":98},
	"rotated": false,
	"trimmed": false,
	"spriteSourceSize": {"x":0,"y":0,"w":97,"h":98},
	"sourceSize": {"w":97,"h":98}
}
,{
	"filename": "numero0013",
	"frame": {"x":913,"y":1476,"w":97,"h":98},
	"rotated": false,
	"trimmed": false,
	"spriteSourceSize": {"x":0,"y":0,"w":97,"h":98},
	"sourceSize": {"w":97,"h":98}
}
,{
	"filename": "numero0014",
	"frame": {"x":913,"y":1476,"w":97,"h":98},
	"rotated": false,
	"trimmed": false,
	"spriteSourceSize": {"x":0,"y":0,"w":97,"h":98},
	"sourceSize": {"w":97,"h":98}
}
,{
	"filename": "numero0015",
	"frame": {"x":913,"y":1476,"w":97,"h":98},
	"rotated": false,
	"trimmed": false,
	"spriteSourceSize": {"x":0,"y":0,"w":97,"h":98},
	"sourceSize": {"w":97,"h":98}
}
,{
	"filename": "numero0016",
	"frame": {"x":913,"y":1476,"w":97,"h":98},
	"rotated": false,
	"trimmed": false,
	"spriteSourceSize": {"x":0,"y":0,"w":97,"h":98},
	"sourceSize": {"w":97,"h":98}
}
,{
	"filename": "numero0017",
	"frame": {"x":913,"y":1476,"w":97,"h":98},
	"rotated": false,
	"trimmed": false,
	"spriteSourceSize": {"x":0,"y":0,"w":97,"h":98},
	"sourceSize": {"w":97,"h":98}
}
,{
	"filename": "numero0018",
	"frame": {"x":913,"y":1476,"w":97,"h":98},
	"rotated": false,
	"trimmed": false,
	"spriteSourceSize": {"x":0,"y":0,"w":97,"h":98},
	"sourceSize": {"w":97,"h":98}
}
,{
	"filename": "numero0019",
	"frame": {"x":913,"y":1476,"w":97,"h":98},
	"rotated": false,
	"trimmed": false,
	"spriteSourceSize": {"x":0,"y":0,"w":97,"h":98},
	"sourceSize": {"w":97,"h":98}
}
,{
	"filename": "pBElly0000",
	"frame": {"x":629,"y":1857,"w":84,"h":84},
	"rotated": false,
	"trimmed": true,
	"spriteSourceSize": {"x":0,"y":0,"w":84,"h":84},
	"sourceSize": {"w":84,"h":84}
}
,{
	"filename": "pBElly0001",
	"frame": {"x":715,"y":1857,"w":84,"h":84},
	"rotated": false,
	"trimmed": false,
	"spriteSourceSize": {"x":0,"y":0,"w":84,"h":84},
	"sourceSize": {"w":84,"h":84}
}
,{
	"filename": "pBNO0000",
	"frame": {"x":2,"y":1882,"w":72,"h":71},
	"rotated": false,
	"trimmed": false,
	"spriteSourceSize": {"x":0,"y":0,"w":72,"h":71},
	"sourceSize": {"w":72,"h":71}
}
,{
	"filename": "pBNO0001",
	"frame": {"x":179,"y":1887,"w":72,"h":71},
	"rotated": false,
	"trimmed": false,
	"spriteSourceSize": {"x":0,"y":0,"w":72,"h":71},
	"sourceSize": {"w":72,"h":71}
}
,{
	"filename": "pBNO0002",
	"frame": {"x":76,"y":1905,"w":72,"h":71},
	"rotated": false,
	"trimmed": false,
	"spriteSourceSize": {"x":0,"y":0,"w":72,"h":71},
	"sourceSize": {"w":72,"h":71}
}
,{
	"filename": "pBOK0000",
	"frame": {"x":942,"y":2,"w":74,"h":71},
	"rotated": false,
	"trimmed": false,
	"spriteSourceSize": {"x":0,"y":0,"w":74,"h":71},
	"sourceSize": {"w":74,"h":71}
}
,{
	"filename": "pBOK0001",
	"frame": {"x":942,"y":75,"w":74,"h":71},
	"rotated": false,
	"trimmed": false,
	"spriteSourceSize": {"x":0,"y":0,"w":74,"h":71},
	"sourceSize": {"w":74,"h":71}
}
,{
	"filename": "pBOK0002",
	"frame": {"x":942,"y":148,"w":74,"h":71},
	"rotated": false,
	"trimmed": false,
	"spriteSourceSize": {"x":0,"y":0,"w":74,"h":71},
	"sourceSize": {"w":74,"h":71}
}
,{
	"filename": "pBPajaroto0000",
	"frame": {"x":93,"y":1819,"w":84,"h":84},
	"rotated": false,
	"trimmed": true,
	"spriteSourceSize": {"x":3,"y":0,"w":90,"h":84},
	"sourceSize": {"w":90,"h":84}
}
,{
	"filename": "pBPajaroto0001",
	"frame": {"x":845,"y":1840,"w":90,"h":84},
	"rotated": false,
	"trimmed": false,
	"spriteSourceSize": {"x":0,"y":0,"w":90,"h":84},
	"sourceSize": {"w":90,"h":84}
}
,{
	"filename": "pBPato0000",
	"frame": {"x":275,"y":1858,"w":84,"h":84},
	"rotated": false,
	"trimmed": false,
	"spriteSourceSize": {"x":0,"y":0,"w":84,"h":84},
	"sourceSize": {"w":84,"h":84}
}
,{
	"filename": "pBPato0001",
	"frame": {"x":361,"y":1858,"w":84,"h":84},
	"rotated": false,
	"trimmed": false,
	"spriteSourceSize": {"x":0,"y":0,"w":84,"h":84},
	"sourceSize": {"w":84,"h":84}
}
,{
	"filename": "pBPocoyo0000",
	"frame": {"x":457,"y":1857,"w":84,"h":84},
	"rotated": false,
	"trimmed": false,
	"spriteSourceSize": {"x":0,"y":0,"w":84,"h":84},
	"sourceSize": {"w":84,"h":84}
}
,{
	"filename": "pBPocoyo0001",
	"frame": {"x":543,"y":1857,"w":84,"h":84},
	"rotated": false,
	"trimmed": false,
	"spriteSourceSize": {"x":0,"y":0,"w":84,"h":84},
	"sourceSize": {"w":84,"h":84}
}
,{
	"filename": "pBack0000",
	"frame": {"x":447,"y":1943,"w":67,"h":67},
	"rotated": false,
	"trimmed": true,
	"spriteSourceSize": {"x":0,"y":0,"w":67,"h":67},
	"sourceSize": {"w":67,"h":67}
}
,{
	"filename": "pBack0001",
	"frame": {"x":516,"y":1943,"w":67,"h":67},
	"rotated": false,
	"trimmed": true,
	"spriteSourceSize": {"x":0,"y":0,"w":67,"h":67},
	"sourceSize": {"w":67,"h":67}
}
,{
	"filename": "pBack0002",
	"frame": {"x":585,"y":1943,"w":67,"h":67},
	"rotated": false,
	"trimmed": false,
	"spriteSourceSize": {"x":0,"y":0,"w":67,"h":67},
	"sourceSize": {"w":67,"h":67}
}
,{
	"filename": "pBarra10000",
	"frame": {"x":919,"y":502,"w":46,"h":7},
	"rotated": false,
	"trimmed": false,
	"spriteSourceSize": {"x":0,"y":0,"w":46,"h":7},
	"sourceSize": {"w":46,"h":7}
}
,{
	"filename": "pEscenario0000",
	"frame": {"x":2,"y":2,"w":670,"h":540},
	"rotated": false,
	"trimmed": false,
	"spriteSourceSize": {"x":0,"y":0,"w":670,"h":540},
	"sourceSize": {"w":670,"h":540}
}
,{
	"filename": "pFace0000",
	"frame": {"x":969,"y":1191,"w":47,"h":48},
	"rotated": false,
	"trimmed": false,
	"spriteSourceSize": {"x":0,"y":0,"w":47,"h":48},
	"sourceSize": {"w":47,"h":48}
}
,{
	"filename": "pFace0001",
	"frame": {"x":374,"y":1251,"w":47,"h":48},
	"rotated": false,
	"trimmed": false,
	"spriteSourceSize": {"x":0,"y":0,"w":47,"h":48},
	"sourceSize": {"w":47,"h":48}
}
,{
	"filename": "pFace0002",
	"frame": {"x":117,"y":1384,"w":47,"h":48},
	"rotated": false,
	"trimmed": false,
	"spriteSourceSize": {"x":0,"y":0,"w":47,"h":48},
	"sourceSize": {"w":47,"h":48}
}
,{
	"filename": "pFace0003",
	"frame": {"x":166,"y":1384,"w":47,"h":48},
	"rotated": false,
	"trimmed": false,
	"spriteSourceSize": {"x":0,"y":0,"w":47,"h":48},
	"sourceSize": {"w":47,"h":48}
}
,{
	"filename": "pHudCarasBG0000",
	"frame": {"x":814,"y":1256,"w":205,"h":52},
	"rotated": false,
	"trimmed": false,
	"spriteSourceSize": {"x":0,"y":0,"w":205,"h":52},
	"sourceSize": {"w":205,"h":52}
}
,{
	"filename": "pHudCarasFG0000",
	"frame": {"x":374,"y":1316,"w":230,"h":71},
	"rotated": false,
	"trimmed": false,
	"spriteSourceSize": {"x":0,"y":0,"w":230,"h":71},
	"sourceSize": {"w":230,"h":71}
}
,{
	"filename": "pNext0000",
	"frame": {"x":951,"y":1359,"w":68,"h":67},
	"rotated": false,
	"trimmed": true,
	"spriteSourceSize": {"x":0,"y":0,"w":68,"h":67},
	"sourceSize": {"w":68,"h":67}
}
,{
	"filename": "pNext0001",
	"frame": {"x":937,"y":1924,"w":68,"h":67},
	"rotated": false,
	"trimmed": true,
	"spriteSourceSize": {"x":0,"y":0,"w":68,"h":67},
	"sourceSize": {"w":68,"h":67}
}
,{
	"filename": "pNext0002",
	"frame": {"x":801,"y":1926,"w":68,"h":67},
	"rotated": false,
	"trimmed": false,
	"spriteSourceSize": {"x":0,"y":0,"w":68,"h":67},
	"sourceSize": {"w":68,"h":67}
}
,{
	"filename": "pajaroto_puntos0000",
	"frame": {"x":875,"y":502,"w":42,"h":36},
	"rotated": false,
	"trimmed": true,
	"spriteSourceSize": {"x":4,"y":1,"w":52,"h":38},
	"sourceSize": {"w":52,"h":38}
}
,{
	"filename": "pajaroto_puntos0001",
	"frame": {"x":875,"y":502,"w":42,"h":36},
	"rotated": false,
	"trimmed": true,
	"spriteSourceSize": {"x":4,"y":1,"w":52,"h":38},
	"sourceSize": {"w":52,"h":38}
}
,{
	"filename": "pajaroto_puntos0002",
	"frame": {"x":875,"y":502,"w":42,"h":36},
	"rotated": false,
	"trimmed": true,
	"spriteSourceSize": {"x":4,"y":1,"w":52,"h":38},
	"sourceSize": {"w":52,"h":38}
}
,{
	"filename": "pajaroto_puntos0003",
	"frame": {"x":875,"y":502,"w":42,"h":36},
	"rotated": false,
	"trimmed": true,
	"spriteSourceSize": {"x":4,"y":1,"w":52,"h":38},
	"sourceSize": {"w":52,"h":38}
}
,{
	"filename": "pajaroto_puntos0004",
	"frame": {"x":875,"y":502,"w":42,"h":36},
	"rotated": false,
	"trimmed": true,
	"spriteSourceSize": {"x":4,"y":1,"w":52,"h":38},
	"sourceSize": {"w":52,"h":38}
}
,{
	"filename": "pajaroto_puntos0005",
	"frame": {"x":875,"y":502,"w":42,"h":36},
	"rotated": false,
	"trimmed": true,
	"spriteSourceSize": {"x":4,"y":1,"w":52,"h":38},
	"sourceSize": {"w":52,"h":38}
}
,{
	"filename": "pajaroto_puntos0006",
	"frame": {"x":875,"y":502,"w":42,"h":36},
	"rotated": false,
	"trimmed": true,
	"spriteSourceSize": {"x":4,"y":1,"w":52,"h":38},
	"sourceSize": {"w":52,"h":38}
}
,{
	"filename": "pajaroto_puntos0007",
	"frame": {"x":875,"y":502,"w":42,"h":36},
	"rotated": false,
	"trimmed": true,
	"spriteSourceSize": {"x":4,"y":1,"w":52,"h":38},
	"sourceSize": {"w":52,"h":38}
}
,{
	"filename": "pajaroto_puntos0008",
	"frame": {"x":875,"y":502,"w":42,"h":36},
	"rotated": false,
	"trimmed": true,
	"spriteSourceSize": {"x":4,"y":1,"w":52,"h":38},
	"sourceSize": {"w":52,"h":38}
}
,{
	"filename": "pajaroto_puntos0009",
	"frame": {"x":875,"y":502,"w":42,"h":36},
	"rotated": false,
	"trimmed": true,
	"spriteSourceSize": {"x":4,"y":1,"w":52,"h":38},
	"sourceSize": {"w":52,"h":38}
}
,{
	"filename": "pajaroto_puntos0010",
	"frame": {"x":942,"y":221,"w":52,"h":38},
	"rotated": false,
	"trimmed": false,
	"spriteSourceSize": {"x":0,"y":0,"w":52,"h":38},
	"sourceSize": {"w":52,"h":38}
}
,{
	"filename": "pajaroto_puntos0011",
	"frame": {"x":942,"y":221,"w":52,"h":38},
	"rotated": false,
	"trimmed": false,
	"spriteSourceSize": {"x":0,"y":0,"w":52,"h":38},
	"sourceSize": {"w":52,"h":38}
}
,{
	"filename": "pajaroto_puntos0012",
	"frame": {"x":942,"y":221,"w":52,"h":38},
	"rotated": false,
	"trimmed": false,
	"spriteSourceSize": {"x":0,"y":0,"w":52,"h":38},
	"sourceSize": {"w":52,"h":38}
}
,{
	"filename": "pajaroto_puntos0013",
	"frame": {"x":942,"y":221,"w":52,"h":38},
	"rotated": false,
	"trimmed": false,
	"spriteSourceSize": {"x":0,"y":0,"w":52,"h":38},
	"sourceSize": {"w":52,"h":38}
}
,{
	"filename": "pajaroto_puntos0014",
	"frame": {"x":942,"y":221,"w":52,"h":38},
	"rotated": false,
	"trimmed": false,
	"spriteSourceSize": {"x":0,"y":0,"w":52,"h":38},
	"sourceSize": {"w":52,"h":38}
}
,{
	"filename": "pajaroto_puntos0015",
	"frame": {"x":942,"y":221,"w":52,"h":38},
	"rotated": false,
	"trimmed": false,
	"spriteSourceSize": {"x":0,"y":0,"w":52,"h":38},
	"sourceSize": {"w":52,"h":38}
}
,{
	"filename": "pajaroto_puntos0016",
	"frame": {"x":942,"y":221,"w":52,"h":38},
	"rotated": false,
	"trimmed": false,
	"spriteSourceSize": {"x":0,"y":0,"w":52,"h":38},
	"sourceSize": {"w":52,"h":38}
}
,{
	"filename": "pajaroto_puntos0017",
	"frame": {"x":942,"y":221,"w":52,"h":38},
	"rotated": false,
	"trimmed": false,
	"spriteSourceSize": {"x":0,"y":0,"w":52,"h":38},
	"sourceSize": {"w":52,"h":38}
}
,{
	"filename": "pajaroto_puntos0018",
	"frame": {"x":942,"y":221,"w":52,"h":38},
	"rotated": false,
	"trimmed": false,
	"spriteSourceSize": {"x":0,"y":0,"w":52,"h":38},
	"sourceSize": {"w":52,"h":38}
}
,{
	"filename": "pajaroto_puntos0019",
	"frame": {"x":942,"y":221,"w":52,"h":38},
	"rotated": false,
	"trimmed": false,
	"spriteSourceSize": {"x":0,"y":0,"w":52,"h":38},
	"sourceSize": {"w":52,"h":38}
}
,{
	"filename": "pajaroto_puntos0020",
	"frame": {"x":942,"y":221,"w":52,"h":38},
	"rotated": false,
	"trimmed": false,
	"spriteSourceSize": {"x":0,"y":0,"w":52,"h":38},
	"sourceSize": {"w":52,"h":38}
}
,{
	"filename": "pajaroto_puntos0021",
	"frame": {"x":942,"y":221,"w":52,"h":38},
	"rotated": false,
	"trimmed": false,
	"spriteSourceSize": {"x":0,"y":0,"w":52,"h":38},
	"sourceSize": {"w":52,"h":38}
}
,{
	"filename": "pajaroto_puntos0022",
	"frame": {"x":942,"y":221,"w":52,"h":38},
	"rotated": false,
	"trimmed": false,
	"spriteSourceSize": {"x":0,"y":0,"w":52,"h":38},
	"sourceSize": {"w":52,"h":38}
}
,{
	"filename": "pajaroto_puntos0023",
	"frame": {"x":942,"y":221,"w":52,"h":38},
	"rotated": false,
	"trimmed": false,
	"spriteSourceSize": {"x":0,"y":0,"w":52,"h":38},
	"sourceSize": {"w":52,"h":38}
}
,{
	"filename": "pajaroto_puntos0024",
	"frame": {"x":942,"y":221,"w":52,"h":38},
	"rotated": false,
	"trimmed": false,
	"spriteSourceSize": {"x":0,"y":0,"w":52,"h":38},
	"sourceSize": {"w":52,"h":38}
}
,{
	"filename": "pajaroto_puntos0025",
	"frame": {"x":942,"y":221,"w":52,"h":38},
	"rotated": false,
	"trimmed": false,
	"spriteSourceSize": {"x":0,"y":0,"w":52,"h":38},
	"sourceSize": {"w":52,"h":38}
}
,{
	"filename": "pajaroto_puntos0026",
	"frame": {"x":942,"y":221,"w":52,"h":38},
	"rotated": false,
	"trimmed": false,
	"spriteSourceSize": {"x":0,"y":0,"w":52,"h":38},
	"sourceSize": {"w":52,"h":38}
}
,{
	"filename": "pajaroto_puntos0027",
	"frame": {"x":942,"y":221,"w":52,"h":38},
	"rotated": false,
	"trimmed": false,
	"spriteSourceSize": {"x":0,"y":0,"w":52,"h":38},
	"sourceSize": {"w":52,"h":38}
}
,{
	"filename": "pajaroto_puntos0028",
	"frame": {"x":942,"y":221,"w":52,"h":38},
	"rotated": false,
	"trimmed": false,
	"spriteSourceSize": {"x":0,"y":0,"w":52,"h":38},
	"sourceSize": {"w":52,"h":38}
}
,{
	"filename": "pajaroto_puntos0029",
	"frame": {"x":942,"y":221,"w":52,"h":38},
	"rotated": false,
	"trimmed": false,
	"spriteSourceSize": {"x":0,"y":0,"w":52,"h":38},
	"sourceSize": {"w":52,"h":38}
}
,{
	"filename": "pajaroto_puntos0030",
	"frame": {"x":942,"y":221,"w":52,"h":38},
	"rotated": false,
	"trimmed": false,
	"spriteSourceSize": {"x":0,"y":0,"w":52,"h":38},
	"sourceSize": {"w":52,"h":38}
}
,{
	"filename": "pajaroto_puntos0031",
	"frame": {"x":942,"y":221,"w":52,"h":38},
	"rotated": false,
	"trimmed": false,
	"spriteSourceSize": {"x":0,"y":0,"w":52,"h":38},
	"sourceSize": {"w":52,"h":38}
}
,{
	"filename": "pajaroto_puntos0032",
	"frame": {"x":942,"y":221,"w":52,"h":38},
	"rotated": false,
	"trimmed": false,
	"spriteSourceSize": {"x":0,"y":0,"w":52,"h":38},
	"sourceSize": {"w":52,"h":38}
}
,{
	"filename": "pajaroto_puntos0033",
	"frame": {"x":942,"y":221,"w":52,"h":38},
	"rotated": false,
	"trimmed": false,
	"spriteSourceSize": {"x":0,"y":0,"w":52,"h":38},
	"sourceSize": {"w":52,"h":38}
}
,{
	"filename": "pajaroto_puntos0034",
	"frame": {"x":942,"y":221,"w":52,"h":38},
	"rotated": false,
	"trimmed": false,
	"spriteSourceSize": {"x":0,"y":0,"w":52,"h":38},
	"sourceSize": {"w":52,"h":38}
}
,{
	"filename": "pajaroto_puntos0035",
	"frame": {"x":942,"y":221,"w":52,"h":38},
	"rotated": false,
	"trimmed": false,
	"spriteSourceSize": {"x":0,"y":0,"w":52,"h":38},
	"sourceSize": {"w":52,"h":38}
}
,{
	"filename": "pajaroto_puntos0036",
	"frame": {"x":942,"y":221,"w":52,"h":38},
	"rotated": false,
	"trimmed": false,
	"spriteSourceSize": {"x":0,"y":0,"w":52,"h":38},
	"sourceSize": {"w":52,"h":38}
}
,{
	"filename": "pajaroto_puntos0037",
	"frame": {"x":942,"y":221,"w":52,"h":38},
	"rotated": false,
	"trimmed": false,
	"spriteSourceSize": {"x":0,"y":0,"w":52,"h":38},
	"sourceSize": {"w":52,"h":38}
}
,{
	"filename": "pajaroto_puntos0038",
	"frame": {"x":942,"y":221,"w":52,"h":38},
	"rotated": false,
	"trimmed": false,
	"spriteSourceSize": {"x":0,"y":0,"w":52,"h":38},
	"sourceSize": {"w":52,"h":38}
}
,{
	"filename": "pajaroto_puntos0039",
	"frame": {"x":942,"y":221,"w":52,"h":38},
	"rotated": false,
	"trimmed": false,
	"spriteSourceSize": {"x":0,"y":0,"w":52,"h":38},
	"sourceSize": {"w":52,"h":38}
}
,{
	"filename": "pajaroto_puntos0040",
	"frame": {"x":942,"y":221,"w":52,"h":38},
	"rotated": false,
	"trimmed": false,
	"spriteSourceSize": {"x":0,"y":0,"w":52,"h":38},
	"sourceSize": {"w":52,"h":38}
}
,{
	"filename": "pajaroto_puntos0041",
	"frame": {"x":942,"y":221,"w":52,"h":38},
	"rotated": false,
	"trimmed": false,
	"spriteSourceSize": {"x":0,"y":0,"w":52,"h":38},
	"sourceSize": {"w":52,"h":38}
}
,{
	"filename": "pajaroto_puntos0042",
	"frame": {"x":942,"y":221,"w":52,"h":38},
	"rotated": false,
	"trimmed": false,
	"spriteSourceSize": {"x":0,"y":0,"w":52,"h":38},
	"sourceSize": {"w":52,"h":38}
}
,{
	"filename": "pajaroto_puntos0043",
	"frame": {"x":942,"y":221,"w":52,"h":38},
	"rotated": false,
	"trimmed": false,
	"spriteSourceSize": {"x":0,"y":0,"w":52,"h":38},
	"sourceSize": {"w":52,"h":38}
}
,{
	"filename": "pajaroto_puntos0044",
	"frame": {"x":942,"y":221,"w":52,"h":38},
	"rotated": false,
	"trimmed": false,
	"spriteSourceSize": {"x":0,"y":0,"w":52,"h":38},
	"sourceSize": {"w":52,"h":38}
}
,{
	"filename": "pajaroto_puntos0045",
	"frame": {"x":942,"y":221,"w":52,"h":38},
	"rotated": false,
	"trimmed": false,
	"spriteSourceSize": {"x":0,"y":0,"w":52,"h":38},
	"sourceSize": {"w":52,"h":38}
}
,{
	"filename": "pajaroto_puntos0046",
	"frame": {"x":942,"y":221,"w":52,"h":38},
	"rotated": false,
	"trimmed": false,
	"spriteSourceSize": {"x":0,"y":0,"w":52,"h":38},
	"sourceSize": {"w":52,"h":38}
}
,{
	"filename": "pajaroto_puntos0047",
	"frame": {"x":942,"y":221,"w":52,"h":38},
	"rotated": false,
	"trimmed": false,
	"spriteSourceSize": {"x":0,"y":0,"w":52,"h":38},
	"sourceSize": {"w":52,"h":38}
}
,{
	"filename": "pajaroto_puntos0048",
	"frame": {"x":942,"y":221,"w":52,"h":38},
	"rotated": false,
	"trimmed": false,
	"spriteSourceSize": {"x":0,"y":0,"w":52,"h":38},
	"sourceSize": {"w":52,"h":38}
}
,{
	"filename": "pajaroto_puntos0049",
	"frame": {"x":942,"y":221,"w":52,"h":38},
	"rotated": false,
	"trimmed": false,
	"spriteSourceSize": {"x":0,"y":0,"w":52,"h":38},
	"sourceSize": {"w":52,"h":38}
}
,{
	"filename": "pajaroto_puntos0050",
	"frame": {"x":942,"y":221,"w":52,"h":38},
	"rotated": false,
	"trimmed": false,
	"spriteSourceSize": {"x":0,"y":0,"w":52,"h":38},
	"sourceSize": {"w":52,"h":38}
}
,{
	"filename": "pajaroto_puntos0051",
	"frame": {"x":942,"y":221,"w":52,"h":38},
	"rotated": false,
	"trimmed": false,
	"spriteSourceSize": {"x":0,"y":0,"w":52,"h":38},
	"sourceSize": {"w":52,"h":38}
}
,{
	"filename": "pajaroto_puntos0052",
	"frame": {"x":942,"y":221,"w":52,"h":38},
	"rotated": false,
	"trimmed": false,
	"spriteSourceSize": {"x":0,"y":0,"w":52,"h":38},
	"sourceSize": {"w":52,"h":38}
}
,{
	"filename": "pajaroto_puntos0053",
	"frame": {"x":942,"y":221,"w":52,"h":38},
	"rotated": false,
	"trimmed": false,
	"spriteSourceSize": {"x":0,"y":0,"w":52,"h":38},
	"sourceSize": {"w":52,"h":38}
}
,{
	"filename": "pajaroto_puntos0054",
	"frame": {"x":942,"y":221,"w":52,"h":38},
	"rotated": false,
	"trimmed": false,
	"spriteSourceSize": {"x":0,"y":0,"w":52,"h":38},
	"sourceSize": {"w":52,"h":38}
}
,{
	"filename": "pajaroto_puntos0055",
	"frame": {"x":942,"y":221,"w":52,"h":38},
	"rotated": false,
	"trimmed": false,
	"spriteSourceSize": {"x":0,"y":0,"w":52,"h":38},
	"sourceSize": {"w":52,"h":38}
}
,{
	"filename": "pajaroto_puntos0056",
	"frame": {"x":942,"y":221,"w":52,"h":38},
	"rotated": false,
	"trimmed": false,
	"spriteSourceSize": {"x":0,"y":0,"w":52,"h":38},
	"sourceSize": {"w":52,"h":38}
}
,{
	"filename": "pajaroto_puntos0057",
	"frame": {"x":942,"y":221,"w":52,"h":38},
	"rotated": false,
	"trimmed": false,
	"spriteSourceSize": {"x":0,"y":0,"w":52,"h":38},
	"sourceSize": {"w":52,"h":38}
}
,{
	"filename": "pajaroto_puntos0058",
	"frame": {"x":942,"y":221,"w":52,"h":38},
	"rotated": false,
	"trimmed": false,
	"spriteSourceSize": {"x":0,"y":0,"w":52,"h":38},
	"sourceSize": {"w":52,"h":38}
}
,{
	"filename": "pajaroto_puntos0059",
	"frame": {"x":942,"y":221,"w":52,"h":38},
	"rotated": false,
	"trimmed": false,
	"spriteSourceSize": {"x":0,"y":0,"w":52,"h":38},
	"sourceSize": {"w":52,"h":38}
}
,{
	"filename": "pajaroto_puntos0060",
	"frame": {"x":942,"y":221,"w":52,"h":38},
	"rotated": false,
	"trimmed": false,
	"spriteSourceSize": {"x":0,"y":0,"w":52,"h":38},
	"sourceSize": {"w":52,"h":38}
}
,{
	"filename": "pajaroto_puntos0061",
	"frame": {"x":942,"y":221,"w":52,"h":38},
	"rotated": false,
	"trimmed": false,
	"spriteSourceSize": {"x":0,"y":0,"w":52,"h":38},
	"sourceSize": {"w":52,"h":38}
}
,{
	"filename": "pajaroto_puntos0062",
	"frame": {"x":942,"y":221,"w":52,"h":38},
	"rotated": false,
	"trimmed": false,
	"spriteSourceSize": {"x":0,"y":0,"w":52,"h":38},
	"sourceSize": {"w":52,"h":38}
}
,{
	"filename": "pajaroto_puntos0063",
	"frame": {"x":942,"y":221,"w":52,"h":38},
	"rotated": false,
	"trimmed": false,
	"spriteSourceSize": {"x":0,"y":0,"w":52,"h":38},
	"sourceSize": {"w":52,"h":38}
}
,{
	"filename": "pajaroto_puntos0064",
	"frame": {"x":942,"y":221,"w":52,"h":38},
	"rotated": false,
	"trimmed": false,
	"spriteSourceSize": {"x":0,"y":0,"w":52,"h":38},
	"sourceSize": {"w":52,"h":38}
}
,{
	"filename": "pajaroto_puntos0065",
	"frame": {"x":942,"y":221,"w":52,"h":38},
	"rotated": false,
	"trimmed": false,
	"spriteSourceSize": {"x":0,"y":0,"w":52,"h":38},
	"sourceSize": {"w":52,"h":38}
}
,{
	"filename": "pajaroto_puntos0066",
	"frame": {"x":942,"y":221,"w":52,"h":38},
	"rotated": false,
	"trimmed": false,
	"spriteSourceSize": {"x":0,"y":0,"w":52,"h":38},
	"sourceSize": {"w":52,"h":38}
}
,{
	"filename": "pajaroto_puntos0067",
	"frame": {"x":942,"y":221,"w":52,"h":38},
	"rotated": false,
	"trimmed": false,
	"spriteSourceSize": {"x":0,"y":0,"w":52,"h":38},
	"sourceSize": {"w":52,"h":38}
}
,{
	"filename": "pajaroto_puntos0068",
	"frame": {"x":942,"y":221,"w":52,"h":38},
	"rotated": false,
	"trimmed": false,
	"spriteSourceSize": {"x":0,"y":0,"w":52,"h":38},
	"sourceSize": {"w":52,"h":38}
}
,{
	"filename": "pajaroto_puntos0069",
	"frame": {"x":942,"y":221,"w":52,"h":38},
	"rotated": false,
	"trimmed": false,
	"spriteSourceSize": {"x":0,"y":0,"w":52,"h":38},
	"sourceSize": {"w":52,"h":38}
}
,{
	"filename": "pajaroto_puntos0070",
	"frame": {"x":942,"y":221,"w":52,"h":38},
	"rotated": false,
	"trimmed": false,
	"spriteSourceSize": {"x":0,"y":0,"w":52,"h":38},
	"sourceSize": {"w":52,"h":38}
}
,{
	"filename": "pajaroto_puntos0071",
	"frame": {"x":942,"y":221,"w":52,"h":38},
	"rotated": false,
	"trimmed": false,
	"spriteSourceSize": {"x":0,"y":0,"w":52,"h":38},
	"sourceSize": {"w":52,"h":38}
}
,{
	"filename": "pajaroto_puntos0072",
	"frame": {"x":942,"y":221,"w":52,"h":38},
	"rotated": false,
	"trimmed": false,
	"spriteSourceSize": {"x":0,"y":0,"w":52,"h":38},
	"sourceSize": {"w":52,"h":38}
}
,{
	"filename": "pajaroto_puntos0073",
	"frame": {"x":942,"y":221,"w":52,"h":38},
	"rotated": false,
	"trimmed": false,
	"spriteSourceSize": {"x":0,"y":0,"w":52,"h":38},
	"sourceSize": {"w":52,"h":38}
}
,{
	"filename": "pajaroto_puntos0074",
	"frame": {"x":942,"y":221,"w":52,"h":38},
	"rotated": false,
	"trimmed": false,
	"spriteSourceSize": {"x":0,"y":0,"w":52,"h":38},
	"sourceSize": {"w":52,"h":38}
}
,{
	"filename": "pajaroto_puntos0075",
	"frame": {"x":942,"y":221,"w":52,"h":38},
	"rotated": false,
	"trimmed": false,
	"spriteSourceSize": {"x":0,"y":0,"w":52,"h":38},
	"sourceSize": {"w":52,"h":38}
}
,{
	"filename": "pajaroto_puntos0076",
	"frame": {"x":942,"y":221,"w":52,"h":38},
	"rotated": false,
	"trimmed": false,
	"spriteSourceSize": {"x":0,"y":0,"w":52,"h":38},
	"sourceSize": {"w":52,"h":38}
}
,{
	"filename": "pajaroto_puntos0077",
	"frame": {"x":942,"y":221,"w":52,"h":38},
	"rotated": false,
	"trimmed": false,
	"spriteSourceSize": {"x":0,"y":0,"w":52,"h":38},
	"sourceSize": {"w":52,"h":38}
}
,{
	"filename": "pajaroto_puntos0078",
	"frame": {"x":942,"y":221,"w":52,"h":38},
	"rotated": false,
	"trimmed": false,
	"spriteSourceSize": {"x":0,"y":0,"w":52,"h":38},
	"sourceSize": {"w":52,"h":38}
}
,{
	"filename": "pajaroto_puntos0079",
	"frame": {"x":942,"y":221,"w":52,"h":38},
	"rotated": false,
	"trimmed": false,
	"spriteSourceSize": {"x":0,"y":0,"w":52,"h":38},
	"sourceSize": {"w":52,"h":38}
}
,{
	"filename": "pajaroto_puntos0080",
	"frame": {"x":942,"y":221,"w":52,"h":38},
	"rotated": false,
	"trimmed": false,
	"spriteSourceSize": {"x":0,"y":0,"w":52,"h":38},
	"sourceSize": {"w":52,"h":38}
}
,{
	"filename": "pajaroto_puntos0081",
	"frame": {"x":942,"y":221,"w":52,"h":38},
	"rotated": false,
	"trimmed": false,
	"spriteSourceSize": {"x":0,"y":0,"w":52,"h":38},
	"sourceSize": {"w":52,"h":38}
}
,{
	"filename": "pajaroto_puntos0082",
	"frame": {"x":942,"y":221,"w":52,"h":38},
	"rotated": false,
	"trimmed": false,
	"spriteSourceSize": {"x":0,"y":0,"w":52,"h":38},
	"sourceSize": {"w":52,"h":38}
}
,{
	"filename": "pajaroto_puntos0083",
	"frame": {"x":942,"y":221,"w":52,"h":38},
	"rotated": false,
	"trimmed": false,
	"spriteSourceSize": {"x":0,"y":0,"w":52,"h":38},
	"sourceSize": {"w":52,"h":38}
}
,{
	"filename": "pajaroto_puntos0084",
	"frame": {"x":942,"y":221,"w":52,"h":38},
	"rotated": false,
	"trimmed": false,
	"spriteSourceSize": {"x":0,"y":0,"w":52,"h":38},
	"sourceSize": {"w":52,"h":38}
}
,{
	"filename": "pajaroto_puntos0085",
	"frame": {"x":942,"y":221,"w":52,"h":38},
	"rotated": false,
	"trimmed": false,
	"spriteSourceSize": {"x":0,"y":0,"w":52,"h":38},
	"sourceSize": {"w":52,"h":38}
}
,{
	"filename": "pajaroto_puntos0086",
	"frame": {"x":942,"y":221,"w":52,"h":38},
	"rotated": false,
	"trimmed": false,
	"spriteSourceSize": {"x":0,"y":0,"w":52,"h":38},
	"sourceSize": {"w":52,"h":38}
}
,{
	"filename": "pajaroto_puntos0087",
	"frame": {"x":942,"y":221,"w":52,"h":38},
	"rotated": false,
	"trimmed": false,
	"spriteSourceSize": {"x":0,"y":0,"w":52,"h":38},
	"sourceSize": {"w":52,"h":38}
}
,{
	"filename": "pajaroto_puntos0088",
	"frame": {"x":942,"y":221,"w":52,"h":38},
	"rotated": false,
	"trimmed": false,
	"spriteSourceSize": {"x":0,"y":0,"w":52,"h":38},
	"sourceSize": {"w":52,"h":38}
}
,{
	"filename": "pajaroto_puntos0089",
	"frame": {"x":942,"y":221,"w":52,"h":38},
	"rotated": false,
	"trimmed": false,
	"spriteSourceSize": {"x":0,"y":0,"w":52,"h":38},
	"sourceSize": {"w":52,"h":38}
}
,{
	"filename": "pajaroto_puntos0090",
	"frame": {"x":942,"y":221,"w":52,"h":38},
	"rotated": false,
	"trimmed": false,
	"spriteSourceSize": {"x":0,"y":0,"w":52,"h":38},
	"sourceSize": {"w":52,"h":38}
}
,{
	"filename": "pajaroto_puntos0091",
	"frame": {"x":942,"y":221,"w":52,"h":38},
	"rotated": false,
	"trimmed": false,
	"spriteSourceSize": {"x":0,"y":0,"w":52,"h":38},
	"sourceSize": {"w":52,"h":38}
}
,{
	"filename": "pajaroto_puntos0092",
	"frame": {"x":942,"y":221,"w":52,"h":38},
	"rotated": false,
	"trimmed": false,
	"spriteSourceSize": {"x":0,"y":0,"w":52,"h":38},
	"sourceSize": {"w":52,"h":38}
}
,{
	"filename": "pajaroto_puntos0093",
	"frame": {"x":942,"y":221,"w":52,"h":38},
	"rotated": false,
	"trimmed": false,
	"spriteSourceSize": {"x":0,"y":0,"w":52,"h":38},
	"sourceSize": {"w":52,"h":38}
}
,{
	"filename": "pajaroto_puntos0094",
	"frame": {"x":942,"y":221,"w":52,"h":38},
	"rotated": false,
	"trimmed": false,
	"spriteSourceSize": {"x":0,"y":0,"w":52,"h":38},
	"sourceSize": {"w":52,"h":38}
}
,{
	"filename": "pajaroto_puntos0095",
	"frame": {"x":942,"y":221,"w":52,"h":38},
	"rotated": false,
	"trimmed": false,
	"spriteSourceSize": {"x":0,"y":0,"w":52,"h":38},
	"sourceSize": {"w":52,"h":38}
}
,{
	"filename": "pajaroto_puntos0096",
	"frame": {"x":942,"y":221,"w":52,"h":38},
	"rotated": false,
	"trimmed": false,
	"spriteSourceSize": {"x":0,"y":0,"w":52,"h":38},
	"sourceSize": {"w":52,"h":38}
}
,{
	"filename": "pajaroto_puntos0097",
	"frame": {"x":942,"y":221,"w":52,"h":38},
	"rotated": false,
	"trimmed": false,
	"spriteSourceSize": {"x":0,"y":0,"w":52,"h":38},
	"sourceSize": {"w":52,"h":38}
}
,{
	"filename": "pajaroto_puntos0098",
	"frame": {"x":942,"y":221,"w":52,"h":38},
	"rotated": false,
	"trimmed": false,
	"spriteSourceSize": {"x":0,"y":0,"w":52,"h":38},
	"sourceSize": {"w":52,"h":38}
}
,{
	"filename": "pajaroto_puntos0099",
	"frame": {"x":942,"y":221,"w":52,"h":38},
	"rotated": false,
	"trimmed": false,
	"spriteSourceSize": {"x":0,"y":0,"w":52,"h":38},
	"sourceSize": {"w":52,"h":38}
}
,{
	"filename": "pajaroto_puntos0100",
	"frame": {"x":942,"y":221,"w":52,"h":38},
	"rotated": false,
	"trimmed": false,
	"spriteSourceSize": {"x":0,"y":0,"w":52,"h":38},
	"sourceSize": {"w":52,"h":38}
}
,{
	"filename": "pajaroto_puntos0101",
	"frame": {"x":942,"y":221,"w":52,"h":38},
	"rotated": false,
	"trimmed": false,
	"spriteSourceSize": {"x":0,"y":0,"w":52,"h":38},
	"sourceSize": {"w":52,"h":38}
}
,{
	"filename": "pajaroto_puntos0102",
	"frame": {"x":942,"y":221,"w":52,"h":38},
	"rotated": false,
	"trimmed": false,
	"spriteSourceSize": {"x":0,"y":0,"w":52,"h":38},
	"sourceSize": {"w":52,"h":38}
}
,{
	"filename": "pajaroto_puntos0103",
	"frame": {"x":942,"y":221,"w":52,"h":38},
	"rotated": false,
	"trimmed": false,
	"spriteSourceSize": {"x":0,"y":0,"w":52,"h":38},
	"sourceSize": {"w":52,"h":38}
}
,{
	"filename": "pajaroto_puntos0104",
	"frame": {"x":942,"y":221,"w":52,"h":38},
	"rotated": false,
	"trimmed": false,
	"spriteSourceSize": {"x":0,"y":0,"w":52,"h":38},
	"sourceSize": {"w":52,"h":38}
}
,{
	"filename": "pajaroto_puntos0105",
	"frame": {"x":942,"y":221,"w":52,"h":38},
	"rotated": false,
	"trimmed": false,
	"spriteSourceSize": {"x":0,"y":0,"w":52,"h":38},
	"sourceSize": {"w":52,"h":38}
}
,{
	"filename": "pajaroto_puntos0106",
	"frame": {"x":942,"y":221,"w":52,"h":38},
	"rotated": false,
	"trimmed": false,
	"spriteSourceSize": {"x":0,"y":0,"w":52,"h":38},
	"sourceSize": {"w":52,"h":38}
}
,{
	"filename": "pajaroto_puntos0107",
	"frame": {"x":942,"y":221,"w":52,"h":38},
	"rotated": false,
	"trimmed": false,
	"spriteSourceSize": {"x":0,"y":0,"w":52,"h":38},
	"sourceSize": {"w":52,"h":38}
}
,{
	"filename": "pajaroto_puntos0108",
	"frame": {"x":942,"y":221,"w":52,"h":38},
	"rotated": false,
	"trimmed": false,
	"spriteSourceSize": {"x":0,"y":0,"w":52,"h":38},
	"sourceSize": {"w":52,"h":38}
}
,{
	"filename": "pajaroto_puntos0109",
	"frame": {"x":942,"y":221,"w":52,"h":38},
	"rotated": false,
	"trimmed": false,
	"spriteSourceSize": {"x":0,"y":0,"w":52,"h":38},
	"sourceSize": {"w":52,"h":38}
}
,{
	"filename": "pajaroto_puntos0110",
	"frame": {"x":942,"y":221,"w":52,"h":38},
	"rotated": false,
	"trimmed": false,
	"spriteSourceSize": {"x":0,"y":0,"w":52,"h":38},
	"sourceSize": {"w":52,"h":38}
}
,{
	"filename": "pajaroto_puntos0111",
	"frame": {"x":942,"y":221,"w":52,"h":38},
	"rotated": false,
	"trimmed": false,
	"spriteSourceSize": {"x":0,"y":0,"w":52,"h":38},
	"sourceSize": {"w":52,"h":38}
}
,{
	"filename": "pajaroto_puntos0112",
	"frame": {"x":942,"y":221,"w":52,"h":38},
	"rotated": false,
	"trimmed": false,
	"spriteSourceSize": {"x":0,"y":0,"w":52,"h":38},
	"sourceSize": {"w":52,"h":38}
}
,{
	"filename": "pajaroto_puntos0113",
	"frame": {"x":942,"y":221,"w":52,"h":38},
	"rotated": false,
	"trimmed": false,
	"spriteSourceSize": {"x":0,"y":0,"w":52,"h":38},
	"sourceSize": {"w":52,"h":38}
}
,{
	"filename": "pajaroto_puntos0114",
	"frame": {"x":942,"y":221,"w":52,"h":38},
	"rotated": false,
	"trimmed": false,
	"spriteSourceSize": {"x":0,"y":0,"w":52,"h":38},
	"sourceSize": {"w":52,"h":38}
}
,{
	"filename": "pajaroto_puntos0115",
	"frame": {"x":942,"y":221,"w":52,"h":38},
	"rotated": false,
	"trimmed": false,
	"spriteSourceSize": {"x":0,"y":0,"w":52,"h":38},
	"sourceSize": {"w":52,"h":38}
}
,{
	"filename": "pajaroto_puntos0116",
	"frame": {"x":942,"y":221,"w":52,"h":38},
	"rotated": false,
	"trimmed": false,
	"spriteSourceSize": {"x":0,"y":0,"w":52,"h":38},
	"sourceSize": {"w":52,"h":38}
}
,{
	"filename": "pajaroto_puntos0117",
	"frame": {"x":942,"y":221,"w":52,"h":38},
	"rotated": false,
	"trimmed": false,
	"spriteSourceSize": {"x":0,"y":0,"w":52,"h":38},
	"sourceSize": {"w":52,"h":38}
}
,{
	"filename": "pajaroto_puntos0118",
	"frame": {"x":942,"y":221,"w":52,"h":38},
	"rotated": false,
	"trimmed": false,
	"spriteSourceSize": {"x":0,"y":0,"w":52,"h":38},
	"sourceSize": {"w":52,"h":38}
}
,{
	"filename": "pajaroto_puntos0119",
	"frame": {"x":942,"y":221,"w":52,"h":38},
	"rotated": false,
	"trimmed": false,
	"spriteSourceSize": {"x":0,"y":0,"w":52,"h":38},
	"sourceSize": {"w":52,"h":38}
}
,{
	"filename": "pajaroto_puntos0120",
	"frame": {"x":942,"y":221,"w":52,"h":38},
	"rotated": false,
	"trimmed": false,
	"spriteSourceSize": {"x":0,"y":0,"w":52,"h":38},
	"sourceSize": {"w":52,"h":38}
}
,{
	"filename": "pajaroto_puntos0121",
	"frame": {"x":942,"y":221,"w":52,"h":38},
	"rotated": false,
	"trimmed": false,
	"spriteSourceSize": {"x":0,"y":0,"w":52,"h":38},
	"sourceSize": {"w":52,"h":38}
}
,{
	"filename": "pajaroto_puntos0122",
	"frame": {"x":942,"y":221,"w":52,"h":38},
	"rotated": false,
	"trimmed": false,
	"spriteSourceSize": {"x":0,"y":0,"w":52,"h":38},
	"sourceSize": {"w":52,"h":38}
}
,{
	"filename": "pajaroto_puntos0123",
	"frame": {"x":942,"y":221,"w":52,"h":38},
	"rotated": false,
	"trimmed": false,
	"spriteSourceSize": {"x":0,"y":0,"w":52,"h":38},
	"sourceSize": {"w":52,"h":38}
}
,{
	"filename": "pajaroto_puntos0124",
	"frame": {"x":942,"y":221,"w":52,"h":38},
	"rotated": false,
	"trimmed": false,
	"spriteSourceSize": {"x":0,"y":0,"w":52,"h":38},
	"sourceSize": {"w":52,"h":38}
}
,{
	"filename": "pajaroto_puntos0125",
	"frame": {"x":942,"y":221,"w":52,"h":38},
	"rotated": false,
	"trimmed": false,
	"spriteSourceSize": {"x":0,"y":0,"w":52,"h":38},
	"sourceSize": {"w":52,"h":38}
}
,{
	"filename": "pajaroto_puntos0126",
	"frame": {"x":942,"y":221,"w":52,"h":38},
	"rotated": false,
	"trimmed": false,
	"spriteSourceSize": {"x":0,"y":0,"w":52,"h":38},
	"sourceSize": {"w":52,"h":38}
}
,{
	"filename": "pajaroto_puntos0127",
	"frame": {"x":942,"y":221,"w":52,"h":38},
	"rotated": false,
	"trimmed": false,
	"spriteSourceSize": {"x":0,"y":0,"w":52,"h":38},
	"sourceSize": {"w":52,"h":38}
}
,{
	"filename": "pajaroto_puntos0128",
	"frame": {"x":942,"y":221,"w":52,"h":38},
	"rotated": false,
	"trimmed": false,
	"spriteSourceSize": {"x":0,"y":0,"w":52,"h":38},
	"sourceSize": {"w":52,"h":38}
}
,{
	"filename": "pajaroto_puntos0129",
	"frame": {"x":942,"y":221,"w":52,"h":38},
	"rotated": false,
	"trimmed": false,
	"spriteSourceSize": {"x":0,"y":0,"w":52,"h":38},
	"sourceSize": {"w":52,"h":38}
}
,{
	"filename": "pajaroto_puntos0130",
	"frame": {"x":942,"y":221,"w":52,"h":38},
	"rotated": false,
	"trimmed": false,
	"spriteSourceSize": {"x":0,"y":0,"w":52,"h":38},
	"sourceSize": {"w":52,"h":38}
}
,{
	"filename": "pajaroto_puntos0131",
	"frame": {"x":942,"y":221,"w":52,"h":38},
	"rotated": false,
	"trimmed": false,
	"spriteSourceSize": {"x":0,"y":0,"w":52,"h":38},
	"sourceSize": {"w":52,"h":38}
}
,{
	"filename": "pajaroto_puntos0132",
	"frame": {"x":942,"y":221,"w":52,"h":38},
	"rotated": false,
	"trimmed": false,
	"spriteSourceSize": {"x":0,"y":0,"w":52,"h":38},
	"sourceSize": {"w":52,"h":38}
}
,{
	"filename": "pajaroto_puntos0133",
	"frame": {"x":942,"y":221,"w":52,"h":38},
	"rotated": false,
	"trimmed": false,
	"spriteSourceSize": {"x":0,"y":0,"w":52,"h":38},
	"sourceSize": {"w":52,"h":38}
}
,{
	"filename": "pajaroto_puntos0134",
	"frame": {"x":942,"y":221,"w":52,"h":38},
	"rotated": false,
	"trimmed": false,
	"spriteSourceSize": {"x":0,"y":0,"w":52,"h":38},
	"sourceSize": {"w":52,"h":38}
}
,{
	"filename": "pajaroto_puntos0135",
	"frame": {"x":942,"y":221,"w":52,"h":38},
	"rotated": false,
	"trimmed": false,
	"spriteSourceSize": {"x":0,"y":0,"w":52,"h":38},
	"sourceSize": {"w":52,"h":38}
}
,{
	"filename": "pajaroto_puntos0136",
	"frame": {"x":942,"y":221,"w":52,"h":38},
	"rotated": false,
	"trimmed": false,
	"spriteSourceSize": {"x":0,"y":0,"w":52,"h":38},
	"sourceSize": {"w":52,"h":38}
}
,{
	"filename": "pajaroto_puntos0137",
	"frame": {"x":942,"y":221,"w":52,"h":38},
	"rotated": false,
	"trimmed": false,
	"spriteSourceSize": {"x":0,"y":0,"w":52,"h":38},
	"sourceSize": {"w":52,"h":38}
}
,{
	"filename": "pajaroto_puntos0138",
	"frame": {"x":942,"y":221,"w":52,"h":38},
	"rotated": false,
	"trimmed": false,
	"spriteSourceSize": {"x":0,"y":0,"w":52,"h":38},
	"sourceSize": {"w":52,"h":38}
}
,{
	"filename": "pajaroto_puntos0139",
	"frame": {"x":942,"y":221,"w":52,"h":38},
	"rotated": false,
	"trimmed": false,
	"spriteSourceSize": {"x":0,"y":0,"w":52,"h":38},
	"sourceSize": {"w":52,"h":38}
}
,{
	"filename": "pajaroto_puntos0140",
	"frame": {"x":942,"y":221,"w":52,"h":38},
	"rotated": false,
	"trimmed": false,
	"spriteSourceSize": {"x":0,"y":0,"w":52,"h":38},
	"sourceSize": {"w":52,"h":38}
}
,{
	"filename": "pajaroto_puntos0141",
	"frame": {"x":942,"y":221,"w":52,"h":38},
	"rotated": false,
	"trimmed": false,
	"spriteSourceSize": {"x":0,"y":0,"w":52,"h":38},
	"sourceSize": {"w":52,"h":38}
}
,{
	"filename": "pajaroto_puntos0142",
	"frame": {"x":942,"y":221,"w":52,"h":38},
	"rotated": false,
	"trimmed": false,
	"spriteSourceSize": {"x":0,"y":0,"w":52,"h":38},
	"sourceSize": {"w":52,"h":38}
}
,{
	"filename": "pajaroto_puntos0143",
	"frame": {"x":942,"y":221,"w":52,"h":38},
	"rotated": false,
	"trimmed": false,
	"spriteSourceSize": {"x":0,"y":0,"w":52,"h":38},
	"sourceSize": {"w":52,"h":38}
}
,{
	"filename": "pajaroto_puntos0144",
	"frame": {"x":942,"y":221,"w":52,"h":38},
	"rotated": false,
	"trimmed": false,
	"spriteSourceSize": {"x":0,"y":0,"w":52,"h":38},
	"sourceSize": {"w":52,"h":38}
}
,{
	"filename": "pajaroto_puntos0145",
	"frame": {"x":942,"y":221,"w":52,"h":38},
	"rotated": false,
	"trimmed": false,
	"spriteSourceSize": {"x":0,"y":0,"w":52,"h":38},
	"sourceSize": {"w":52,"h":38}
}
,{
	"filename": "pajaroto_puntos0146",
	"frame": {"x":942,"y":221,"w":52,"h":38},
	"rotated": false,
	"trimmed": false,
	"spriteSourceSize": {"x":0,"y":0,"w":52,"h":38},
	"sourceSize": {"w":52,"h":38}
}
,{
	"filename": "pajaroto_puntos0147",
	"frame": {"x":942,"y":221,"w":52,"h":38},
	"rotated": false,
	"trimmed": false,
	"spriteSourceSize": {"x":0,"y":0,"w":52,"h":38},
	"sourceSize": {"w":52,"h":38}
}
,{
	"filename": "pajaroto_puntos0148",
	"frame": {"x":942,"y":221,"w":52,"h":38},
	"rotated": false,
	"trimmed": false,
	"spriteSourceSize": {"x":0,"y":0,"w":52,"h":38},
	"sourceSize": {"w":52,"h":38}
}
,{
	"filename": "pajaroto_puntos0149",
	"frame": {"x":942,"y":221,"w":52,"h":38},
	"rotated": false,
	"trimmed": false,
	"spriteSourceSize": {"x":0,"y":0,"w":52,"h":38},
	"sourceSize": {"w":52,"h":38}
}
,{
	"filename": "pajaroto_puntos0150",
	"frame": {"x":942,"y":221,"w":52,"h":38},
	"rotated": false,
	"trimmed": false,
	"spriteSourceSize": {"x":0,"y":0,"w":52,"h":38},
	"sourceSize": {"w":52,"h":38}
}
,{
	"filename": "pajaroto_puntos0151",
	"frame": {"x":942,"y":221,"w":52,"h":38},
	"rotated": false,
	"trimmed": false,
	"spriteSourceSize": {"x":0,"y":0,"w":52,"h":38},
	"sourceSize": {"w":52,"h":38}
}
,{
	"filename": "pajaroto_puntos0152",
	"frame": {"x":942,"y":221,"w":52,"h":38},
	"rotated": false,
	"trimmed": false,
	"spriteSourceSize": {"x":0,"y":0,"w":52,"h":38},
	"sourceSize": {"w":52,"h":38}
}
,{
	"filename": "pajaroto_puntos0153",
	"frame": {"x":942,"y":221,"w":52,"h":38},
	"rotated": false,
	"trimmed": false,
	"spriteSourceSize": {"x":0,"y":0,"w":52,"h":38},
	"sourceSize": {"w":52,"h":38}
}
,{
	"filename": "pajaroto_puntos0154",
	"frame": {"x":942,"y":221,"w":52,"h":38},
	"rotated": false,
	"trimmed": false,
	"spriteSourceSize": {"x":0,"y":0,"w":52,"h":38},
	"sourceSize": {"w":52,"h":38}
}
,{
	"filename": "pajaroto_puntos0155",
	"frame": {"x":942,"y":221,"w":52,"h":38},
	"rotated": false,
	"trimmed": false,
	"spriteSourceSize": {"x":0,"y":0,"w":52,"h":38},
	"sourceSize": {"w":52,"h":38}
}
,{
	"filename": "pajaroto_puntos0156",
	"frame": {"x":942,"y":221,"w":52,"h":38},
	"rotated": false,
	"trimmed": false,
	"spriteSourceSize": {"x":0,"y":0,"w":52,"h":38},
	"sourceSize": {"w":52,"h":38}
}
,{
	"filename": "pajaroto_puntos0157",
	"frame": {"x":942,"y":221,"w":52,"h":38},
	"rotated": false,
	"trimmed": false,
	"spriteSourceSize": {"x":0,"y":0,"w":52,"h":38},
	"sourceSize": {"w":52,"h":38}
}
,{
	"filename": "pajaroto_puntos0158",
	"frame": {"x":942,"y":221,"w":52,"h":38},
	"rotated": false,
	"trimmed": false,
	"spriteSourceSize": {"x":0,"y":0,"w":52,"h":38},
	"sourceSize": {"w":52,"h":38}
}
,{
	"filename": "pajaroto_puntos0159",
	"frame": {"x":942,"y":221,"w":52,"h":38},
	"rotated": false,
	"trimmed": false,
	"spriteSourceSize": {"x":0,"y":0,"w":52,"h":38},
	"sourceSize": {"w":52,"h":38}
}
,{
	"filename": "pajaroto_puntos0160",
	"frame": {"x":942,"y":221,"w":52,"h":38},
	"rotated": false,
	"trimmed": false,
	"spriteSourceSize": {"x":0,"y":0,"w":52,"h":38},
	"sourceSize": {"w":52,"h":38}
}
,{
	"filename": "pajaroto_puntos0161",
	"frame": {"x":942,"y":221,"w":52,"h":38},
	"rotated": false,
	"trimmed": false,
	"spriteSourceSize": {"x":0,"y":0,"w":52,"h":38},
	"sourceSize": {"w":52,"h":38}
}
,{
	"filename": "pajaroto_puntos0162",
	"frame": {"x":942,"y":221,"w":52,"h":38},
	"rotated": false,
	"trimmed": false,
	"spriteSourceSize": {"x":0,"y":0,"w":52,"h":38},
	"sourceSize": {"w":52,"h":38}
}
,{
	"filename": "pajaroto_puntos0163",
	"frame": {"x":942,"y":221,"w":52,"h":38},
	"rotated": false,
	"trimmed": false,
	"spriteSourceSize": {"x":0,"y":0,"w":52,"h":38},
	"sourceSize": {"w":52,"h":38}
}
,{
	"filename": "pajaroto_puntos0164",
	"frame": {"x":942,"y":221,"w":52,"h":38},
	"rotated": false,
	"trimmed": false,
	"spriteSourceSize": {"x":0,"y":0,"w":52,"h":38},
	"sourceSize": {"w":52,"h":38}
}
,{
	"filename": "pajaroto_puntos0165",
	"frame": {"x":942,"y":221,"w":52,"h":38},
	"rotated": false,
	"trimmed": false,
	"spriteSourceSize": {"x":0,"y":0,"w":52,"h":38},
	"sourceSize": {"w":52,"h":38}
}
,{
	"filename": "pajaroto_puntos0166",
	"frame": {"x":942,"y":221,"w":52,"h":38},
	"rotated": false,
	"trimmed": false,
	"spriteSourceSize": {"x":0,"y":0,"w":52,"h":38},
	"sourceSize": {"w":52,"h":38}
}
,{
	"filename": "pajaroto_puntos0167",
	"frame": {"x":942,"y":221,"w":52,"h":38},
	"rotated": false,
	"trimmed": false,
	"spriteSourceSize": {"x":0,"y":0,"w":52,"h":38},
	"sourceSize": {"w":52,"h":38}
}
,{
	"filename": "pajaroto_puntos0168",
	"frame": {"x":942,"y":221,"w":52,"h":38},
	"rotated": false,
	"trimmed": false,
	"spriteSourceSize": {"x":0,"y":0,"w":52,"h":38},
	"sourceSize": {"w":52,"h":38}
}
,{
	"filename": "pajaroto_puntos0169",
	"frame": {"x":942,"y":221,"w":52,"h":38},
	"rotated": false,
	"trimmed": false,
	"spriteSourceSize": {"x":0,"y":0,"w":52,"h":38},
	"sourceSize": {"w":52,"h":38}
}
,{
	"filename": "pajaroto_puntos0170",
	"frame": {"x":942,"y":221,"w":52,"h":38},
	"rotated": false,
	"trimmed": false,
	"spriteSourceSize": {"x":0,"y":0,"w":52,"h":38},
	"sourceSize": {"w":52,"h":38}
}
,{
	"filename": "pajaroto_puntos0171",
	"frame": {"x":942,"y":221,"w":52,"h":38},
	"rotated": false,
	"trimmed": false,
	"spriteSourceSize": {"x":0,"y":0,"w":52,"h":38},
	"sourceSize": {"w":52,"h":38}
}
,{
	"filename": "pajaroto_puntos0172",
	"frame": {"x":942,"y":221,"w":52,"h":38},
	"rotated": false,
	"trimmed": false,
	"spriteSourceSize": {"x":0,"y":0,"w":52,"h":38},
	"sourceSize": {"w":52,"h":38}
}
,{
	"filename": "pajaroto_puntos0173",
	"frame": {"x":942,"y":221,"w":52,"h":38},
	"rotated": false,
	"trimmed": false,
	"spriteSourceSize": {"x":0,"y":0,"w":52,"h":38},
	"sourceSize": {"w":52,"h":38}
}
,{
	"filename": "pajaroto_puntos0174",
	"frame": {"x":942,"y":221,"w":52,"h":38},
	"rotated": false,
	"trimmed": false,
	"spriteSourceSize": {"x":0,"y":0,"w":52,"h":38},
	"sourceSize": {"w":52,"h":38}
}
,{
	"filename": "pajaroto_puntos0175",
	"frame": {"x":942,"y":221,"w":52,"h":38},
	"rotated": false,
	"trimmed": false,
	"spriteSourceSize": {"x":0,"y":0,"w":52,"h":38},
	"sourceSize": {"w":52,"h":38}
}
,{
	"filename": "pajaroto_puntos0176",
	"frame": {"x":942,"y":221,"w":52,"h":38},
	"rotated": false,
	"trimmed": false,
	"spriteSourceSize": {"x":0,"y":0,"w":52,"h":38},
	"sourceSize": {"w":52,"h":38}
}
,{
	"filename": "pajaroto_puntos0177",
	"frame": {"x":942,"y":221,"w":52,"h":38},
	"rotated": false,
	"trimmed": false,
	"spriteSourceSize": {"x":0,"y":0,"w":52,"h":38},
	"sourceSize": {"w":52,"h":38}
}
,{
	"filename": "pajaroto_puntos0178",
	"frame": {"x":942,"y":221,"w":52,"h":38},
	"rotated": false,
	"trimmed": false,
	"spriteSourceSize": {"x":0,"y":0,"w":52,"h":38},
	"sourceSize": {"w":52,"h":38}
}
,{
	"filename": "pajaroto_puntos0179",
	"frame": {"x":942,"y":221,"w":52,"h":38},
	"rotated": false,
	"trimmed": false,
	"spriteSourceSize": {"x":0,"y":0,"w":52,"h":38},
	"sourceSize": {"w":52,"h":38}
}
,{
	"filename": "pajaroto_puntos0180",
	"frame": {"x":942,"y":221,"w":52,"h":38},
	"rotated": false,
	"trimmed": false,
	"spriteSourceSize": {"x":0,"y":0,"w":52,"h":38},
	"sourceSize": {"w":52,"h":38}
}
,{
	"filename": "pajaroto_puntos0181",
	"frame": {"x":942,"y":221,"w":52,"h":38},
	"rotated": false,
	"trimmed": false,
	"spriteSourceSize": {"x":0,"y":0,"w":52,"h":38},
	"sourceSize": {"w":52,"h":38}
}
,{
	"filename": "pajaroto_puntos0182",
	"frame": {"x":942,"y":221,"w":52,"h":38},
	"rotated": false,
	"trimmed": false,
	"spriteSourceSize": {"x":0,"y":0,"w":52,"h":38},
	"sourceSize": {"w":52,"h":38}
}
,{
	"filename": "pajaroto_puntos0183",
	"frame": {"x":942,"y":221,"w":52,"h":38},
	"rotated": false,
	"trimmed": false,
	"spriteSourceSize": {"x":0,"y":0,"w":52,"h":38},
	"sourceSize": {"w":52,"h":38}
}
,{
	"filename": "pajaroto_puntos0184",
	"frame": {"x":942,"y":221,"w":52,"h":38},
	"rotated": false,
	"trimmed": false,
	"spriteSourceSize": {"x":0,"y":0,"w":52,"h":38},
	"sourceSize": {"w":52,"h":38}
}
,{
	"filename": "pajaroto_puntos0185",
	"frame": {"x":942,"y":221,"w":52,"h":38},
	"rotated": false,
	"trimmed": false,
	"spriteSourceSize": {"x":0,"y":0,"w":52,"h":38},
	"sourceSize": {"w":52,"h":38}
}
,{
	"filename": "pajaroto_puntos0186",
	"frame": {"x":942,"y":221,"w":52,"h":38},
	"rotated": false,
	"trimmed": false,
	"spriteSourceSize": {"x":0,"y":0,"w":52,"h":38},
	"sourceSize": {"w":52,"h":38}
}
,{
	"filename": "pajaroto_puntos0187",
	"frame": {"x":942,"y":221,"w":52,"h":38},
	"rotated": false,
	"trimmed": false,
	"spriteSourceSize": {"x":0,"y":0,"w":52,"h":38},
	"sourceSize": {"w":52,"h":38}
}
,{
	"filename": "pajaroto_puntos0188",
	"frame": {"x":942,"y":221,"w":52,"h":38},
	"rotated": false,
	"trimmed": false,
	"spriteSourceSize": {"x":0,"y":0,"w":52,"h":38},
	"sourceSize": {"w":52,"h":38}
}
,{
	"filename": "pajaroto_puntos0189",
	"frame": {"x":942,"y":221,"w":52,"h":38},
	"rotated": false,
	"trimmed": false,
	"spriteSourceSize": {"x":0,"y":0,"w":52,"h":38},
	"sourceSize": {"w":52,"h":38}
}
,{
	"filename": "pajaroto_puntos0190",
	"frame": {"x":942,"y":221,"w":52,"h":38},
	"rotated": false,
	"trimmed": false,
	"spriteSourceSize": {"x":0,"y":0,"w":52,"h":38},
	"sourceSize": {"w":52,"h":38}
}
,{
	"filename": "pajaroto_puntos0191",
	"frame": {"x":942,"y":221,"w":52,"h":38},
	"rotated": false,
	"trimmed": false,
	"spriteSourceSize": {"x":0,"y":0,"w":52,"h":38},
	"sourceSize": {"w":52,"h":38}
}
,{
	"filename": "pajaroto_puntos0192",
	"frame": {"x":942,"y":221,"w":52,"h":38},
	"rotated": false,
	"trimmed": false,
	"spriteSourceSize": {"x":0,"y":0,"w":52,"h":38},
	"sourceSize": {"w":52,"h":38}
}
,{
	"filename": "pajaroto_puntos0193",
	"frame": {"x":942,"y":221,"w":52,"h":38},
	"rotated": false,
	"trimmed": false,
	"spriteSourceSize": {"x":0,"y":0,"w":52,"h":38},
	"sourceSize": {"w":52,"h":38}
}
,{
	"filename": "pajaroto_puntos0194",
	"frame": {"x":942,"y":221,"w":52,"h":38},
	"rotated": false,
	"trimmed": false,
	"spriteSourceSize": {"x":0,"y":0,"w":52,"h":38},
	"sourceSize": {"w":52,"h":38}
}
,{
	"filename": "pajaroto_puntos0195",
	"frame": {"x":942,"y":221,"w":52,"h":38},
	"rotated": false,
	"trimmed": false,
	"spriteSourceSize": {"x":0,"y":0,"w":52,"h":38},
	"sourceSize": {"w":52,"h":38}
}
,{
	"filename": "pajaroto_puntos0196",
	"frame": {"x":942,"y":221,"w":52,"h":38},
	"rotated": false,
	"trimmed": false,
	"spriteSourceSize": {"x":0,"y":0,"w":52,"h":38},
	"sourceSize": {"w":52,"h":38}
}
,{
	"filename": "pajaroto_puntos0197",
	"frame": {"x":942,"y":221,"w":52,"h":38},
	"rotated": false,
	"trimmed": false,
	"spriteSourceSize": {"x":0,"y":0,"w":52,"h":38},
	"sourceSize": {"w":52,"h":38}
}
,{
	"filename": "pajaroto_puntos0198",
	"frame": {"x":942,"y":221,"w":52,"h":38},
	"rotated": false,
	"trimmed": false,
	"spriteSourceSize": {"x":0,"y":0,"w":52,"h":38},
	"sourceSize": {"w":52,"h":38}
}
,{
	"filename": "pajaroto_puntos0199",
	"frame": {"x":942,"y":221,"w":52,"h":38},
	"rotated": false,
	"trimmed": false,
	"spriteSourceSize": {"x":0,"y":0,"w":52,"h":38},
	"sourceSize": {"w":52,"h":38}
}
,{
	"filename": "pajaroto_puntos0200",
	"frame": {"x":942,"y":221,"w":52,"h":38},
	"rotated": false,
	"trimmed": false,
	"spriteSourceSize": {"x":0,"y":0,"w":52,"h":38},
	"sourceSize": {"w":52,"h":38}
}
,{
	"filename": "pajaroto_puntos0201",
	"frame": {"x":942,"y":221,"w":52,"h":38},
	"rotated": false,
	"trimmed": false,
	"spriteSourceSize": {"x":0,"y":0,"w":52,"h":38},
	"sourceSize": {"w":52,"h":38}
}
,{
	"filename": "pajaroto_puntos0202",
	"frame": {"x":942,"y":221,"w":52,"h":38},
	"rotated": false,
	"trimmed": false,
	"spriteSourceSize": {"x":0,"y":0,"w":52,"h":38},
	"sourceSize": {"w":52,"h":38}
}
,{
	"filename": "pajaroto_puntos0203",
	"frame": {"x":942,"y":221,"w":52,"h":38},
	"rotated": false,
	"trimmed": false,
	"spriteSourceSize": {"x":0,"y":0,"w":52,"h":38},
	"sourceSize": {"w":52,"h":38}
}
,{
	"filename": "pajaroto_puntos0204",
	"frame": {"x":942,"y":221,"w":52,"h":38},
	"rotated": false,
	"trimmed": false,
	"spriteSourceSize": {"x":0,"y":0,"w":52,"h":38},
	"sourceSize": {"w":52,"h":38}
}
,{
	"filename": "pajaroto_puntos0205",
	"frame": {"x":942,"y":221,"w":52,"h":38},
	"rotated": false,
	"trimmed": false,
	"spriteSourceSize": {"x":0,"y":0,"w":52,"h":38},
	"sourceSize": {"w":52,"h":38}
}
,{
	"filename": "pajaroto_puntos0206",
	"frame": {"x":942,"y":221,"w":52,"h":38},
	"rotated": false,
	"trimmed": false,
	"spriteSourceSize": {"x":0,"y":0,"w":52,"h":38},
	"sourceSize": {"w":52,"h":38}
}
,{
	"filename": "pajaroto_puntos0207",
	"frame": {"x":942,"y":221,"w":52,"h":38},
	"rotated": false,
	"trimmed": false,
	"spriteSourceSize": {"x":0,"y":0,"w":52,"h":38},
	"sourceSize": {"w":52,"h":38}
}
,{
	"filename": "pajaroto_puntos0208",
	"frame": {"x":942,"y":221,"w":52,"h":38},
	"rotated": false,
	"trimmed": false,
	"spriteSourceSize": {"x":0,"y":0,"w":52,"h":38},
	"sourceSize": {"w":52,"h":38}
}
,{
	"filename": "pajaroto_puntos0209",
	"frame": {"x":942,"y":221,"w":52,"h":38},
	"rotated": false,
	"trimmed": false,
	"spriteSourceSize": {"x":0,"y":0,"w":52,"h":38},
	"sourceSize": {"w":52,"h":38}
}
,{
	"filename": "pajaroto_puntos0210",
	"frame": {"x":942,"y":221,"w":52,"h":38},
	"rotated": false,
	"trimmed": false,
	"spriteSourceSize": {"x":0,"y":0,"w":52,"h":38},
	"sourceSize": {"w":52,"h":38}
}
,{
	"filename": "pajaroto_puntos0211",
	"frame": {"x":942,"y":221,"w":52,"h":38},
	"rotated": false,
	"trimmed": false,
	"spriteSourceSize": {"x":0,"y":0,"w":52,"h":38},
	"sourceSize": {"w":52,"h":38}
}
,{
	"filename": "pajaroto_puntos0212",
	"frame": {"x":942,"y":221,"w":52,"h":38},
	"rotated": false,
	"trimmed": false,
	"spriteSourceSize": {"x":0,"y":0,"w":52,"h":38},
	"sourceSize": {"w":52,"h":38}
}
,{
	"filename": "pajaroto_puntos0213",
	"frame": {"x":942,"y":221,"w":52,"h":38},
	"rotated": false,
	"trimmed": false,
	"spriteSourceSize": {"x":0,"y":0,"w":52,"h":38},
	"sourceSize": {"w":52,"h":38}
}
,{
	"filename": "pajaroto_puntos0214",
	"frame": {"x":942,"y":221,"w":52,"h":38},
	"rotated": false,
	"trimmed": false,
	"spriteSourceSize": {"x":0,"y":0,"w":52,"h":38},
	"sourceSize": {"w":52,"h":38}
}
,{
	"filename": "pajaroto_puntos0215",
	"frame": {"x":942,"y":221,"w":52,"h":38},
	"rotated": false,
	"trimmed": false,
	"spriteSourceSize": {"x":0,"y":0,"w":52,"h":38},
	"sourceSize": {"w":52,"h":38}
}
,{
	"filename": "pajaroto_puntos0216",
	"frame": {"x":942,"y":221,"w":52,"h":38},
	"rotated": false,
	"trimmed": false,
	"spriteSourceSize": {"x":0,"y":0,"w":52,"h":38},
	"sourceSize": {"w":52,"h":38}
}
,{
	"filename": "pajaroto_puntos0217",
	"frame": {"x":942,"y":221,"w":52,"h":38},
	"rotated": false,
	"trimmed": false,
	"spriteSourceSize": {"x":0,"y":0,"w":52,"h":38},
	"sourceSize": {"w":52,"h":38}
}
,{
	"filename": "pajaroto_puntos0218",
	"frame": {"x":942,"y":221,"w":52,"h":38},
	"rotated": false,
	"trimmed": false,
	"spriteSourceSize": {"x":0,"y":0,"w":52,"h":38},
	"sourceSize": {"w":52,"h":38}
}
,{
	"filename": "pajaroto_puntos0219",
	"frame": {"x":942,"y":221,"w":52,"h":38},
	"rotated": false,
	"trimmed": false,
	"spriteSourceSize": {"x":0,"y":0,"w":52,"h":38},
	"sourceSize": {"w":52,"h":38}
}
,{
	"filename": "pajaroto_puntos0220",
	"frame": {"x":942,"y":221,"w":52,"h":38},
	"rotated": false,
	"trimmed": false,
	"spriteSourceSize": {"x":0,"y":0,"w":52,"h":38},
	"sourceSize": {"w":52,"h":38}
}
,{
	"filename": "pajaroto_puntos0221",
	"frame": {"x":942,"y":221,"w":52,"h":38},
	"rotated": false,
	"trimmed": false,
	"spriteSourceSize": {"x":0,"y":0,"w":52,"h":38},
	"sourceSize": {"w":52,"h":38}
}
,{
	"filename": "pajaroto_puntos0222",
	"frame": {"x":942,"y":221,"w":52,"h":38},
	"rotated": false,
	"trimmed": false,
	"spriteSourceSize": {"x":0,"y":0,"w":52,"h":38},
	"sourceSize": {"w":52,"h":38}
}
,{
	"filename": "pajaroto_puntos0223",
	"frame": {"x":942,"y":221,"w":52,"h":38},
	"rotated": false,
	"trimmed": false,
	"spriteSourceSize": {"x":0,"y":0,"w":52,"h":38},
	"sourceSize": {"w":52,"h":38}
}
,{
	"filename": "pajaroto_puntos0224",
	"frame": {"x":942,"y":221,"w":52,"h":38},
	"rotated": false,
	"trimmed": false,
	"spriteSourceSize": {"x":0,"y":0,"w":52,"h":38},
	"sourceSize": {"w":52,"h":38}
}
,{
	"filename": "pajaroto_puntos0225",
	"frame": {"x":942,"y":221,"w":52,"h":38},
	"rotated": false,
	"trimmed": false,
	"spriteSourceSize": {"x":0,"y":0,"w":52,"h":38},
	"sourceSize": {"w":52,"h":38}
}
,{
	"filename": "pajaroto_puntos0226",
	"frame": {"x":942,"y":221,"w":52,"h":38},
	"rotated": false,
	"trimmed": false,
	"spriteSourceSize": {"x":0,"y":0,"w":52,"h":38},
	"sourceSize": {"w":52,"h":38}
}
,{
	"filename": "pajaroto_puntos0227",
	"frame": {"x":942,"y":221,"w":52,"h":38},
	"rotated": false,
	"trimmed": false,
	"spriteSourceSize": {"x":0,"y":0,"w":52,"h":38},
	"sourceSize": {"w":52,"h":38}
}
,{
	"filename": "pajaroto_puntos0228",
	"frame": {"x":942,"y":221,"w":52,"h":38},
	"rotated": false,
	"trimmed": false,
	"spriteSourceSize": {"x":0,"y":0,"w":52,"h":38},
	"sourceSize": {"w":52,"h":38}
}
,{
	"filename": "pajaroto_puntos0229",
	"frame": {"x":942,"y":221,"w":52,"h":38},
	"rotated": false,
	"trimmed": false,
	"spriteSourceSize": {"x":0,"y":0,"w":52,"h":38},
	"sourceSize": {"w":52,"h":38}
}
,{
	"filename": "pajaroto_puntos0230",
	"frame": {"x":942,"y":221,"w":52,"h":38},
	"rotated": false,
	"trimmed": false,
	"spriteSourceSize": {"x":0,"y":0,"w":52,"h":38},
	"sourceSize": {"w":52,"h":38}
}
,{
	"filename": "pajaroto_puntos0231",
	"frame": {"x":942,"y":221,"w":52,"h":38},
	"rotated": false,
	"trimmed": false,
	"spriteSourceSize": {"x":0,"y":0,"w":52,"h":38},
	"sourceSize": {"w":52,"h":38}
}
,{
	"filename": "pajaroto_puntos0232",
	"frame": {"x":942,"y":221,"w":52,"h":38},
	"rotated": false,
	"trimmed": false,
	"spriteSourceSize": {"x":0,"y":0,"w":52,"h":38},
	"sourceSize": {"w":52,"h":38}
}
,{
	"filename": "pajaroto_puntos0233",
	"frame": {"x":942,"y":221,"w":52,"h":38},
	"rotated": false,
	"trimmed": false,
	"spriteSourceSize": {"x":0,"y":0,"w":52,"h":38},
	"sourceSize": {"w":52,"h":38}
}
,{
	"filename": "pajaroto_puntos0234",
	"frame": {"x":942,"y":221,"w":52,"h":38},
	"rotated": false,
	"trimmed": false,
	"spriteSourceSize": {"x":0,"y":0,"w":52,"h":38},
	"sourceSize": {"w":52,"h":38}
}
,{
	"filename": "pajaroto_puntos0235",
	"frame": {"x":942,"y":221,"w":52,"h":38},
	"rotated": false,
	"trimmed": false,
	"spriteSourceSize": {"x":0,"y":0,"w":52,"h":38},
	"sourceSize": {"w":52,"h":38}
}
,{
	"filename": "pajaroto_puntos0236",
	"frame": {"x":942,"y":221,"w":52,"h":38},
	"rotated": false,
	"trimmed": false,
	"spriteSourceSize": {"x":0,"y":0,"w":52,"h":38},
	"sourceSize": {"w":52,"h":38}
}
,{
	"filename": "pajaroto_puntos0237",
	"frame": {"x":942,"y":221,"w":52,"h":38},
	"rotated": false,
	"trimmed": false,
	"spriteSourceSize": {"x":0,"y":0,"w":52,"h":38},
	"sourceSize": {"w":52,"h":38}
}
,{
	"filename": "pajaroto_puntos0238",
	"frame": {"x":942,"y":221,"w":52,"h":38},
	"rotated": false,
	"trimmed": false,
	"spriteSourceSize": {"x":0,"y":0,"w":52,"h":38},
	"sourceSize": {"w":52,"h":38}
}
,{
	"filename": "pajaroto_puntos0239",
	"frame": {"x":942,"y":221,"w":52,"h":38},
	"rotated": false,
	"trimmed": false,
	"spriteSourceSize": {"x":0,"y":0,"w":52,"h":38},
	"sourceSize": {"w":52,"h":38}
}
,{
	"filename": "pajaroto_puntos0240",
	"frame": {"x":942,"y":221,"w":52,"h":38},
	"rotated": false,
	"trimmed": false,
	"spriteSourceSize": {"x":0,"y":0,"w":52,"h":38},
	"sourceSize": {"w":52,"h":38}
}
,{
	"filename": "pajaroto_puntos0241",
	"frame": {"x":942,"y":221,"w":52,"h":38},
	"rotated": false,
	"trimmed": false,
	"spriteSourceSize": {"x":0,"y":0,"w":52,"h":38},
	"sourceSize": {"w":52,"h":38}
}
,{
	"filename": "pajaroto_puntos0242",
	"frame": {"x":942,"y":221,"w":52,"h":38},
	"rotated": false,
	"trimmed": false,
	"spriteSourceSize": {"x":0,"y":0,"w":52,"h":38},
	"sourceSize": {"w":52,"h":38}
}
,{
	"filename": "pajaroto_puntos0243",
	"frame": {"x":942,"y":221,"w":52,"h":38},
	"rotated": false,
	"trimmed": false,
	"spriteSourceSize": {"x":0,"y":0,"w":52,"h":38},
	"sourceSize": {"w":52,"h":38}
}
,{
	"filename": "pajaroto_puntos0244",
	"frame": {"x":942,"y":221,"w":52,"h":38},
	"rotated": false,
	"trimmed": false,
	"spriteSourceSize": {"x":0,"y":0,"w":52,"h":38},
	"sourceSize": {"w":52,"h":38}
}
,{
	"filename": "pajaroto_puntos0245",
	"frame": {"x":942,"y":221,"w":52,"h":38},
	"rotated": false,
	"trimmed": false,
	"spriteSourceSize": {"x":0,"y":0,"w":52,"h":38},
	"sourceSize": {"w":52,"h":38}
}
,{
	"filename": "pajaroto_puntos0246",
	"frame": {"x":942,"y":221,"w":52,"h":38},
	"rotated": false,
	"trimmed": false,
	"spriteSourceSize": {"x":0,"y":0,"w":52,"h":38},
	"sourceSize": {"w":52,"h":38}
}
,{
	"filename": "pajaroto_puntos0247",
	"frame": {"x":942,"y":221,"w":52,"h":38},
	"rotated": false,
	"trimmed": false,
	"spriteSourceSize": {"x":0,"y":0,"w":52,"h":38},
	"sourceSize": {"w":52,"h":38}
}
,{
	"filename": "pajaroto_puntos0248",
	"frame": {"x":942,"y":221,"w":52,"h":38},
	"rotated": false,
	"trimmed": false,
	"spriteSourceSize": {"x":0,"y":0,"w":52,"h":38},
	"sourceSize": {"w":52,"h":38}
}
,{
	"filename": "pajaroto_puntos0249",
	"frame": {"x":942,"y":221,"w":52,"h":38},
	"rotated": false,
	"trimmed": false,
	"spriteSourceSize": {"x":0,"y":0,"w":52,"h":38},
	"sourceSize": {"w":52,"h":38}
}
,{
	"filename": "pajaroto_puntos0250",
	"frame": {"x":942,"y":221,"w":52,"h":38},
	"rotated": false,
	"trimmed": false,
	"spriteSourceSize": {"x":0,"y":0,"w":52,"h":38},
	"sourceSize": {"w":52,"h":38}
}
,{
	"filename": "pajaroto_puntos0251",
	"frame": {"x":942,"y":221,"w":52,"h":38},
	"rotated": false,
	"trimmed": false,
	"spriteSourceSize": {"x":0,"y":0,"w":52,"h":38},
	"sourceSize": {"w":52,"h":38}
}
,{
	"filename": "pajaroto_puntos0252",
	"frame": {"x":942,"y":221,"w":52,"h":38},
	"rotated": false,
	"trimmed": false,
	"spriteSourceSize": {"x":0,"y":0,"w":52,"h":38},
	"sourceSize": {"w":52,"h":38}
}
,{
	"filename": "pajaroto_puntos0253",
	"frame": {"x":942,"y":221,"w":52,"h":38},
	"rotated": false,
	"trimmed": false,
	"spriteSourceSize": {"x":0,"y":0,"w":52,"h":38},
	"sourceSize": {"w":52,"h":38}
}
,{
	"filename": "pajaroto_puntos0254",
	"frame": {"x":942,"y":221,"w":52,"h":38},
	"rotated": false,
	"trimmed": false,
	"spriteSourceSize": {"x":0,"y":0,"w":52,"h":38},
	"sourceSize": {"w":52,"h":38}
}
,{
	"filename": "pajaroto_puntos0255",
	"frame": {"x":942,"y":221,"w":52,"h":38},
	"rotated": false,
	"trimmed": false,
	"spriteSourceSize": {"x":0,"y":0,"w":52,"h":38},
	"sourceSize": {"w":52,"h":38}
}
,{
	"filename": "pajaroto_puntos0256",
	"frame": {"x":942,"y":221,"w":52,"h":38},
	"rotated": false,
	"trimmed": false,
	"spriteSourceSize": {"x":0,"y":0,"w":52,"h":38},
	"sourceSize": {"w":52,"h":38}
}
,{
	"filename": "pajaroto_puntos0257",
	"frame": {"x":942,"y":221,"w":52,"h":38},
	"rotated": false,
	"trimmed": false,
	"spriteSourceSize": {"x":0,"y":0,"w":52,"h":38},
	"sourceSize": {"w":52,"h":38}
}
,{
	"filename": "pajaroto_puntos0258",
	"frame": {"x":942,"y":221,"w":52,"h":38},
	"rotated": false,
	"trimmed": false,
	"spriteSourceSize": {"x":0,"y":0,"w":52,"h":38},
	"sourceSize": {"w":52,"h":38}
}
,{
	"filename": "pajaroto_puntos0259",
	"frame": {"x":942,"y":221,"w":52,"h":38},
	"rotated": false,
	"trimmed": false,
	"spriteSourceSize": {"x":0,"y":0,"w":52,"h":38},
	"sourceSize": {"w":52,"h":38}
}
,{
	"filename": "pajaroto_puntos0260",
	"frame": {"x":942,"y":221,"w":52,"h":38},
	"rotated": false,
	"trimmed": false,
	"spriteSourceSize": {"x":0,"y":0,"w":52,"h":38},
	"sourceSize": {"w":52,"h":38}
}
,{
	"filename": "pajaroto_puntos0261",
	"frame": {"x":942,"y":221,"w":52,"h":38},
	"rotated": false,
	"trimmed": false,
	"spriteSourceSize": {"x":0,"y":0,"w":52,"h":38},
	"sourceSize": {"w":52,"h":38}
}
,{
	"filename": "pajaroto_puntos0262",
	"frame": {"x":942,"y":221,"w":52,"h":38},
	"rotated": false,
	"trimmed": false,
	"spriteSourceSize": {"x":0,"y":0,"w":52,"h":38},
	"sourceSize": {"w":52,"h":38}
}
,{
	"filename": "pajaroto_puntos0263",
	"frame": {"x":942,"y":221,"w":52,"h":38},
	"rotated": false,
	"trimmed": false,
	"spriteSourceSize": {"x":0,"y":0,"w":52,"h":38},
	"sourceSize": {"w":52,"h":38}
}
,{
	"filename": "pajaroto_puntos0264",
	"frame": {"x":942,"y":221,"w":52,"h":38},
	"rotated": false,
	"trimmed": false,
	"spriteSourceSize": {"x":0,"y":0,"w":52,"h":38},
	"sourceSize": {"w":52,"h":38}
}
,{
	"filename": "pajaroto_puntos0265",
	"frame": {"x":942,"y":221,"w":52,"h":38},
	"rotated": false,
	"trimmed": false,
	"spriteSourceSize": {"x":0,"y":0,"w":52,"h":38},
	"sourceSize": {"w":52,"h":38}
}
,{
	"filename": "pajaroto_puntos0266",
	"frame": {"x":942,"y":221,"w":52,"h":38},
	"rotated": false,
	"trimmed": false,
	"spriteSourceSize": {"x":0,"y":0,"w":52,"h":38},
	"sourceSize": {"w":52,"h":38}
}
,{
	"filename": "pajaroto_puntos0267",
	"frame": {"x":942,"y":221,"w":52,"h":38},
	"rotated": false,
	"trimmed": false,
	"spriteSourceSize": {"x":0,"y":0,"w":52,"h":38},
	"sourceSize": {"w":52,"h":38}
}
,{
	"filename": "pajaroto_puntos0268",
	"frame": {"x":942,"y":221,"w":52,"h":38},
	"rotated": false,
	"trimmed": false,
	"spriteSourceSize": {"x":0,"y":0,"w":52,"h":38},
	"sourceSize": {"w":52,"h":38}
}
,{
	"filename": "pajaroto_puntos0269",
	"frame": {"x":942,"y":221,"w":52,"h":38},
	"rotated": false,
	"trimmed": false,
	"spriteSourceSize": {"x":0,"y":0,"w":52,"h":38},
	"sourceSize": {"w":52,"h":38}
}
,{
	"filename": "pajaroto_puntos0270",
	"frame": {"x":942,"y":221,"w":52,"h":38},
	"rotated": false,
	"trimmed": false,
	"spriteSourceSize": {"x":0,"y":0,"w":52,"h":38},
	"sourceSize": {"w":52,"h":38}
}
,{
	"filename": "pajaroto_puntos0271",
	"frame": {"x":942,"y":221,"w":52,"h":38},
	"rotated": false,
	"trimmed": false,
	"spriteSourceSize": {"x":0,"y":0,"w":52,"h":38},
	"sourceSize": {"w":52,"h":38}
}
,{
	"filename": "pajaroto_puntos0272",
	"frame": {"x":942,"y":221,"w":52,"h":38},
	"rotated": false,
	"trimmed": false,
	"spriteSourceSize": {"x":0,"y":0,"w":52,"h":38},
	"sourceSize": {"w":52,"h":38}
}
,{
	"filename": "pajaroto_puntos0273",
	"frame": {"x":942,"y":221,"w":52,"h":38},
	"rotated": false,
	"trimmed": false,
	"spriteSourceSize": {"x":0,"y":0,"w":52,"h":38},
	"sourceSize": {"w":52,"h":38}
}
,{
	"filename": "pajaroto_puntos0274",
	"frame": {"x":942,"y":221,"w":52,"h":38},
	"rotated": false,
	"trimmed": false,
	"spriteSourceSize": {"x":0,"y":0,"w":52,"h":38},
	"sourceSize": {"w":52,"h":38}
}
,{
	"filename": "pajaroto_puntos0275",
	"frame": {"x":942,"y":221,"w":52,"h":38},
	"rotated": false,
	"trimmed": false,
	"spriteSourceSize": {"x":0,"y":0,"w":52,"h":38},
	"sourceSize": {"w":52,"h":38}
}
,{
	"filename": "pajaroto_puntos0276",
	"frame": {"x":942,"y":221,"w":52,"h":38},
	"rotated": false,
	"trimmed": false,
	"spriteSourceSize": {"x":0,"y":0,"w":52,"h":38},
	"sourceSize": {"w":52,"h":38}
}
,{
	"filename": "pajaroto_puntos0277",
	"frame": {"x":942,"y":221,"w":52,"h":38},
	"rotated": false,
	"trimmed": false,
	"spriteSourceSize": {"x":0,"y":0,"w":52,"h":38},
	"sourceSize": {"w":52,"h":38}
}
,{
	"filename": "pajaroto_puntos0278",
	"frame": {"x":942,"y":221,"w":52,"h":38},
	"rotated": false,
	"trimmed": false,
	"spriteSourceSize": {"x":0,"y":0,"w":52,"h":38},
	"sourceSize": {"w":52,"h":38}
}
,{
	"filename": "pajaroto_puntos0279",
	"frame": {"x":942,"y":221,"w":52,"h":38},
	"rotated": false,
	"trimmed": false,
	"spriteSourceSize": {"x":0,"y":0,"w":52,"h":38},
	"sourceSize": {"w":52,"h":38}
}
,{
	"filename": "pajaroto_puntos0280",
	"frame": {"x":942,"y":221,"w":52,"h":38},
	"rotated": false,
	"trimmed": false,
	"spriteSourceSize": {"x":0,"y":0,"w":52,"h":38},
	"sourceSize": {"w":52,"h":38}
}
,{
	"filename": "pajaroto_puntos0281",
	"frame": {"x":942,"y":221,"w":52,"h":38},
	"rotated": false,
	"trimmed": false,
	"spriteSourceSize": {"x":0,"y":0,"w":52,"h":38},
	"sourceSize": {"w":52,"h":38}
}
,{
	"filename": "pajaroto_puntos0282",
	"frame": {"x":942,"y":221,"w":52,"h":38},
	"rotated": false,
	"trimmed": false,
	"spriteSourceSize": {"x":0,"y":0,"w":52,"h":38},
	"sourceSize": {"w":52,"h":38}
}
,{
	"filename": "pajaroto_puntos0283",
	"frame": {"x":942,"y":221,"w":52,"h":38},
	"rotated": false,
	"trimmed": false,
	"spriteSourceSize": {"x":0,"y":0,"w":52,"h":38},
	"sourceSize": {"w":52,"h":38}
}
,{
	"filename": "pajaroto_puntos0284",
	"frame": {"x":942,"y":221,"w":52,"h":38},
	"rotated": false,
	"trimmed": false,
	"spriteSourceSize": {"x":0,"y":0,"w":52,"h":38},
	"sourceSize": {"w":52,"h":38}
}
,{
	"filename": "pajaroto_puntos0285",
	"frame": {"x":942,"y":221,"w":52,"h":38},
	"rotated": false,
	"trimmed": false,
	"spriteSourceSize": {"x":0,"y":0,"w":52,"h":38},
	"sourceSize": {"w":52,"h":38}
}
,{
	"filename": "pajaroto_puntos0286",
	"frame": {"x":942,"y":221,"w":52,"h":38},
	"rotated": false,
	"trimmed": false,
	"spriteSourceSize": {"x":0,"y":0,"w":52,"h":38},
	"sourceSize": {"w":52,"h":38}
}
,{
	"filename": "pajaroto_puntos0287",
	"frame": {"x":942,"y":221,"w":52,"h":38},
	"rotated": false,
	"trimmed": false,
	"spriteSourceSize": {"x":0,"y":0,"w":52,"h":38},
	"sourceSize": {"w":52,"h":38}
}
,{
	"filename": "pajaroto_puntos0288",
	"frame": {"x":942,"y":221,"w":52,"h":38},
	"rotated": false,
	"trimmed": false,
	"spriteSourceSize": {"x":0,"y":0,"w":52,"h":38},
	"sourceSize": {"w":52,"h":38}
}
,{
	"filename": "pajaroto_puntos0289",
	"frame": {"x":942,"y":221,"w":52,"h":38},
	"rotated": false,
	"trimmed": false,
	"spriteSourceSize": {"x":0,"y":0,"w":52,"h":38},
	"sourceSize": {"w":52,"h":38}
}
,{
	"filename": "pajaroto_puntos0290",
	"frame": {"x":942,"y":221,"w":52,"h":38},
	"rotated": false,
	"trimmed": false,
	"spriteSourceSize": {"x":0,"y":0,"w":52,"h":38},
	"sourceSize": {"w":52,"h":38}
}
,{
	"filename": "pajaroto_puntos0291",
	"frame": {"x":942,"y":221,"w":52,"h":38},
	"rotated": false,
	"trimmed": false,
	"spriteSourceSize": {"x":0,"y":0,"w":52,"h":38},
	"sourceSize": {"w":52,"h":38}
}
,{
	"filename": "pajaroto_puntos0292",
	"frame": {"x":942,"y":221,"w":52,"h":38},
	"rotated": false,
	"trimmed": false,
	"spriteSourceSize": {"x":0,"y":0,"w":52,"h":38},
	"sourceSize": {"w":52,"h":38}
}
,{
	"filename": "pajaroto_puntos0293",
	"frame": {"x":942,"y":221,"w":52,"h":38},
	"rotated": false,
	"trimmed": false,
	"spriteSourceSize": {"x":0,"y":0,"w":52,"h":38},
	"sourceSize": {"w":52,"h":38}
}
,{
	"filename": "pajaroto_puntos0294",
	"frame": {"x":942,"y":221,"w":52,"h":38},
	"rotated": false,
	"trimmed": false,
	"spriteSourceSize": {"x":0,"y":0,"w":52,"h":38},
	"sourceSize": {"w":52,"h":38}
}
,{
	"filename": "pajaroto_puntos0295",
	"frame": {"x":942,"y":221,"w":52,"h":38},
	"rotated": false,
	"trimmed": false,
	"spriteSourceSize": {"x":0,"y":0,"w":52,"h":38},
	"sourceSize": {"w":52,"h":38}
}
,{
	"filename": "pajaroto_puntos0296",
	"frame": {"x":942,"y":221,"w":52,"h":38},
	"rotated": false,
	"trimmed": false,
	"spriteSourceSize": {"x":0,"y":0,"w":52,"h":38},
	"sourceSize": {"w":52,"h":38}
}
,{
	"filename": "pajaroto_puntos0297",
	"frame": {"x":942,"y":221,"w":52,"h":38},
	"rotated": false,
	"trimmed": false,
	"spriteSourceSize": {"x":0,"y":0,"w":52,"h":38},
	"sourceSize": {"w":52,"h":38}
}
,{
	"filename": "pajaroto_puntos0298",
	"frame": {"x":942,"y":221,"w":52,"h":38},
	"rotated": false,
	"trimmed": false,
	"spriteSourceSize": {"x":0,"y":0,"w":52,"h":38},
	"sourceSize": {"w":52,"h":38}
}
,{
	"filename": "pajaroto_puntos0299",
	"frame": {"x":942,"y":221,"w":52,"h":38},
	"rotated": false,
	"trimmed": false,
	"spriteSourceSize": {"x":0,"y":0,"w":52,"h":38},
	"sourceSize": {"w":52,"h":38}
}
,{
	"filename": "pajaroto_puntos0300",
	"frame": {"x":942,"y":221,"w":52,"h":38},
	"rotated": false,
	"trimmed": false,
	"spriteSourceSize": {"x":0,"y":0,"w":52,"h":38},
	"sourceSize": {"w":52,"h":38}
}
,{
	"filename": "pajaroto_puntos0301",
	"frame": {"x":942,"y":221,"w":52,"h":38},
	"rotated": false,
	"trimmed": false,
	"spriteSourceSize": {"x":0,"y":0,"w":52,"h":38},
	"sourceSize": {"w":52,"h":38}
}
,{
	"filename": "pajaroto_puntos0302",
	"frame": {"x":942,"y":221,"w":52,"h":38},
	"rotated": false,
	"trimmed": false,
	"spriteSourceSize": {"x":0,"y":0,"w":52,"h":38},
	"sourceSize": {"w":52,"h":38}
}
,{
	"filename": "pajaroto_puntos0303",
	"frame": {"x":942,"y":221,"w":52,"h":38},
	"rotated": false,
	"trimmed": false,
	"spriteSourceSize": {"x":0,"y":0,"w":52,"h":38},
	"sourceSize": {"w":52,"h":38}
}
,{
	"filename": "pajaroto_puntos0304",
	"frame": {"x":942,"y":221,"w":52,"h":38},
	"rotated": false,
	"trimmed": false,
	"spriteSourceSize": {"x":0,"y":0,"w":52,"h":38},
	"sourceSize": {"w":52,"h":38}
}
,{
	"filename": "pajaroto_puntos0305",
	"frame": {"x":942,"y":221,"w":52,"h":38},
	"rotated": false,
	"trimmed": false,
	"spriteSourceSize": {"x":0,"y":0,"w":52,"h":38},
	"sourceSize": {"w":52,"h":38}
}
,{
	"filename": "pajaroto_puntos0306",
	"frame": {"x":942,"y":221,"w":52,"h":38},
	"rotated": false,
	"trimmed": false,
	"spriteSourceSize": {"x":0,"y":0,"w":52,"h":38},
	"sourceSize": {"w":52,"h":38}
}
,{
	"filename": "pajaroto_puntos0307",
	"frame": {"x":942,"y":221,"w":52,"h":38},
	"rotated": false,
	"trimmed": false,
	"spriteSourceSize": {"x":0,"y":0,"w":52,"h":38},
	"sourceSize": {"w":52,"h":38}
}
,{
	"filename": "pajaroto_puntos0308",
	"frame": {"x":942,"y":221,"w":52,"h":38},
	"rotated": false,
	"trimmed": false,
	"spriteSourceSize": {"x":0,"y":0,"w":52,"h":38},
	"sourceSize": {"w":52,"h":38}
}
,{
	"filename": "pajaroto_puntos0309",
	"frame": {"x":942,"y":221,"w":52,"h":38},
	"rotated": false,
	"trimmed": false,
	"spriteSourceSize": {"x":0,"y":0,"w":52,"h":38},
	"sourceSize": {"w":52,"h":38}
}
,{
	"filename": "pajaroto_puntos0310",
	"frame": {"x":942,"y":221,"w":52,"h":38},
	"rotated": false,
	"trimmed": false,
	"spriteSourceSize": {"x":0,"y":0,"w":52,"h":38},
	"sourceSize": {"w":52,"h":38}
}
,{
	"filename": "pajaroto_puntos0311",
	"frame": {"x":942,"y":221,"w":52,"h":38},
	"rotated": false,
	"trimmed": false,
	"spriteSourceSize": {"x":0,"y":0,"w":52,"h":38},
	"sourceSize": {"w":52,"h":38}
}
,{
	"filename": "pajaroto_puntos0312",
	"frame": {"x":942,"y":221,"w":52,"h":38},
	"rotated": false,
	"trimmed": false,
	"spriteSourceSize": {"x":0,"y":0,"w":52,"h":38},
	"sourceSize": {"w":52,"h":38}
}
,{
	"filename": "pajaroto_puntos0313",
	"frame": {"x":942,"y":221,"w":52,"h":38},
	"rotated": false,
	"trimmed": false,
	"spriteSourceSize": {"x":0,"y":0,"w":52,"h":38},
	"sourceSize": {"w":52,"h":38}
}
,{
	"filename": "pajaroto_puntos0314",
	"frame": {"x":942,"y":221,"w":52,"h":38},
	"rotated": false,
	"trimmed": false,
	"spriteSourceSize": {"x":0,"y":0,"w":52,"h":38},
	"sourceSize": {"w":52,"h":38}
}
,{
	"filename": "pajaroto_puntos0315",
	"frame": {"x":942,"y":221,"w":52,"h":38},
	"rotated": false,
	"trimmed": false,
	"spriteSourceSize": {"x":0,"y":0,"w":52,"h":38},
	"sourceSize": {"w":52,"h":38}
}
,{
	"filename": "pajaroto_puntos0316",
	"frame": {"x":942,"y":221,"w":52,"h":38},
	"rotated": false,
	"trimmed": false,
	"spriteSourceSize": {"x":0,"y":0,"w":52,"h":38},
	"sourceSize": {"w":52,"h":38}
}
,{
	"filename": "pajaroto_puntos0317",
	"frame": {"x":942,"y":221,"w":52,"h":38},
	"rotated": false,
	"trimmed": false,
	"spriteSourceSize": {"x":0,"y":0,"w":52,"h":38},
	"sourceSize": {"w":52,"h":38}
}
,{
	"filename": "pajaroto_puntos0318",
	"frame": {"x":942,"y":221,"w":52,"h":38},
	"rotated": false,
	"trimmed": false,
	"spriteSourceSize": {"x":0,"y":0,"w":52,"h":38},
	"sourceSize": {"w":52,"h":38}
}
,{
	"filename": "pajaroto_puntos0319",
	"frame": {"x":942,"y":221,"w":52,"h":38},
	"rotated": false,
	"trimmed": false,
	"spriteSourceSize": {"x":0,"y":0,"w":52,"h":38},
	"sourceSize": {"w":52,"h":38}
}
,{
	"filename": "pajaroto_puntos0320",
	"frame": {"x":942,"y":221,"w":52,"h":38},
	"rotated": false,
	"trimmed": false,
	"spriteSourceSize": {"x":0,"y":0,"w":52,"h":38},
	"sourceSize": {"w":52,"h":38}
}
,{
	"filename": "scoreBG0000",
	"frame": {"x":2,"y":1321,"w":219,"h":61},
	"rotated": false,
	"trimmed": false,
	"spriteSourceSize": {"x":0,"y":0,"w":219,"h":61},
	"sourceSize": {"w":219,"h":61}
}
,{
	"filename": "tfb0000",
	"frame": {"x":442,"y":1114,"w":410,"h":130},
	"rotated": false,
	"trimmed": false,
	"spriteSourceSize": {"x":0,"y":0,"w":410,"h":130},
	"sourceSize": {"w":410,"h":130}
}
,{
	"filename": "tfbW0000",
	"frame": {"x":442,"y":905,"w":437,"h":207},
	"rotated": false,
	"trimmed": false,
	"spriteSourceSize": {"x":0,"y":0,"w":437,"h":207},
	"sourceSize": {"w":437,"h":207}
}],
"meta": {
	"app": "Adobe Flash Professional",
	"version": "15.0.1.179",
	"image": "gameTexture.png",
	"format": "RGBA8888",
	"size": {"w":1024,"h":2048},
	"scale": "1"
}
}
