﻿{"frames": {

"Probeta0000":
{
	"frame": {"x":1,"y":1,"w":86,"h":6},
	"rotated": false,
	"trimmed": true,
	"spriteSourceSize": {"x":0,"y":137,"w":86,"h":143},
	"sourceSize": {"w":86,"h":143}
},
"Probeta0001":
{
	"frame": {"x":88,"y":1,"w":86,"h":7},
	"rotated": false,
	"trimmed": true,
	"spriteSourceSize": {"x":0,"y":136,"w":86,"h":143},
	"sourceSize": {"w":86,"h":143}
},
"Probeta0002":
{
	"frame": {"x":175,"y":1,"w":86,"h":9},
	"rotated": false,
	"trimmed": true,
	"spriteSourceSize": {"x":0,"y":134,"w":86,"h":143},
	"sourceSize": {"w":86,"h":143}
},
"Probeta0003":
{
	"frame": {"x":262,"y":1,"w":86,"h":10},
	"rotated": false,
	"trimmed": true,
	"spriteSourceSize": {"x":0,"y":133,"w":86,"h":143},
	"sourceSize": {"w":86,"h":143}
},
"Probeta0004":
{
	"frame": {"x":349,"y":1,"w":86,"h":11},
	"rotated": false,
	"trimmed": true,
	"spriteSourceSize": {"x":0,"y":132,"w":86,"h":143},
	"sourceSize": {"w":86,"h":143}
},
"Probeta0005":
{
	"frame": {"x":436,"y":1,"w":86,"h":13},
	"rotated": false,
	"trimmed": true,
	"spriteSourceSize": {"x":0,"y":130,"w":86,"h":143},
	"sourceSize": {"w":86,"h":143}
},
"Probeta0006":
{
	"frame": {"x":523,"y":1,"w":86,"h":14},
	"rotated": false,
	"trimmed": true,
	"spriteSourceSize": {"x":0,"y":129,"w":86,"h":143},
	"sourceSize": {"w":86,"h":143}
},
"Probeta0007":
{
	"frame": {"x":610,"y":1,"w":86,"h":15},
	"rotated": false,
	"trimmed": true,
	"spriteSourceSize": {"x":0,"y":128,"w":86,"h":143},
	"sourceSize": {"w":86,"h":143}
},
"Probeta0008":
{
	"frame": {"x":697,"y":1,"w":86,"h":16},
	"rotated": false,
	"trimmed": true,
	"spriteSourceSize": {"x":0,"y":127,"w":86,"h":143},
	"sourceSize": {"w":86,"h":143}
},
"Probeta0009":
{
	"frame": {"x":784,"y":1,"w":86,"h":18},
	"rotated": false,
	"trimmed": true,
	"spriteSourceSize": {"x":0,"y":125,"w":86,"h":143},
	"sourceSize": {"w":86,"h":143}
},
"Probeta0010":
{
	"frame": {"x":871,"y":1,"w":86,"h":19},
	"rotated": false,
	"trimmed": true,
	"spriteSourceSize": {"x":0,"y":124,"w":86,"h":143},
	"sourceSize": {"w":86,"h":143}
},
"Probeta0011":
{
	"frame": {"x":1,"y":21,"w":86,"h":20},
	"rotated": false,
	"trimmed": true,
	"spriteSourceSize": {"x":0,"y":123,"w":86,"h":143},
	"sourceSize": {"w":86,"h":143}
},
"Probeta0012":
{
	"frame": {"x":88,"y":21,"w":86,"h":22},
	"rotated": false,
	"trimmed": true,
	"spriteSourceSize": {"x":0,"y":121,"w":86,"h":143},
	"sourceSize": {"w":86,"h":143}
},
"Probeta0013":
{
	"frame": {"x":175,"y":21,"w":86,"h":23},
	"rotated": false,
	"trimmed": true,
	"spriteSourceSize": {"x":0,"y":120,"w":86,"h":143},
	"sourceSize": {"w":86,"h":143}
},
"Probeta0014":
{
	"frame": {"x":262,"y":21,"w":86,"h":24},
	"rotated": false,
	"trimmed": true,
	"spriteSourceSize": {"x":0,"y":119,"w":86,"h":143},
	"sourceSize": {"w":86,"h":143}
},
"Probeta0015":
{
	"frame": {"x":349,"y":21,"w":86,"h":26},
	"rotated": false,
	"trimmed": true,
	"spriteSourceSize": {"x":0,"y":117,"w":86,"h":143},
	"sourceSize": {"w":86,"h":143}
},
"Probeta0016":
{
	"frame": {"x":436,"y":21,"w":86,"h":27},
	"rotated": false,
	"trimmed": true,
	"spriteSourceSize": {"x":0,"y":116,"w":86,"h":143},
	"sourceSize": {"w":86,"h":143}
},
"Probeta0017":
{
	"frame": {"x":523,"y":21,"w":86,"h":28},
	"rotated": false,
	"trimmed": true,
	"spriteSourceSize": {"x":0,"y":115,"w":86,"h":143},
	"sourceSize": {"w":86,"h":143}
},
"Probeta0018":
{
	"frame": {"x":610,"y":21,"w":86,"h":30},
	"rotated": false,
	"trimmed": true,
	"spriteSourceSize": {"x":0,"y":113,"w":86,"h":143},
	"sourceSize": {"w":86,"h":143}
},
"Probeta0019":
{
	"frame": {"x":697,"y":21,"w":86,"h":31},
	"rotated": false,
	"trimmed": true,
	"spriteSourceSize": {"x":0,"y":112,"w":86,"h":143},
	"sourceSize": {"w":86,"h":143}
},
"Probeta0020":
{
	"frame": {"x":784,"y":21,"w":86,"h":32},
	"rotated": false,
	"trimmed": true,
	"spriteSourceSize": {"x":0,"y":111,"w":86,"h":143},
	"sourceSize": {"w":86,"h":143}
},
"Probeta0021":
{
	"frame": {"x":871,"y":21,"w":86,"h":33},
	"rotated": false,
	"trimmed": true,
	"spriteSourceSize": {"x":0,"y":110,"w":86,"h":143},
	"sourceSize": {"w":86,"h":143}
},
"Probeta0022":
{
	"frame": {"x":1,"y":55,"w":86,"h":35},
	"rotated": false,
	"trimmed": true,
	"spriteSourceSize": {"x":0,"y":108,"w":86,"h":143},
	"sourceSize": {"w":86,"h":143}
},
"Probeta0023":
{
	"frame": {"x":88,"y":55,"w":86,"h":36},
	"rotated": false,
	"trimmed": true,
	"spriteSourceSize": {"x":0,"y":107,"w":86,"h":143},
	"sourceSize": {"w":86,"h":143}
},
"Probeta0024":
{
	"frame": {"x":175,"y":55,"w":86,"h":37},
	"rotated": false,
	"trimmed": true,
	"spriteSourceSize": {"x":0,"y":106,"w":86,"h":143},
	"sourceSize": {"w":86,"h":143}
},
"Probeta0025":
{
	"frame": {"x":262,"y":55,"w":86,"h":39},
	"rotated": false,
	"trimmed": true,
	"spriteSourceSize": {"x":0,"y":104,"w":86,"h":143},
	"sourceSize": {"w":86,"h":143}
},
"Probeta0026":
{
	"frame": {"x":349,"y":55,"w":86,"h":40},
	"rotated": false,
	"trimmed": true,
	"spriteSourceSize": {"x":0,"y":103,"w":86,"h":143},
	"sourceSize": {"w":86,"h":143}
},
"Probeta0027":
{
	"frame": {"x":436,"y":55,"w":86,"h":41},
	"rotated": false,
	"trimmed": true,
	"spriteSourceSize": {"x":0,"y":102,"w":86,"h":143},
	"sourceSize": {"w":86,"h":143}
},
"Probeta0028":
{
	"frame": {"x":523,"y":55,"w":86,"h":43},
	"rotated": false,
	"trimmed": true,
	"spriteSourceSize": {"x":0,"y":100,"w":86,"h":143},
	"sourceSize": {"w":86,"h":143}
},
"Probeta0029":
{
	"frame": {"x":610,"y":55,"w":86,"h":44},
	"rotated": false,
	"trimmed": true,
	"spriteSourceSize": {"x":0,"y":99,"w":86,"h":143},
	"sourceSize": {"w":86,"h":143}
},
"Probeta0030":
{
	"frame": {"x":697,"y":55,"w":86,"h":45},
	"rotated": false,
	"trimmed": true,
	"spriteSourceSize": {"x":0,"y":98,"w":86,"h":143},
	"sourceSize": {"w":86,"h":143}
},
"Probeta0031":
{
	"frame": {"x":784,"y":55,"w":86,"h":47},
	"rotated": false,
	"trimmed": true,
	"spriteSourceSize": {"x":0,"y":96,"w":86,"h":143},
	"sourceSize": {"w":86,"h":143}
},
"Probeta0032":
{
	"frame": {"x":871,"y":55,"w":86,"h":48},
	"rotated": false,
	"trimmed": true,
	"spriteSourceSize": {"x":0,"y":95,"w":86,"h":143},
	"sourceSize": {"w":86,"h":143}
},
"Probeta0033":
{
	"frame": {"x":1,"y":104,"w":86,"h":49},
	"rotated": false,
	"trimmed": true,
	"spriteSourceSize": {"x":0,"y":94,"w":86,"h":143},
	"sourceSize": {"w":86,"h":143}
},
"Probeta0034":
{
	"frame": {"x":88,"y":104,"w":86,"h":50},
	"rotated": false,
	"trimmed": true,
	"spriteSourceSize": {"x":0,"y":93,"w":86,"h":143},
	"sourceSize": {"w":86,"h":143}
},
"Probeta0035":
{
	"frame": {"x":175,"y":104,"w":86,"h":52},
	"rotated": false,
	"trimmed": true,
	"spriteSourceSize": {"x":0,"y":91,"w":86,"h":143},
	"sourceSize": {"w":86,"h":143}
},
"Probeta0036":
{
	"frame": {"x":262,"y":104,"w":86,"h":53},
	"rotated": false,
	"trimmed": true,
	"spriteSourceSize": {"x":0,"y":90,"w":86,"h":143},
	"sourceSize": {"w":86,"h":143}
},
"Probeta0037":
{
	"frame": {"x":349,"y":104,"w":86,"h":54},
	"rotated": false,
	"trimmed": true,
	"spriteSourceSize": {"x":0,"y":89,"w":86,"h":143},
	"sourceSize": {"w":86,"h":143}
},
"Probeta0038":
{
	"frame": {"x":436,"y":104,"w":86,"h":56},
	"rotated": false,
	"trimmed": true,
	"spriteSourceSize": {"x":0,"y":87,"w":86,"h":143},
	"sourceSize": {"w":86,"h":143}
},
"Probeta0039":
{
	"frame": {"x":523,"y":104,"w":86,"h":57},
	"rotated": false,
	"trimmed": true,
	"spriteSourceSize": {"x":0,"y":86,"w":86,"h":143},
	"sourceSize": {"w":86,"h":143}
},
"Probeta0040":
{
	"frame": {"x":610,"y":104,"w":86,"h":58},
	"rotated": false,
	"trimmed": true,
	"spriteSourceSize": {"x":0,"y":85,"w":86,"h":143},
	"sourceSize": {"w":86,"h":143}
},
"Probeta0041":
{
	"frame": {"x":697,"y":104,"w":86,"h":60},
	"rotated": false,
	"trimmed": true,
	"spriteSourceSize": {"x":0,"y":83,"w":86,"h":143},
	"sourceSize": {"w":86,"h":143}
},
"Probeta0042":
{
	"frame": {"x":784,"y":104,"w":86,"h":61},
	"rotated": false,
	"trimmed": true,
	"spriteSourceSize": {"x":0,"y":82,"w":86,"h":143},
	"sourceSize": {"w":86,"h":143}
},
"Probeta0043":
{
	"frame": {"x":871,"y":104,"w":86,"h":62},
	"rotated": false,
	"trimmed": true,
	"spriteSourceSize": {"x":0,"y":81,"w":86,"h":143},
	"sourceSize": {"w":86,"h":143}
},
"Probeta0044":
{
	"frame": {"x":1,"y":167,"w":86,"h":64},
	"rotated": false,
	"trimmed": true,
	"spriteSourceSize": {"x":0,"y":79,"w":86,"h":143},
	"sourceSize": {"w":86,"h":143}
},
"Probeta0045":
{
	"frame": {"x":88,"y":167,"w":86,"h":65},
	"rotated": false,
	"trimmed": true,
	"spriteSourceSize": {"x":0,"y":78,"w":86,"h":143},
	"sourceSize": {"w":86,"h":143}
},
"Probeta0046":
{
	"frame": {"x":175,"y":167,"w":86,"h":66},
	"rotated": false,
	"trimmed": true,
	"spriteSourceSize": {"x":0,"y":77,"w":86,"h":143},
	"sourceSize": {"w":86,"h":143}
},
"Probeta0047":
{
	"frame": {"x":262,"y":167,"w":86,"h":68},
	"rotated": false,
	"trimmed": true,
	"spriteSourceSize": {"x":0,"y":75,"w":86,"h":143},
	"sourceSize": {"w":86,"h":143}
},
"Probeta0048":
{
	"frame": {"x":349,"y":167,"w":86,"h":69},
	"rotated": false,
	"trimmed": true,
	"spriteSourceSize": {"x":0,"y":74,"w":86,"h":143},
	"sourceSize": {"w":86,"h":143}
},
"Probeta0049":
{
	"frame": {"x":436,"y":167,"w":86,"h":70},
	"rotated": false,
	"trimmed": true,
	"spriteSourceSize": {"x":0,"y":73,"w":86,"h":143},
	"sourceSize": {"w":86,"h":143}
},
"Probeta0050":
{
	"frame": {"x":523,"y":167,"w":86,"h":72},
	"rotated": false,
	"trimmed": true,
	"spriteSourceSize": {"x":0,"y":71,"w":86,"h":143},
	"sourceSize": {"w":86,"h":143}
},
"Probeta0051":
{
	"frame": {"x":610,"y":167,"w":86,"h":73},
	"rotated": false,
	"trimmed": true,
	"spriteSourceSize": {"x":0,"y":70,"w":86,"h":143},
	"sourceSize": {"w":86,"h":143}
},
"Probeta0052":
{
	"frame": {"x":697,"y":167,"w":86,"h":74},
	"rotated": false,
	"trimmed": true,
	"spriteSourceSize": {"x":0,"y":69,"w":86,"h":143},
	"sourceSize": {"w":86,"h":143}
},
"Probeta0053":
{
	"frame": {"x":784,"y":167,"w":86,"h":75},
	"rotated": false,
	"trimmed": true,
	"spriteSourceSize": {"x":0,"y":68,"w":86,"h":143},
	"sourceSize": {"w":86,"h":143}
},
"Probeta0054":
{
	"frame": {"x":871,"y":167,"w":86,"h":77},
	"rotated": false,
	"trimmed": true,
	"spriteSourceSize": {"x":0,"y":66,"w":86,"h":143},
	"sourceSize": {"w":86,"h":143}
},
"Probeta0055":
{
	"frame": {"x":1,"y":245,"w":86,"h":78},
	"rotated": false,
	"trimmed": true,
	"spriteSourceSize": {"x":0,"y":65,"w":86,"h":143},
	"sourceSize": {"w":86,"h":143}
},
"Probeta0056":
{
	"frame": {"x":88,"y":245,"w":86,"h":79},
	"rotated": false,
	"trimmed": true,
	"spriteSourceSize": {"x":0,"y":64,"w":86,"h":143},
	"sourceSize": {"w":86,"h":143}
},
"Probeta0057":
{
	"frame": {"x":175,"y":245,"w":86,"h":81},
	"rotated": false,
	"trimmed": true,
	"spriteSourceSize": {"x":0,"y":62,"w":86,"h":143},
	"sourceSize": {"w":86,"h":143}
},
"Probeta0058":
{
	"frame": {"x":262,"y":245,"w":86,"h":82},
	"rotated": false,
	"trimmed": true,
	"spriteSourceSize": {"x":0,"y":61,"w":86,"h":143},
	"sourceSize": {"w":86,"h":143}
},
"Probeta0059":
{
	"frame": {"x":349,"y":245,"w":86,"h":83},
	"rotated": false,
	"trimmed": true,
	"spriteSourceSize": {"x":0,"y":60,"w":86,"h":143},
	"sourceSize": {"w":86,"h":143}
},
"Probeta0060":
{
	"frame": {"x":436,"y":245,"w":86,"h":85},
	"rotated": false,
	"trimmed": true,
	"spriteSourceSize": {"x":0,"y":58,"w":86,"h":143},
	"sourceSize": {"w":86,"h":143}
},
"Probeta0061":
{
	"frame": {"x":523,"y":245,"w":86,"h":86},
	"rotated": false,
	"trimmed": true,
	"spriteSourceSize": {"x":0,"y":57,"w":86,"h":143},
	"sourceSize": {"w":86,"h":143}
},
"Probeta0062":
{
	"frame": {"x":610,"y":245,"w":86,"h":84},
	"rotated": false,
	"trimmed": true,
	"spriteSourceSize": {"x":0,"y":59,"w":86,"h":143},
	"sourceSize": {"w":86,"h":143}
},
"Probeta0063":
{
	"frame": {"x":697,"y":245,"w":86,"h":85},
	"rotated": false,
	"trimmed": true,
	"spriteSourceSize": {"x":0,"y":58,"w":86,"h":143},
	"sourceSize": {"w":86,"h":143}
},
"Probeta0064":
{
	"frame": {"x":784,"y":245,"w":86,"h":86},
	"rotated": false,
	"trimmed": true,
	"spriteSourceSize": {"x":0,"y":57,"w":86,"h":143},
	"sourceSize": {"w":86,"h":143}
},
"Probeta0065":
{
	"frame": {"x":871,"y":245,"w":86,"h":88},
	"rotated": false,
	"trimmed": true,
	"spriteSourceSize": {"x":0,"y":55,"w":86,"h":143},
	"sourceSize": {"w":86,"h":143}
},
"Probeta0066":
{
	"frame": {"x":1,"y":334,"w":86,"h":89},
	"rotated": false,
	"trimmed": true,
	"spriteSourceSize": {"x":0,"y":54,"w":86,"h":143},
	"sourceSize": {"w":86,"h":143}
},
"Probeta0067":
{
	"frame": {"x":88,"y":334,"w":86,"h":90},
	"rotated": false,
	"trimmed": true,
	"spriteSourceSize": {"x":0,"y":53,"w":86,"h":143},
	"sourceSize": {"w":86,"h":143}
},
"Probeta0068":
{
	"frame": {"x":175,"y":334,"w":86,"h":92},
	"rotated": false,
	"trimmed": true,
	"spriteSourceSize": {"x":0,"y":51,"w":86,"h":143},
	"sourceSize": {"w":86,"h":143}
},
"Probeta0069":
{
	"frame": {"x":262,"y":334,"w":86,"h":93},
	"rotated": false,
	"trimmed": true,
	"spriteSourceSize": {"x":0,"y":50,"w":86,"h":143},
	"sourceSize": {"w":86,"h":143}
},
"Probeta0070":
{
	"frame": {"x":349,"y":334,"w":86,"h":94},
	"rotated": false,
	"trimmed": true,
	"spriteSourceSize": {"x":0,"y":49,"w":86,"h":143},
	"sourceSize": {"w":86,"h":143}
},
"Probeta0071":
{
	"frame": {"x":436,"y":334,"w":86,"h":95},
	"rotated": false,
	"trimmed": true,
	"spriteSourceSize": {"x":0,"y":48,"w":86,"h":143},
	"sourceSize": {"w":86,"h":143}
},
"Probeta0072":
{
	"frame": {"x":523,"y":334,"w":86,"h":97},
	"rotated": false,
	"trimmed": true,
	"spriteSourceSize": {"x":0,"y":46,"w":86,"h":143},
	"sourceSize": {"w":86,"h":143}
},
"Probeta0073":
{
	"frame": {"x":610,"y":334,"w":86,"h":98},
	"rotated": false,
	"trimmed": true,
	"spriteSourceSize": {"x":0,"y":45,"w":86,"h":143},
	"sourceSize": {"w":86,"h":143}
},
"Probeta0074":
{
	"frame": {"x":697,"y":334,"w":86,"h":99},
	"rotated": false,
	"trimmed": true,
	"spriteSourceSize": {"x":0,"y":44,"w":86,"h":143},
	"sourceSize": {"w":86,"h":143}
},
"Probeta0075":
{
	"frame": {"x":784,"y":334,"w":86,"h":101},
	"rotated": false,
	"trimmed": true,
	"spriteSourceSize": {"x":0,"y":42,"w":86,"h":143},
	"sourceSize": {"w":86,"h":143}
},
"Probeta0076":
{
	"frame": {"x":871,"y":334,"w":86,"h":102},
	"rotated": false,
	"trimmed": true,
	"spriteSourceSize": {"x":0,"y":41,"w":86,"h":143},
	"sourceSize": {"w":86,"h":143}
},
"Probeta0077":
{
	"frame": {"x":1,"y":437,"w":86,"h":103},
	"rotated": false,
	"trimmed": true,
	"spriteSourceSize": {"x":0,"y":40,"w":86,"h":143},
	"sourceSize": {"w":86,"h":143}
},
"Probeta0078":
{
	"frame": {"x":88,"y":437,"w":86,"h":105},
	"rotated": false,
	"trimmed": true,
	"spriteSourceSize": {"x":0,"y":38,"w":86,"h":143},
	"sourceSize": {"w":86,"h":143}
},
"Probeta0079":
{
	"frame": {"x":175,"y":437,"w":86,"h":106},
	"rotated": false,
	"trimmed": true,
	"spriteSourceSize": {"x":0,"y":37,"w":86,"h":143},
	"sourceSize": {"w":86,"h":143}
},
"Probeta0080":
{
	"frame": {"x":262,"y":437,"w":86,"h":107},
	"rotated": false,
	"trimmed": true,
	"spriteSourceSize": {"x":0,"y":36,"w":86,"h":143},
	"sourceSize": {"w":86,"h":143}
},
"Probeta0081":
{
	"frame": {"x":349,"y":437,"w":86,"h":108},
	"rotated": false,
	"trimmed": true,
	"spriteSourceSize": {"x":0,"y":35,"w":86,"h":143},
	"sourceSize": {"w":86,"h":143}
},
"Probeta0082":
{
	"frame": {"x":436,"y":437,"w":86,"h":110},
	"rotated": false,
	"trimmed": true,
	"spriteSourceSize": {"x":0,"y":33,"w":86,"h":143},
	"sourceSize": {"w":86,"h":143}
},
"Probeta0083":
{
	"frame": {"x":523,"y":437,"w":86,"h":111},
	"rotated": false,
	"trimmed": true,
	"spriteSourceSize": {"x":0,"y":32,"w":86,"h":143},
	"sourceSize": {"w":86,"h":143}
},
"Probeta0084":
{
	"frame": {"x":610,"y":437,"w":86,"h":112},
	"rotated": false,
	"trimmed": true,
	"spriteSourceSize": {"x":0,"y":31,"w":86,"h":143},
	"sourceSize": {"w":86,"h":143}
},
"Probeta0085":
{
	"frame": {"x":697,"y":437,"w":86,"h":114},
	"rotated": false,
	"trimmed": true,
	"spriteSourceSize": {"x":0,"y":29,"w":86,"h":143},
	"sourceSize": {"w":86,"h":143}
},
"Probeta0086":
{
	"frame": {"x":784,"y":437,"w":86,"h":115},
	"rotated": false,
	"trimmed": true,
	"spriteSourceSize": {"x":0,"y":28,"w":86,"h":143},
	"sourceSize": {"w":86,"h":143}
},
"Probeta0087":
{
	"frame": {"x":871,"y":437,"w":86,"h":116},
	"rotated": false,
	"trimmed": true,
	"spriteSourceSize": {"x":0,"y":27,"w":86,"h":143},
	"sourceSize": {"w":86,"h":143}
},
"Probeta0088":
{
	"frame": {"x":1,"y":554,"w":86,"h":117},
	"rotated": false,
	"trimmed": true,
	"spriteSourceSize": {"x":0,"y":26,"w":86,"h":143},
	"sourceSize": {"w":86,"h":143}
},
"Probeta0089":
{
	"frame": {"x":88,"y":554,"w":86,"h":119},
	"rotated": false,
	"trimmed": true,
	"spriteSourceSize": {"x":0,"y":24,"w":86,"h":143},
	"sourceSize": {"w":86,"h":143}
},
"Probeta0090":
{
	"frame": {"x":175,"y":554,"w":86,"h":120},
	"rotated": false,
	"trimmed": true,
	"spriteSourceSize": {"x":0,"y":23,"w":86,"h":143},
	"sourceSize": {"w":86,"h":143}
},
"Probeta0091":
{
	"frame": {"x":262,"y":554,"w":86,"h":121},
	"rotated": false,
	"trimmed": true,
	"spriteSourceSize": {"x":0,"y":22,"w":86,"h":143},
	"sourceSize": {"w":86,"h":143}
},
"Probeta0092":
{
	"frame": {"x":349,"y":554,"w":86,"h":123},
	"rotated": false,
	"trimmed": true,
	"spriteSourceSize": {"x":0,"y":20,"w":86,"h":143},
	"sourceSize": {"w":86,"h":143}
},
"Probeta0093":
{
	"frame": {"x":436,"y":554,"w":86,"h":124},
	"rotated": false,
	"trimmed": true,
	"spriteSourceSize": {"x":0,"y":19,"w":86,"h":143},
	"sourceSize": {"w":86,"h":143}
},
"Probeta0094":
{
	"frame": {"x":523,"y":554,"w":86,"h":125},
	"rotated": false,
	"trimmed": true,
	"spriteSourceSize": {"x":0,"y":18,"w":86,"h":143},
	"sourceSize": {"w":86,"h":143}
},
"Probeta0095":
{
	"frame": {"x":610,"y":554,"w":86,"h":127},
	"rotated": false,
	"trimmed": true,
	"spriteSourceSize": {"x":0,"y":16,"w":86,"h":143},
	"sourceSize": {"w":86,"h":143}
},
"Probeta0096":
{
	"frame": {"x":697,"y":554,"w":86,"h":128},
	"rotated": false,
	"trimmed": true,
	"spriteSourceSize": {"x":0,"y":15,"w":86,"h":143},
	"sourceSize": {"w":86,"h":143}
},
"Probeta0097":
{
	"frame": {"x":784,"y":554,"w":86,"h":129},
	"rotated": false,
	"trimmed": true,
	"spriteSourceSize": {"x":0,"y":14,"w":86,"h":143},
	"sourceSize": {"w":86,"h":143}
},
"Probeta0098":
{
	"frame": {"x":871,"y":554,"w":86,"h":130},
	"rotated": false,
	"trimmed": true,
	"spriteSourceSize": {"x":0,"y":13,"w":86,"h":143},
	"sourceSize": {"w":86,"h":143}
},
"Probeta0099":
{
	"frame": {"x":871,"y":554,"w":86,"h":130},
	"rotated": false,
	"trimmed": true,
	"spriteSourceSize": {"x":0,"y":13,"w":86,"h":143},
	"sourceSize": {"w":86,"h":143}
},
"Probeta0100":
{
	"frame": {"x":1,"y":685,"w":86,"h":143},
	"rotated": false,
	"trimmed": true,
	"spriteSourceSize": {"x":0,"y":0,"w":86,"h":143},
	"sourceSize": {"w":86,"h":143}
}},
"meta": {
	"app": "Adobe Animate",
	"version": "18.0.0.107",
	"image": "flask.png",
	"format": "RGBA8888",
	"size": {"w":1024,"h":1024},
	"scale": "1"
}
}
