{
	"textures": [
		{
			"image": "menu.png",
			"format": "RGBA8888",
			"size": {
				"w": 1044,
				"h": 907
			},
			"scale": 1,
			"frames": [
				{
					"filename": "logo",
					"rotated": false,
					"trimmed": false,
					"sourceSize": {
						"w": 611,
						"h": 360
					},
					"spriteSourceSize": {
						"x": 0,
						"y": 0,
						"w": 611,
						"h": 360
					},
					"frame": {
						"x": 1,
						"y": 1,
						"w": 611,
						"h": 360
					},
					"anchor": {
						"x": 0.51379,
						"y": 0.383721
					}
				},
				{
					"filename": "btn_custom_mode0002",
					"rotated": false,
					"trimmed": false,
					"sourceSize": {
						"w": 346,
						"h": 392
					},
					"spriteSourceSize": {
						"x": 0,
						"y": 0,
						"w": 346,
						"h": 392
					},
					"frame": {
						"x": 614,
						"y": 1,
						"w": 346,
						"h": 392
					},
					"anchor": {
						"x": 0.5,
						"y": 0.5
					}
				},
				{
					"filename": "btn_custom_mode0003",
					"rotated": false,
					"trimmed": false,
					"sourceSize": {
						"w": 346,
						"h": 392
					},
					"spriteSourceSize": {
						"x": 0,
						"y": 0,
						"w": 346,
						"h": 392
					},
					"frame": {
						"x": 1,
						"y": 363,
						"w": 346,
						"h": 392
					},
					"anchor": {
						"x": 0.5,
						"y": 0.5
					}
				},
				{
					"filename": "btn_task_mode0002",
					"rotated": false,
					"trimmed": false,
					"sourceSize": {
						"w": 346,
						"h": 392
					},
					"spriteSourceSize": {
						"x": 0,
						"y": 0,
						"w": 346,
						"h": 392
					},
					"frame": {
						"x": 349,
						"y": 395,
						"w": 346,
						"h": 392
					},
					"anchor": {
						"x": 0.5,
						"y": 0.5
					}
				},
				{
					"filename": "btn_task_mode0003",
					"rotated": false,
					"trimmed": false,
					"sourceSize": {
						"w": 346,
						"h": 392
					},
					"spriteSourceSize": {
						"x": 0,
						"y": 0,
						"w": 346,
						"h": 392
					},
					"frame": {
						"x": 697,
						"y": 395,
						"w": 346,
						"h": 392
					},
					"anchor": {
						"x": 0.5,
						"y": 0.5
					}
				},
				{
					"filename": "btn_task_mode0001",
					"rotated": false,
					"trimmed": true,
					"sourceSize": {
						"w": 346,
						"h": 392
					},
					"spriteSourceSize": {
						"x": 121,
						"y": 201,
						"w": 104,
						"h": 149
					},
					"frame": {
						"x": 1,
						"y": 757,
						"w": 104,
						"h": 149
					},
					"anchor": {
						"x": 0.5,
						"y": 0.5
					}
				},
				{
					"filename": "btn_custom_mode0001",
					"rotated": false,
					"trimmed": true,
					"sourceSize": {
						"w": 346,
						"h": 392
					},
					"spriteSourceSize": {
						"x": 122,
						"y": 202,
						"w": 102,
						"h": 147
					},
					"frame": {
						"x": 107,
						"y": 757,
						"w": 102,
						"h": 147
					},
					"anchor": {
						"x": 0.5,
						"y": 0.5
					}
				},
				{
					"filename": "btn_close0001",
					"rotated": false,
					"trimmed": false,
					"sourceSize": {
						"w": 101,
						"h": 101
					},
					"spriteSourceSize": {
						"x": 0,
						"y": 0,
						"w": 101,
						"h": 101
					},
					"frame": {
						"x": 211,
						"y": 757,
						"w": 101,
						"h": 101
					},
					"anchor": {
						"x": 0.5,
						"y": 0.5
					}
				},
				{
					"filename": "btn_close0002",
					"rotated": false,
					"trimmed": false,
					"sourceSize": {
						"w": 101,
						"h": 101
					},
					"spriteSourceSize": {
						"x": 0,
						"y": 0,
						"w": 101,
						"h": 101
					},
					"frame": {
						"x": 314,
						"y": 789,
						"w": 101,
						"h": 101
					},
					"anchor": {
						"x": 0.5,
						"y": 0.5
					}
				},
				{
					"filename": "btn_close0003",
					"rotated": false,
					"trimmed": false,
					"sourceSize": {
						"w": 101,
						"h": 101
					},
					"spriteSourceSize": {
						"x": 0,
						"y": 0,
						"w": 101,
						"h": 101
					},
					"frame": {
						"x": 417,
						"y": 789,
						"w": 101,
						"h": 101
					},
					"anchor": {
						"x": 0.5,
						"y": 0.5
					}
				},
				{
					"filename": "btn_play0001",
					"rotated": false,
					"trimmed": false,
					"sourceSize": {
						"w": 101,
						"h": 101
					},
					"spriteSourceSize": {
						"x": 0,
						"y": 0,
						"w": 101,
						"h": 101
					},
					"frame": {
						"x": 520,
						"y": 789,
						"w": 101,
						"h": 101
					},
					"anchor": {
						"x": 0.5,
						"y": 0.5
					}
				},
				{
					"filename": "btn_play0002",
					"rotated": false,
					"trimmed": false,
					"sourceSize": {
						"w": 101,
						"h": 101
					},
					"spriteSourceSize": {
						"x": 0,
						"y": 0,
						"w": 101,
						"h": 101
					},
					"frame": {
						"x": 623,
						"y": 789,
						"w": 101,
						"h": 101
					},
					"anchor": {
						"x": 0.5,
						"y": 0.5
					}
				},
				{
					"filename": "btn_play0003",
					"rotated": false,
					"trimmed": false,
					"sourceSize": {
						"w": 101,
						"h": 101
					},
					"spriteSourceSize": {
						"x": 0,
						"y": 0,
						"w": 101,
						"h": 101
					},
					"frame": {
						"x": 726,
						"y": 789,
						"w": 101,
						"h": 101
					},
					"anchor": {
						"x": 0.5,
						"y": 0.5
					}
				}
			]
		}
	],
	"meta": {
		"app": "https://www.codeandweb.com/texturepacker",
		"version": "3.0",
		"smartupdate": "$TexturePacker:SmartUpdate:13377ccc03aab246cb612caaed5fa430:47f74ebcf824d59fed61c5fd44712bc2:e1b68abd82547da08a80c89591506971$"
	}
}
