﻿{"frames": [

{
	"filename": "EffectQuark0000",
	"frame": {"x":457,"y":160,"w":36,"h":42},
	"rotated": false,
	"trimmed": true,
	"spriteSourceSize": {"x":81,"y":71,"w":258,"h":177},
	"sourceSize": {"w":258,"h":177}
}
,{
	"filename": "EffectQuark0001",
	"frame": {"x":163,"y":262,"w":62,"h":61},
	"rotated": false,
	"trimmed": true,
	"spriteSourceSize": {"x":70,"y":61,"w":258,"h":177},
	"sourceSize": {"w":258,"h":177}
}
,{
	"filename": "EffectQuark0002",
	"frame": {"x":163,"y":181,"w":94,"h":79},
	"rotated": false,
	"trimmed": true,
	"spriteSourceSize": {"x":58,"y":51,"w":258,"h":177},
	"sourceSize": {"w":258,"h":177}
}
,{
	"filename": "EffectQuark0003",
	"frame": {"x":2,"y":298,"w":126,"h":97},
	"rotated": false,
	"trimmed": true,
	"spriteSourceSize": {"x":47,"y":41,"w":258,"h":177},
	"sourceSize": {"w":258,"h":177}
}
,{
	"filename": "EffectQuark0004",
	"frame": {"x":2,"y":181,"w":159,"h":115},
	"rotated": false,
	"trimmed": true,
	"spriteSourceSize": {"x":35,"y":31,"w":258,"h":177},
	"sourceSize": {"w":258,"h":177}
}
,{
	"filename": "EffectQuark0005",
	"frame": {"x":262,"y":160,"w":193,"h":136},
	"rotated": false,
	"trimmed": true,
	"spriteSourceSize": {"x":23,"y":20,"w":258,"h":177},
	"sourceSize": {"w":258,"h":177}
}
,{
	"filename": "EffectQuark0006",
	"frame": {"x":262,"y":2,"w":225,"h":156},
	"rotated": false,
	"trimmed": true,
	"spriteSourceSize": {"x":12,"y":10,"w":258,"h":177},
	"sourceSize": {"w":258,"h":177}
}
,{
	"filename": "EffectQuark0007",
	"frame": {"x":2,"y":2,"w":258,"h":177},
	"rotated": false,
	"trimmed": false,
	"spriteSourceSize": {"x":0,"y":0,"w":258,"h":177},
	"sourceSize": {"w":258,"h":177}
}],
"meta": {
	"app": "Adobe Flash Professional",
	"version": "15.0.1.179",
	"image": "EffectQuark.png",
	"format": "RGBA8888",
	"size": {"w":512,"h":512},
	"scale": "1"
}
}
