﻿{"frames": [

{
	"filename": "Animar110000",
	"frame": {"x":838,"y":1389,"w":176,"h":148},
	"rotated": false,
	"trimmed": false,
	"spriteSourceSize": {"x":0,"y":0,"w":176,"h":148},
	"sourceSize": {"w":176,"h":148}
}
,{
	"filename": "Animar130000",
	"frame": {"x":548,"y":1787,"w":219,"h":102},
	"rotated": false,
	"trimmed": false,
	"spriteSourceSize": {"x":0,"y":0,"w":219,"h":102},
	"sourceSize": {"w":219,"h":102}
}
,{
	"filename": "Animar150000",
	"frame": {"x":1690,"y":1055,"w":262,"h":123},
	"rotated": false,
	"trimmed": false,
	"spriteSourceSize": {"x":0,"y":0,"w":262,"h":123},
	"sourceSize": {"w":262,"h":123}
}
,{
	"filename": "Animar50000",
	"frame": {"x":373,"y":1787,"w":173,"h":130},
	"rotated": false,
	"trimmed": false,
	"spriteSourceSize": {"x":0,"y":0,"w":173,"h":130},
	"sourceSize": {"w":173,"h":130}
}
,{
	"filename": "Animar70000",
	"frame": {"x":1213,"y":382,"w":184,"h":161},
	"rotated": false,
	"trimmed": false,
	"spriteSourceSize": {"x":0,"y":0,"w":184,"h":161},
	"sourceSize": {"w":184,"h":161}
}
,{
	"filename": "Animar90000",
	"frame": {"x":1528,"y":1251,"w":507,"h":261},
	"rotated": false,
	"trimmed": false,
	"spriteSourceSize": {"x":0,"y":0,"w":507,"h":261},
	"sourceSize": {"w":507,"h":261}
}
,{
	"filename": "Item0000",
	"frame": {"x":2034,"y":2,"w":9,"h":10},
	"rotated": false,
	"trimmed": true,
	"spriteSourceSize": {"x":106,"y":127,"w":230,"h":231},
	"sourceSize": {"w":230,"h":231}
}
,{
	"filename": "Item0001",
	"frame": {"x":1751,"y":341,"w":21,"h":28},
	"rotated": false,
	"trimmed": true,
	"spriteSourceSize": {"x":101,"y":118,"w":230,"h":231},
	"sourceSize": {"w":230,"h":231}
}
,{
	"filename": "Item0002",
	"frame": {"x":1213,"y":616,"w":21,"h":24},
	"rotated": false,
	"trimmed": true,
	"spriteSourceSize": {"x":101,"y":120,"w":230,"h":231},
	"sourceSize": {"w":230,"h":231}
}
,{
	"filename": "Item0003",
	"frame": {"x":1213,"y":545,"w":101,"h":69},
	"rotated": false,
	"trimmed": true,
	"spriteSourceSize": {"x":61,"y":97,"w":230,"h":231},
	"sourceSize": {"w":230,"h":231}
}
,{
	"filename": "Item0004",
	"frame": {"x":1094,"y":1163,"w":81,"h":61},
	"rotated": false,
	"trimmed": true,
	"spriteSourceSize": {"x":71,"y":101,"w":230,"h":231},
	"sourceSize": {"w":230,"h":231}
}
,{
	"filename": "Item0005",
	"frame": {"x":1900,"y":1201,"w":61,"h":41},
	"rotated": false,
	"trimmed": true,
	"spriteSourceSize": {"x":81,"y":111,"w":230,"h":231},
	"sourceSize": {"w":230,"h":231}
}
,{
	"filename": "Item0006",
	"frame": {"x":1994,"y":1025,"w":41,"h":27},
	"rotated": false,
	"trimmed": true,
	"spriteSourceSize": {"x":91,"y":118,"w":230,"h":231},
	"sourceSize": {"w":230,"h":231}
}
,{
	"filename": "Item0007",
	"frame": {"x":1020,"y":1028,"w":127,"h":133},
	"rotated": false,
	"trimmed": true,
	"spriteSourceSize": {"x":50,"y":67,"w":230,"h":231},
	"sourceSize": {"w":230,"h":231}
}
,{
	"filename": "Item0008",
	"frame": {"x":950,"y":1787,"w":127,"h":133},
	"rotated": false,
	"trimmed": true,
	"spriteSourceSize": {"x":50,"y":67,"w":230,"h":231},
	"sourceSize": {"w":230,"h":231}
}
,{
	"filename": "Item0009",
	"frame": {"x":1079,"y":1840,"w":127,"h":133},
	"rotated": false,
	"trimmed": true,
	"spriteSourceSize": {"x":50,"y":67,"w":230,"h":231},
	"sourceSize": {"w":230,"h":231}
}
,{
	"filename": "Item0010",
	"frame": {"x":2012,"y":444,"w":31,"h":41},
	"rotated": false,
	"trimmed": true,
	"spriteSourceSize": {"x":96,"y":111,"w":35,"h":43},
	"sourceSize": {"w":35,"h":43}
}
,{
	"filename": "Item0011",
	"frame": {"x":1790,"y":1870,"w":64,"h":65},
	"rotated": false,
	"trimmed": true,
	"spriteSourceSize": {"x":81,"y":99,"w":230,"h":231},
	"sourceSize": {"w":230,"h":231}
}
,{
	"filename": "Item0012",
	"frame": {"x":1971,"y":98,"w":61,"h":94},
	"rotated": false,
	"trimmed": true,
	"spriteSourceSize": {"x":81,"y":85,"w":230,"h":231},
	"sourceSize": {"w":230,"h":231}
}
,{
	"filename": "Item0013",
	"frame": {"x":1780,"y":268,"w":230,"h":231},
	"rotated": false,
	"trimmed": false,
	"spriteSourceSize": {"x":0,"y":0,"w":230,"h":231},
	"sourceSize": {"w":230,"h":231}
}
,{
	"filename": "Item10_0000",
	"frame": {"x":2012,"y":444,"w":31,"h":41},
	"rotated": false,
	"trimmed": true,
	"spriteSourceSize": {"x":2,"y":2,"w":35,"h":43},
	"sourceSize": {"w":35,"h":43}
}
,{
	"filename": "Item10_0001",
	"frame": {"x":676,"y":1956,"w":31,"h":39},
	"rotated": false,
	"trimmed": true,
	"spriteSourceSize": {"x":2,"y":2,"w":35,"h":43},
	"sourceSize": {"w":35,"h":43}
}
,{
	"filename": "Item10_0002",
	"frame": {"x":709,"y":1956,"w":31,"h":39},
	"rotated": false,
	"trimmed": true,
	"spriteSourceSize": {"x":2,"y":2,"w":35,"h":43},
	"sourceSize": {"w":35,"h":43}
}
,{
	"filename": "Item10_0003",
	"frame": {"x":532,"y":1961,"w":31,"h":39},
	"rotated": false,
	"trimmed": true,
	"spriteSourceSize": {"x":2,"y":2,"w":35,"h":43},
	"sourceSize": {"w":35,"h":43}
}
,{
	"filename": "Item10_0004",
	"frame": {"x":565,"y":1961,"w":31,"h":39},
	"rotated": false,
	"trimmed": true,
	"spriteSourceSize": {"x":2,"y":2,"w":35,"h":43},
	"sourceSize": {"w":35,"h":43}
}
,{
	"filename": "Item10_0005",
	"frame": {"x":871,"y":1963,"w":31,"h":39},
	"rotated": false,
	"trimmed": true,
	"spriteSourceSize": {"x":2,"y":2,"w":35,"h":43},
	"sourceSize": {"w":35,"h":43}
}
,{
	"filename": "Item10_0006",
	"frame": {"x":2002,"y":1941,"w":33,"h":39},
	"rotated": false,
	"trimmed": true,
	"spriteSourceSize": {"x":2,"y":2,"w":35,"h":43},
	"sourceSize": {"w":35,"h":43}
}
,{
	"filename": "Item10_0007",
	"frame": {"x":904,"y":1963,"w":31,"h":39},
	"rotated": false,
	"trimmed": true,
	"spriteSourceSize": {"x":2,"y":2,"w":35,"h":43},
	"sourceSize": {"w":35,"h":43}
}
,{
	"filename": "Item10_0008",
	"frame": {"x":532,"y":1961,"w":31,"h":39},
	"rotated": false,
	"trimmed": true,
	"spriteSourceSize": {"x":2,"y":2,"w":35,"h":43},
	"sourceSize": {"w":35,"h":43}
}
,{
	"filename": "Item10_0009",
	"frame": {"x":742,"y":1964,"w":31,"h":39},
	"rotated": false,
	"trimmed": true,
	"spriteSourceSize": {"x":2,"y":2,"w":35,"h":43},
	"sourceSize": {"w":35,"h":43}
}
,{
	"filename": "Item10_0010",
	"frame": {"x":775,"y":1964,"w":31,"h":39},
	"rotated": false,
	"trimmed": true,
	"spriteSourceSize": {"x":2,"y":2,"w":35,"h":43},
	"sourceSize": {"w":35,"h":43}
}
,{
	"filename": "Item10_0011",
	"frame": {"x":610,"y":1956,"w":31,"h":41},
	"rotated": false,
	"trimmed": true,
	"spriteSourceSize": {"x":2,"y":0,"w":35,"h":43},
	"sourceSize": {"w":35,"h":43}
}
,{
	"filename": "Item10_0012",
	"frame": {"x":808,"y":1969,"w":31,"h":39},
	"rotated": false,
	"trimmed": true,
	"spriteSourceSize": {"x":2,"y":2,"w":35,"h":43},
	"sourceSize": {"w":35,"h":43}
}
,{
	"filename": "Item10_0013",
	"frame": {"x":1068,"y":1975,"w":31,"h":39},
	"rotated": false,
	"trimmed": true,
	"spriteSourceSize": {"x":2,"y":2,"w":35,"h":43},
	"sourceSize": {"w":35,"h":43}
}
,{
	"filename": "Item10_0014",
	"frame": {"x":1101,"y":1975,"w":31,"h":39},
	"rotated": false,
	"trimmed": true,
	"spriteSourceSize": {"x":2,"y":2,"w":35,"h":43},
	"sourceSize": {"w":35,"h":43}
}
,{
	"filename": "Item10_0015",
	"frame": {"x":1134,"y":1975,"w":31,"h":39},
	"rotated": false,
	"trimmed": true,
	"spriteSourceSize": {"x":2,"y":2,"w":35,"h":43},
	"sourceSize": {"w":35,"h":43}
}
,{
	"filename": "Item10_0016",
	"frame": {"x":1167,"y":1975,"w":31,"h":39},
	"rotated": false,
	"trimmed": true,
	"spriteSourceSize": {"x":2,"y":2,"w":35,"h":43},
	"sourceSize": {"w":35,"h":43}
}
,{
	"filename": "Item10_0017",
	"frame": {"x":1689,"y":1948,"w":33,"h":39},
	"rotated": false,
	"trimmed": true,
	"spriteSourceSize": {"x":0,"y":2,"w":35,"h":43},
	"sourceSize": {"w":35,"h":43}
}
,{
	"filename": "Item10_0018",
	"frame": {"x":463,"y":1980,"w":31,"h":39},
	"rotated": false,
	"trimmed": true,
	"spriteSourceSize": {"x":2,"y":2,"w":35,"h":43},
	"sourceSize": {"w":35,"h":43}
}
,{
	"filename": "Item10_0019",
	"frame": {"x":496,"y":1980,"w":31,"h":39},
	"rotated": false,
	"trimmed": true,
	"spriteSourceSize": {"x":2,"y":2,"w":35,"h":43},
	"sourceSize": {"w":35,"h":43}
}
,{
	"filename": "Item10_0020",
	"frame": {"x":331,"y":1981,"w":31,"h":39},
	"rotated": false,
	"trimmed": true,
	"spriteSourceSize": {"x":2,"y":2,"w":35,"h":43},
	"sourceSize": {"w":35,"h":43}
}
,{
	"filename": "Item10_0021",
	"frame": {"x":364,"y":1981,"w":31,"h":39},
	"rotated": false,
	"trimmed": true,
	"spriteSourceSize": {"x":2,"y":2,"w":35,"h":43},
	"sourceSize": {"w":35,"h":43}
}
,{
	"filename": "Item10_0022",
	"frame": {"x":643,"y":1956,"w":31,"h":41},
	"rotated": false,
	"trimmed": true,
	"spriteSourceSize": {"x":2,"y":2,"w":35,"h":43},
	"sourceSize": {"w":35,"h":43}
}
,{
	"filename": "Item10_0023",
	"frame": {"x":676,"y":1956,"w":31,"h":39},
	"rotated": false,
	"trimmed": true,
	"spriteSourceSize": {"x":2,"y":2,"w":35,"h":43},
	"sourceSize": {"w":35,"h":43}
}
,{
	"filename": "Item10_0024",
	"frame": {"x":709,"y":1956,"w":31,"h":39},
	"rotated": false,
	"trimmed": true,
	"spriteSourceSize": {"x":2,"y":2,"w":35,"h":43},
	"sourceSize": {"w":35,"h":43}
}
,{
	"filename": "Item10_0025",
	"frame": {"x":532,"y":1961,"w":31,"h":39},
	"rotated": false,
	"trimmed": true,
	"spriteSourceSize": {"x":2,"y":2,"w":35,"h":43},
	"sourceSize": {"w":35,"h":43}
}
,{
	"filename": "Item10_0026",
	"frame": {"x":565,"y":1961,"w":31,"h":39},
	"rotated": false,
	"trimmed": true,
	"spriteSourceSize": {"x":2,"y":2,"w":35,"h":43},
	"sourceSize": {"w":35,"h":43}
}
,{
	"filename": "Item10_0027",
	"frame": {"x":871,"y":1963,"w":31,"h":39},
	"rotated": false,
	"trimmed": true,
	"spriteSourceSize": {"x":2,"y":2,"w":35,"h":43},
	"sourceSize": {"w":35,"h":43}
}
,{
	"filename": "Item10_0028",
	"frame": {"x":2002,"y":1941,"w":33,"h":39},
	"rotated": false,
	"trimmed": true,
	"spriteSourceSize": {"x":2,"y":2,"w":35,"h":43},
	"sourceSize": {"w":35,"h":43}
}
,{
	"filename": "Item10_0029",
	"frame": {"x":904,"y":1963,"w":31,"h":39},
	"rotated": false,
	"trimmed": true,
	"spriteSourceSize": {"x":2,"y":2,"w":35,"h":43},
	"sourceSize": {"w":35,"h":43}
}
,{
	"filename": "Item10_0030",
	"frame": {"x":2002,"y":1982,"w":31,"h":39},
	"rotated": false,
	"trimmed": true,
	"spriteSourceSize": {"x":2,"y":2,"w":35,"h":43},
	"sourceSize": {"w":35,"h":43}
}
,{
	"filename": "Item10_0031",
	"frame": {"x":1001,"y":1984,"w":31,"h":39},
	"rotated": false,
	"trimmed": true,
	"spriteSourceSize": {"x":2,"y":2,"w":35,"h":43},
	"sourceSize": {"w":35,"h":43}
}
,{
	"filename": "Item10_0032",
	"frame": {"x":1034,"y":1984,"w":31,"h":39},
	"rotated": false,
	"trimmed": true,
	"spriteSourceSize": {"x":2,"y":2,"w":35,"h":43},
	"sourceSize": {"w":35,"h":43}
}
,{
	"filename": "Item10_0033",
	"frame": {"x":610,"y":1956,"w":31,"h":41},
	"rotated": false,
	"trimmed": true,
	"spriteSourceSize": {"x":2,"y":0,"w":35,"h":43},
	"sourceSize": {"w":35,"h":43}
}
,{
	"filename": "Item10_0034",
	"frame": {"x":808,"y":1969,"w":31,"h":39},
	"rotated": false,
	"trimmed": true,
	"spriteSourceSize": {"x":2,"y":2,"w":35,"h":43},
	"sourceSize": {"w":35,"h":43}
}
,{
	"filename": "Item10_0035",
	"frame": {"x":2,"y":1986,"w":31,"h":39},
	"rotated": false,
	"trimmed": true,
	"spriteSourceSize": {"x":2,"y":2,"w":35,"h":43},
	"sourceSize": {"w":35,"h":43}
}
,{
	"filename": "Item10_0036",
	"frame": {"x":188,"y":1986,"w":31,"h":39},
	"rotated": false,
	"trimmed": true,
	"spriteSourceSize": {"x":2,"y":2,"w":35,"h":43},
	"sourceSize": {"w":35,"h":43}
}
,{
	"filename": "Item10_0037",
	"frame": {"x":221,"y":1986,"w":31,"h":39},
	"rotated": false,
	"trimmed": true,
	"spriteSourceSize": {"x":2,"y":2,"w":35,"h":43},
	"sourceSize": {"w":35,"h":43}
}
,{
	"filename": "Item10_0038",
	"frame": {"x":397,"y":1987,"w":31,"h":39},
	"rotated": false,
	"trimmed": true,
	"spriteSourceSize": {"x":2,"y":2,"w":35,"h":43},
	"sourceSize": {"w":35,"h":43}
}
,{
	"filename": "Item10_0039",
	"frame": {"x":1689,"y":1948,"w":33,"h":39},
	"rotated": false,
	"trimmed": true,
	"spriteSourceSize": {"x":0,"y":2,"w":35,"h":43},
	"sourceSize": {"w":35,"h":43}
}
,{
	"filename": "Item10_0040",
	"frame": {"x":430,"y":1987,"w":31,"h":39},
	"rotated": false,
	"trimmed": true,
	"spriteSourceSize": {"x":2,"y":2,"w":35,"h":43},
	"sourceSize": {"w":35,"h":43}
}
,{
	"filename": "Item10_0041",
	"frame": {"x":254,"y":1988,"w":31,"h":39},
	"rotated": false,
	"trimmed": true,
	"spriteSourceSize": {"x":2,"y":2,"w":35,"h":43},
	"sourceSize": {"w":35,"h":43}
}
,{
	"filename": "Item10_0042",
	"frame": {"x":331,"y":1981,"w":31,"h":39},
	"rotated": false,
	"trimmed": true,
	"spriteSourceSize": {"x":2,"y":2,"w":35,"h":43},
	"sourceSize": {"w":35,"h":43}
}
,{
	"filename": "Item10_0043",
	"frame": {"x":364,"y":1981,"w":31,"h":39},
	"rotated": false,
	"trimmed": true,
	"spriteSourceSize": {"x":2,"y":2,"w":35,"h":43},
	"sourceSize": {"w":35,"h":43}
}
,{
	"filename": "Item11_0000",
	"frame": {"x":1358,"y":1878,"w":64,"h":64},
	"rotated": false,
	"trimmed": true,
	"spriteSourceSize": {"x":0,"y":7,"w":68,"h":71},
	"sourceSize": {"w":68,"h":71}
}
,{
	"filename": "Item11_0001",
	"frame": {"x":610,"y":1891,"w":64,"h":63},
	"rotated": false,
	"trimmed": true,
	"spriteSourceSize": {"x":0,"y":8,"w":68,"h":71},
	"sourceSize": {"w":68,"h":71}
}
,{
	"filename": "Item11_0002",
	"frame": {"x":676,"y":1891,"w":64,"h":63},
	"rotated": false,
	"trimmed": true,
	"spriteSourceSize": {"x":1,"y":8,"w":68,"h":71},
	"sourceSize": {"w":68,"h":71}
}
,{
	"filename": "Item11_0003",
	"frame": {"x":742,"y":1900,"w":65,"h":62},
	"rotated": false,
	"trimmed": true,
	"spriteSourceSize": {"x":1,"y":9,"w":68,"h":71},
	"sourceSize": {"w":68,"h":71}
}
,{
	"filename": "Item11_0004",
	"frame": {"x":871,"y":1900,"w":65,"h":61},
	"rotated": false,
	"trimmed": true,
	"spriteSourceSize": {"x":1,"y":10,"w":68,"h":71},
	"sourceSize": {"w":68,"h":71}
}
,{
	"filename": "Item11_0005",
	"frame": {"x":333,"y":1919,"w":66,"h":60},
	"rotated": false,
	"trimmed": true,
	"spriteSourceSize": {"x":1,"y":11,"w":68,"h":71},
	"sourceSize": {"w":68,"h":71}
}
,{
	"filename": "Item11_0006",
	"frame": {"x":1001,"y":1922,"w":65,"h":60},
	"rotated": false,
	"trimmed": true,
	"spriteSourceSize": {"x":1,"y":11,"w":68,"h":71},
	"sourceSize": {"w":68,"h":71}
}
,{
	"filename": "Item11_0007",
	"frame": {"x":909,"y":1539,"w":67,"h":59},
	"rotated": false,
	"trimmed": true,
	"spriteSourceSize": {"x":1,"y":12,"w":68,"h":71},
	"sourceSize": {"w":68,"h":71}
}
,{
	"filename": "Item11_0008",
	"frame": {"x":463,"y":1919,"w":67,"h":59},
	"rotated": false,
	"trimmed": true,
	"spriteSourceSize": {"x":1,"y":12,"w":68,"h":71},
	"sourceSize": {"w":68,"h":71}
}
,{
	"filename": "Item11_0009",
	"frame": {"x":740,"y":1540,"w":67,"h":58},
	"rotated": false,
	"trimmed": true,
	"spriteSourceSize": {"x":1,"y":13,"w":68,"h":71},
	"sourceSize": {"w":68,"h":71}
}
,{
	"filename": "Item11_0010",
	"frame": {"x":188,"y":1926,"w":66,"h":58},
	"rotated": false,
	"trimmed": true,
	"spriteSourceSize": {"x":1,"y":13,"w":68,"h":71},
	"sourceSize": {"w":68,"h":71}
}
,{
	"filename": "Item11_0011",
	"frame": {"x":1740,"y":1937,"w":66,"h":58},
	"rotated": false,
	"trimmed": true,
	"spriteSourceSize": {"x":1,"y":13,"w":68,"h":71},
	"sourceSize": {"w":68,"h":71}
}
,{
	"filename": "Item11_0012",
	"frame": {"x":1622,"y":1948,"w":65,"h":56},
	"rotated": false,
	"trimmed": true,
	"spriteSourceSize": {"x":1,"y":14,"w":68,"h":71},
	"sourceSize": {"w":68,"h":71}
}
,{
	"filename": "Item11_0013",
	"frame": {"x":1208,"y":1951,"w":65,"h":56},
	"rotated": false,
	"trimmed": true,
	"spriteSourceSize": {"x":1,"y":14,"w":68,"h":71},
	"sourceSize": {"w":68,"h":71}
}
,{
	"filename": "Item11_0014",
	"frame": {"x":1424,"y":1947,"w":65,"h":57},
	"rotated": false,
	"trimmed": true,
	"spriteSourceSize": {"x":1,"y":13,"w":68,"h":71},
	"sourceSize": {"w":68,"h":71}
}
,{
	"filename": "Item11_0015",
	"frame": {"x":1556,"y":1947,"w":64,"h":57},
	"rotated": false,
	"trimmed": true,
	"spriteSourceSize": {"x":2,"y":12,"w":68,"h":71},
	"sourceSize": {"w":68,"h":71}
}
,{
	"filename": "Item11_0016",
	"frame": {"x":1358,"y":1944,"w":64,"h":58},
	"rotated": false,
	"trimmed": true,
	"spriteSourceSize": {"x":2,"y":11,"w":68,"h":71},
	"sourceSize": {"w":68,"h":71}
}
,{
	"filename": "Item11_0017",
	"frame": {"x":1491,"y":1947,"w":63,"h":58},
	"rotated": false,
	"trimmed": true,
	"spriteSourceSize": {"x":2,"y":10,"w":68,"h":71},
	"sourceSize": {"w":68,"h":71}
}
,{
	"filename": "Item11_0018",
	"frame": {"x":1937,"y":1941,"w":63,"h":59},
	"rotated": false,
	"trimmed": true,
	"spriteSourceSize": {"x":2,"y":9,"w":68,"h":71},
	"sourceSize": {"w":68,"h":71}
}
,{
	"filename": "Item11_0019",
	"frame": {"x":1808,"y":1938,"w":63,"h":60},
	"rotated": false,
	"trimmed": true,
	"spriteSourceSize": {"x":2,"y":8,"w":68,"h":71},
	"sourceSize": {"w":68,"h":71}
}
,{
	"filename": "Item11_0020",
	"frame": {"x":1873,"y":1938,"w":62,"h":60},
	"rotated": false,
	"trimmed": true,
	"spriteSourceSize": {"x":2,"y":7,"w":68,"h":71},
	"sourceSize": {"w":68,"h":71}
}
,{
	"filename": "Item11_0021",
	"frame": {"x":267,"y":1924,"w":62,"h":62},
	"rotated": false,
	"trimmed": true,
	"spriteSourceSize": {"x":2,"y":6,"w":68,"h":71},
	"sourceSize": {"w":68,"h":71}
}
,{
	"filename": "Item11_0022",
	"frame": {"x":64,"y":1926,"w":61,"h":63},
	"rotated": false,
	"trimmed": true,
	"spriteSourceSize": {"x":3,"y":5,"w":68,"h":71},
	"sourceSize": {"w":68,"h":71}
}
,{
	"filename": "Item11_0023",
	"frame": {"x":938,"y":1922,"w":61,"h":64},
	"rotated": false,
	"trimmed": true,
	"spriteSourceSize": {"x":3,"y":4,"w":68,"h":71},
	"sourceSize": {"w":68,"h":71}
}
,{
	"filename": "Item11_0024",
	"frame": {"x":127,"y":1926,"w":59,"h":65},
	"rotated": false,
	"trimmed": true,
	"spriteSourceSize": {"x":3,"y":3,"w":68,"h":71},
	"sourceSize": {"w":68,"h":71}
}
,{
	"filename": "Item11_0025",
	"frame": {"x":401,"y":1919,"w":60,"h":66},
	"rotated": false,
	"trimmed": true,
	"spriteSourceSize": {"x":3,"y":2,"w":68,"h":71},
	"sourceSize": {"w":68,"h":71}
}
,{
	"filename": "Item11_0026",
	"frame": {"x":809,"y":1900,"w":60,"h":67},
	"rotated": false,
	"trimmed": true,
	"spriteSourceSize": {"x":3,"y":1,"w":68,"h":71},
	"sourceSize": {"w":68,"h":71}
}
,{
	"filename": "Item11_0027",
	"frame": {"x":1986,"y":1870,"w":60,"h":69},
	"rotated": false,
	"trimmed": true,
	"spriteSourceSize": {"x":3,"y":0,"w":68,"h":71},
	"sourceSize": {"w":68,"h":71}
}
,{
	"filename": "Item11_0028",
	"frame": {"x":1678,"y":1878,"w":60,"h":68},
	"rotated": false,
	"trimmed": true,
	"spriteSourceSize": {"x":3,"y":1,"w":68,"h":71},
	"sourceSize": {"w":68,"h":71}
}
,{
	"filename": "Item11_0029",
	"frame": {"x":548,"y":1891,"w":60,"h":68},
	"rotated": false,
	"trimmed": true,
	"spriteSourceSize": {"x":3,"y":1,"w":68,"h":71},
	"sourceSize": {"w":68,"h":71}
}
,{
	"filename": "Item11_0030",
	"frame": {"x":1489,"y":1878,"w":61,"h":67},
	"rotated": false,
	"trimmed": true,
	"spriteSourceSize": {"x":2,"y":2,"w":68,"h":71},
	"sourceSize": {"w":68,"h":71}
}
,{
	"filename": "Item11_0031",
	"frame": {"x":1985,"y":1597,"w":61,"h":68},
	"rotated": false,
	"trimmed": true,
	"spriteSourceSize": {"x":2,"y":2,"w":68,"h":71},
	"sourceSize": {"w":68,"h":71}
}
,{
	"filename": "Item11_0032",
	"frame": {"x":1552,"y":1878,"w":61,"h":67},
	"rotated": false,
	"trimmed": true,
	"spriteSourceSize": {"x":2,"y":3,"w":68,"h":71},
	"sourceSize": {"w":68,"h":71}
}
,{
	"filename": "Item11_0033",
	"frame": {"x":1615,"y":1878,"w":61,"h":67},
	"rotated": false,
	"trimmed": true,
	"spriteSourceSize": {"x":2,"y":3,"w":68,"h":71},
	"sourceSize": {"w":68,"h":71}
}
,{
	"filename": "Item11_0034",
	"frame": {"x":202,"y":1857,"w":63,"h":67},
	"rotated": false,
	"trimmed": true,
	"spriteSourceSize": {"x":1,"y":4,"w":68,"h":71},
	"sourceSize": {"w":68,"h":71}
}
,{
	"filename": "Item11_0035",
	"frame": {"x":1856,"y":1870,"w":63,"h":66},
	"rotated": false,
	"trimmed": true,
	"spriteSourceSize": {"x":1,"y":5,"w":68,"h":71},
	"sourceSize": {"w":68,"h":71}
}
,{
	"filename": "Item11_0036",
	"frame": {"x":1921,"y":1870,"w":63,"h":66},
	"rotated": false,
	"trimmed": true,
	"spriteSourceSize": {"x":1,"y":5,"w":68,"h":71},
	"sourceSize": {"w":68,"h":71}
}
,{
	"filename": "Item11_0037",
	"frame": {"x":1424,"y":1878,"w":63,"h":65},
	"rotated": false,
	"trimmed": true,
	"spriteSourceSize": {"x":1,"y":6,"w":68,"h":71},
	"sourceSize": {"w":68,"h":71}
}
,{
	"filename": "Item11_0038",
	"frame": {"x":267,"y":1857,"w":64,"h":65},
	"rotated": false,
	"trimmed": true,
	"spriteSourceSize": {"x":0,"y":6,"w":68,"h":71},
	"sourceSize": {"w":68,"h":71}
}
,{
	"filename": "Item11_0039",
	"frame": {"x":1358,"y":1878,"w":64,"h":64},
	"rotated": false,
	"trimmed": true,
	"spriteSourceSize": {"x":0,"y":7,"w":68,"h":71},
	"sourceSize": {"w":68,"h":71}
}
,{
	"filename": "Item12_0000",
	"frame": {"x":1971,"y":2,"w":61,"h":94},
	"rotated": false,
	"trimmed": true,
	"spriteSourceSize": {"x":0,"y":8,"w":61,"h":110},
	"sourceSize": {"w":61,"h":110}
}
,{
	"filename": "Item12_0001",
	"frame": {"x":1971,"y":2,"w":61,"h":94},
	"rotated": false,
	"trimmed": true,
	"spriteSourceSize": {"x":0,"y":5,"w":61,"h":110},
	"sourceSize": {"w":61,"h":110}
}
,{
	"filename": "Item12_0002",
	"frame": {"x":1971,"y":2,"w":61,"h":94},
	"rotated": false,
	"trimmed": true,
	"spriteSourceSize": {"x":0,"y":3,"w":61,"h":110},
	"sourceSize": {"w":61,"h":110}
}
,{
	"filename": "Item12_0003",
	"frame": {"x":1971,"y":2,"w":61,"h":94},
	"rotated": false,
	"trimmed": true,
	"spriteSourceSize": {"x":0,"y":2,"w":61,"h":110},
	"sourceSize": {"w":61,"h":110}
}
,{
	"filename": "Item12_0004",
	"frame": {"x":1971,"y":2,"w":61,"h":94},
	"rotated": false,
	"trimmed": true,
	"spriteSourceSize": {"x":0,"y":1,"w":61,"h":110},
	"sourceSize": {"w":61,"h":110}
}
,{
	"filename": "Item12_0005",
	"frame": {"x":1971,"y":2,"w":61,"h":94},
	"rotated": false,
	"trimmed": true,
	"spriteSourceSize": {"x":0,"y":0,"w":61,"h":110},
	"sourceSize": {"w":61,"h":110}
}
,{
	"filename": "Item12_0006",
	"frame": {"x":1971,"y":2,"w":61,"h":94},
	"rotated": false,
	"trimmed": true,
	"spriteSourceSize": {"x":0,"y":0,"w":61,"h":110},
	"sourceSize": {"w":61,"h":110}
}
,{
	"filename": "Item12_0007",
	"frame": {"x":1971,"y":2,"w":61,"h":94},
	"rotated": false,
	"trimmed": true,
	"spriteSourceSize": {"x":0,"y":2,"w":61,"h":110},
	"sourceSize": {"w":61,"h":110}
}
,{
	"filename": "Item12_0008",
	"frame": {"x":1971,"y":2,"w":61,"h":94},
	"rotated": false,
	"trimmed": true,
	"spriteSourceSize": {"x":0,"y":5,"w":61,"h":110},
	"sourceSize": {"w":61,"h":110}
}
,{
	"filename": "Item12_0009",
	"frame": {"x":1971,"y":2,"w":61,"h":94},
	"rotated": false,
	"trimmed": true,
	"spriteSourceSize": {"x":0,"y":7,"w":61,"h":110},
	"sourceSize": {"w":61,"h":110}
}
,{
	"filename": "Item12_0010",
	"frame": {"x":1971,"y":2,"w":61,"h":94},
	"rotated": false,
	"trimmed": true,
	"spriteSourceSize": {"x":0,"y":9,"w":61,"h":110},
	"sourceSize": {"w":61,"h":110}
}
,{
	"filename": "Item12_0011",
	"frame": {"x":1971,"y":2,"w":61,"h":94},
	"rotated": false,
	"trimmed": true,
	"spriteSourceSize": {"x":0,"y":11,"w":61,"h":110},
	"sourceSize": {"w":61,"h":110}
}
,{
	"filename": "Item12_0012",
	"frame": {"x":1971,"y":2,"w":61,"h":94},
	"rotated": false,
	"trimmed": true,
	"spriteSourceSize": {"x":0,"y":12,"w":61,"h":110},
	"sourceSize": {"w":61,"h":110}
}
,{
	"filename": "Item12_0013",
	"frame": {"x":1971,"y":2,"w":61,"h":94},
	"rotated": false,
	"trimmed": true,
	"spriteSourceSize": {"x":0,"y":14,"w":61,"h":110},
	"sourceSize": {"w":61,"h":110}
}
,{
	"filename": "Item12_0014",
	"frame": {"x":1971,"y":2,"w":61,"h":94},
	"rotated": false,
	"trimmed": true,
	"spriteSourceSize": {"x":0,"y":15,"w":61,"h":110},
	"sourceSize": {"w":61,"h":110}
}
,{
	"filename": "Item12_0015",
	"frame": {"x":1971,"y":2,"w":61,"h":94},
	"rotated": false,
	"trimmed": true,
	"spriteSourceSize": {"x":0,"y":16,"w":61,"h":110},
	"sourceSize": {"w":61,"h":110}
}
,{
	"filename": "Item12_0016",
	"frame": {"x":1971,"y":2,"w":61,"h":94},
	"rotated": false,
	"trimmed": true,
	"spriteSourceSize": {"x":0,"y":16,"w":61,"h":110},
	"sourceSize": {"w":61,"h":110}
}
,{
	"filename": "Item12_0017",
	"frame": {"x":1971,"y":2,"w":61,"h":94},
	"rotated": false,
	"trimmed": true,
	"spriteSourceSize": {"x":0,"y":15,"w":61,"h":110},
	"sourceSize": {"w":61,"h":110}
}
,{
	"filename": "Item12_0018",
	"frame": {"x":1971,"y":2,"w":61,"h":94},
	"rotated": false,
	"trimmed": true,
	"spriteSourceSize": {"x":0,"y":14,"w":61,"h":110},
	"sourceSize": {"w":61,"h":110}
}
,{
	"filename": "Item12_0019",
	"frame": {"x":1971,"y":2,"w":61,"h":94},
	"rotated": false,
	"trimmed": true,
	"spriteSourceSize": {"x":0,"y":12,"w":61,"h":110},
	"sourceSize": {"w":61,"h":110}
}
,{
	"filename": "Item12_0020",
	"frame": {"x":1971,"y":2,"w":61,"h":94},
	"rotated": false,
	"trimmed": true,
	"spriteSourceSize": {"x":0,"y":10,"w":61,"h":110},
	"sourceSize": {"w":61,"h":110}
}
,{
	"filename": "Item12_0021",
	"frame": {"x":1971,"y":2,"w":61,"h":94},
	"rotated": false,
	"trimmed": true,
	"spriteSourceSize": {"x":0,"y":8,"w":61,"h":110},
	"sourceSize": {"w":61,"h":110}
}
,{
	"filename": "_info_10000",
	"frame": {"x":1994,"y":927,"w":48,"h":50},
	"rotated": false,
	"trimmed": false,
	"spriteSourceSize": {"x":0,"y":0,"w":48,"h":50},
	"sourceSize": {"w":48,"h":50}
}
,{
	"filename": "_info_20000",
	"frame": {"x":2000,"y":501,"w":46,"h":57},
	"rotated": false,
	"trimmed": false,
	"spriteSourceSize": {"x":0,"y":0,"w":46,"h":57},
	"sourceSize": {"w":46,"h":57}
}
,{
	"filename": "_info_30000",
	"frame": {"x":1990,"y":1718,"w":53,"h":53},
	"rotated": false,
	"trimmed": false,
	"spriteSourceSize": {"x":0,"y":0,"w":53,"h":53},
	"sourceSize": {"w":53,"h":53}
}
,{
	"filename": "_info_40000",
	"frame": {"x":1994,"y":875,"w":50,"h":50},
	"rotated": false,
	"trimmed": false,
	"spriteSourceSize": {"x":0,"y":0,"w":50,"h":50},
	"sourceSize": {"w":50,"h":50}
}
,{
	"filename": "_info_50000",
	"frame": {"x":1275,"y":1951,"w":58,"h":40},
	"rotated": false,
	"trimmed": false,
	"spriteSourceSize": {"x":0,"y":0,"w":58,"h":40},
	"sourceSize": {"w":58,"h":40}
}
,{
	"filename": "alien0000",
	"frame": {"x":2,"y":1857,"w":60,"h":81},
	"rotated": false,
	"trimmed": false,
	"spriteSourceSize": {"x":0,"y":0,"w":60,"h":81},
	"sourceSize": {"w":60,"h":81}
}
,{
	"filename": "brillo0000",
	"frame": {"x":1416,"y":382,"w":362,"h":506},
	"rotated": false,
	"trimmed": false,
	"spriteSourceSize": {"x":0,"y":0,"w":362,"h":506},
	"sourceSize": {"w":362,"h":506}
}
,{
	"filename": "contWnd_btn0000",
	"frame": {"x":2,"y":1521,"w":369,"h":68},
	"rotated": false,
	"trimmed": false,
	"spriteSourceSize": {"x":0,"y":0,"w":369,"h":68},
	"sourceSize": {"w":369,"h":68}
}
,{
	"filename": "contWnd_btn0001",
	"frame": {"x":2,"y":1787,"w":369,"h":68},
	"rotated": false,
	"trimmed": false,
	"spriteSourceSize": {"x":0,"y":0,"w":369,"h":68},
	"sourceSize": {"w":369,"h":68}
}
,{
	"filename": "contWnd_icon0000",
	"frame": {"x":1704,"y":2,"w":265,"h":264},
	"rotated": false,
	"trimmed": false,
	"spriteSourceSize": {"x":0,"y":0,"w":265,"h":264},
	"sourceSize": {"w":265,"h":264}
}
,{
	"filename": "contWnd_txt0000",
	"frame": {"x":373,"y":1540,"w":365,"h":41},
	"rotated": false,
	"trimmed": false,
	"spriteSourceSize": {"x":0,"y":0,"w":365,"h":41},
	"sourceSize": {"w":365,"h":41}
}
,{
	"filename": "coverbg0000",
	"frame": {"x":1020,"y":1251,"w":506,"h":347},
	"rotated": false,
	"trimmed": false,
	"spriteSourceSize": {"x":0,"y":0,"w":506,"h":347},
	"sourceSize": {"w":506,"h":347}
}
,{
	"filename": "exit0000",
	"frame": {"x":64,"y":1857,"w":67,"h":67},
	"rotated": false,
	"trimmed": false,
	"spriteSourceSize": {"x":0,"y":0,"w":67,"h":67},
	"sourceSize": {"w":67,"h":67}
}
,{
	"filename": "exit0001",
	"frame": {"x":133,"y":1857,"w":67,"h":67},
	"rotated": false,
	"trimmed": false,
	"spriteSourceSize": {"x":0,"y":0,"w":67,"h":67},
	"sourceSize": {"w":67,"h":67}
}
,{
	"filename": "exitWindowBackGame0000",
	"frame": {"x":1181,"y":890,"w":507,"h":359},
	"rotated": false,
	"trimmed": false,
	"spriteSourceSize": {"x":0,"y":0,"w":507,"h":359},
	"sourceSize": {"w":507,"h":359}
}
,{
	"filename": "exittfb0000",
	"frame": {"x":2,"y":1389,"w":410,"h":130},
	"rotated": false,
	"trimmed": false,
	"spriteSourceSize": {"x":0,"y":0,"w":410,"h":130},
	"sourceSize": {"w":410,"h":130}
}
,{
	"filename": "galaxy0000",
	"frame": {"x":414,"y":1389,"w":210,"h":149},
	"rotated": false,
	"trimmed": false,
	"spriteSourceSize": {"x":0,"y":0,"w":210,"h":149},
	"sourceSize": {"w":210,"h":149}
}
,{
	"filename": "galaxy0001",
	"frame": {"x":626,"y":1389,"w":210,"h":149},
	"rotated": false,
	"trimmed": false,
	"spriteSourceSize": {"x":0,"y":0,"w":210,"h":149},
	"sourceSize": {"w":210,"h":149}
}
,{
	"filename": "galaxy0002",
	"frame": {"x":1154,"y":1689,"w":210,"h":149},
	"rotated": false,
	"trimmed": true,
	"spriteSourceSize": {"x":0,"y":0,"w":210,"h":149},
	"sourceSize": {"w":210,"h":149}
}
,{
	"filename": "galaxy0003",
	"frame": {"x":1366,"y":1729,"w":210,"h":147},
	"rotated": false,
	"trimmed": true,
	"spriteSourceSize": {"x":0,"y":1,"w":210,"h":149},
	"sourceSize": {"w":210,"h":149}
}
,{
	"filename": "galaxy0004",
	"frame": {"x":1578,"y":1729,"w":210,"h":147},
	"rotated": false,
	"trimmed": true,
	"spriteSourceSize": {"x":0,"y":1,"w":210,"h":149},
	"sourceSize": {"w":210,"h":149}
}
,{
	"filename": "galaxyBorder0000",
	"frame": {"x":1780,"y":501,"w":218,"h":185},
	"rotated": false,
	"trimmed": false,
	"spriteSourceSize": {"x":0,"y":0,"w":218,"h":185},
	"sourceSize": {"w":218,"h":185}
}
,{
	"filename": "galaxyBorder0001",
	"frame": {"x":1780,"y":688,"w":218,"h":185},
	"rotated": false,
	"trimmed": false,
	"spriteSourceSize": {"x":0,"y":0,"w":218,"h":185},
	"sourceSize": {"w":218,"h":185}
}
,{
	"filename": "infoWindowBackGame0000",
	"frame": {"x":511,"y":1028,"w":507,"h":359},
	"rotated": false,
	"trimmed": false,
	"spriteSourceSize": {"x":0,"y":0,"w":507,"h":359},
	"sourceSize": {"w":507,"h":359}
}
,{
	"filename": "mapTotalScoreBG0000",
	"frame": {"x":1690,"y":890,"w":302,"h":163},
	"rotated": false,
	"trimmed": false,
	"spriteSourceSize": {"x":0,"y":0,"w":302,"h":163},
	"sourceSize": {"w":302,"h":163}
}
,{
	"filename": "no0000",
	"frame": {"x":1971,"y":194,"w":72,"h":71},
	"rotated": false,
	"trimmed": false,
	"spriteSourceSize": {"x":0,"y":0,"w":72,"h":71},
	"sourceSize": {"w":72,"h":71}
}
,{
	"filename": "no0001",
	"frame": {"x":1020,"y":1163,"w":72,"h":71},
	"rotated": false,
	"trimmed": false,
	"spriteSourceSize": {"x":0,"y":0,"w":72,"h":71},
	"sourceSize": {"w":72,"h":71}
}
,{
	"filename": "number_0_0000",
	"frame": {"x":2012,"y":385,"w":31,"h":57},
	"rotated": false,
	"trimmed": false,
	"spriteSourceSize": {"x":0,"y":0,"w":31,"h":57},
	"sourceSize": {"w":31,"h":57}
}
,{
	"filename": "number_1_0000",
	"frame": {"x":2012,"y":326,"w":31,"h":57},
	"rotated": false,
	"trimmed": false,
	"spriteSourceSize": {"x":0,"y":0,"w":31,"h":57},
	"sourceSize": {"w":31,"h":57}
}
,{
	"filename": "number_2_0000",
	"frame": {"x":1740,"y":1878,"w":31,"h":56},
	"rotated": false,
	"trimmed": false,
	"spriteSourceSize": {"x":0,"y":0,"w":31,"h":56},
	"sourceSize": {"w":31,"h":56}
}
,{
	"filename": "number_3_0000",
	"frame": {"x":2000,"y":602,"w":31,"h":57},
	"rotated": false,
	"trimmed": false,
	"spriteSourceSize": {"x":0,"y":0,"w":31,"h":57},
	"sourceSize": {"w":31,"h":57}
}
,{
	"filename": "number_4_0000",
	"frame": {"x":2000,"y":720,"w":31,"h":57},
	"rotated": false,
	"trimmed": false,
	"spriteSourceSize": {"x":0,"y":0,"w":31,"h":57},
	"sourceSize": {"w":31,"h":57}
}
,{
	"filename": "number_5_0000",
	"frame": {"x":2000,"y":779,"w":31,"h":57},
	"rotated": false,
	"trimmed": false,
	"spriteSourceSize": {"x":0,"y":0,"w":31,"h":57},
	"sourceSize": {"w":31,"h":57}
}
,{
	"filename": "number_6_0000",
	"frame": {"x":978,"y":1539,"w":31,"h":56},
	"rotated": false,
	"trimmed": false,
	"spriteSourceSize": {"x":0,"y":0,"w":31,"h":56},
	"sourceSize": {"w":31,"h":56}
}
,{
	"filename": "number_7_0000",
	"frame": {"x":333,"y":1857,"w":31,"h":56},
	"rotated": false,
	"trimmed": false,
	"spriteSourceSize": {"x":0,"y":0,"w":31,"h":56},
	"sourceSize": {"w":31,"h":56}
}
,{
	"filename": "number_8_0000",
	"frame": {"x":2000,"y":661,"w":31,"h":57},
	"rotated": false,
	"trimmed": false,
	"spriteSourceSize": {"x":0,"y":0,"w":31,"h":57},
	"sourceSize": {"w":31,"h":57}
}
,{
	"filename": "number_9_0000",
	"frame": {"x":2012,"y":267,"w":32,"h":57},
	"rotated": false,
	"trimmed": false,
	"spriteSourceSize": {"x":0,"y":0,"w":32,"h":57},
	"sourceSize": {"w":32,"h":57}
}
,{
	"filename": "ok0000",
	"frame": {"x":1704,"y":268,"w":74,"h":71},
	"rotated": false,
	"trimmed": false,
	"spriteSourceSize": {"x":0,"y":0,"w":74,"h":71},
	"sourceSize": {"w":74,"h":71}
}
,{
	"filename": "ok0001",
	"frame": {"x":1954,"y":1128,"w":74,"h":71},
	"rotated": false,
	"trimmed": false,
	"spriteSourceSize": {"x":0,"y":0,"w":74,"h":71},
	"sourceSize": {"w":74,"h":71}
}
,{
	"filename": "panel0000",
	"frame": {"x":2,"y":2,"w":849,"h":378},
	"rotated": false,
	"trimmed": false,
	"spriteSourceSize": {"x":0,"y":0,"w":849,"h":378},
	"sourceSize": {"w":849,"h":378}
}
,{
	"filename": "panelScoreBG0000",
	"frame": {"x":1790,"y":1729,"w":198,"h":139},
	"rotated": false,
	"trimmed": false,
	"spriteSourceSize": {"x":0,"y":0,"w":198,"h":139},
	"sourceSize": {"w":198,"h":139}
}
,{
	"filename": "panel_alien0000",
	"frame": {"x":1985,"y":1514,"w":59,"h":81},
	"rotated": false,
	"trimmed": false,
	"spriteSourceSize": {"x":0,"y":0,"w":59,"h":81},
	"sourceSize": {"w":59,"h":81}
}
,{
	"filename": "panel_espiral0000",
	"frame": {"x":853,"y":2,"w":849,"h":378},
	"rotated": false,
	"trimmed": false,
	"spriteSourceSize": {"x":0,"y":0,"w":849,"h":378},
	"sourceSize": {"w":849,"h":378}
}
,{
	"filename": "planetas_g1_10000",
	"frame": {"x":1316,"y":545,"w":84,"h":70},
	"rotated": false,
	"trimmed": false,
	"spriteSourceSize": {"x":0,"y":0,"w":84,"h":70},
	"sourceSize": {"w":84,"h":70}
}
,{
	"filename": "planetas_g1_20000",
	"frame": {"x":1994,"y":979,"w":50,"h":44},
	"rotated": false,
	"trimmed": false,
	"spriteSourceSize": {"x":0,"y":0,"w":50,"h":44},
	"sourceSize": {"w":50,"h":44}
}
,{
	"filename": "planetas_g1_30000",
	"frame": {"x":1954,"y":1055,"w":82,"h":71},
	"rotated": false,
	"trimmed": false,
	"spriteSourceSize": {"x":0,"y":0,"w":82,"h":71},
	"sourceSize": {"w":82,"h":71}
}
,{
	"filename": "planetas_g2_10000",
	"frame": {"x":1990,"y":1818,"w":44,"h":37},
	"rotated": false,
	"trimmed": false,
	"spriteSourceSize": {"x":0,"y":0,"w":44,"h":37},
	"sourceSize": {"w":44,"h":37}
}
,{
	"filename": "planetas_g2_20000",
	"frame": {"x":2000,"y":560,"w":46,"h":40},
	"rotated": false,
	"trimmed": false,
	"spriteSourceSize": {"x":0,"y":0,"w":46,"h":40},
	"sourceSize": {"w":46,"h":40}
}
,{
	"filename": "planetas_g2_30000",
	"frame": {"x":1079,"y":1787,"w":64,"h":51},
	"rotated": false,
	"trimmed": false,
	"spriteSourceSize": {"x":0,"y":0,"w":64,"h":51},
	"sourceSize": {"w":64,"h":51}
}
,{
	"filename": "planetas_g3_10000",
	"frame": {"x":1963,"y":1201,"w":53,"h":47},
	"rotated": false,
	"trimmed": false,
	"spriteSourceSize": {"x":0,"y":0,"w":53,"h":47},
	"sourceSize": {"w":53,"h":47}
}
,{
	"filename": "planetas_g3_20000",
	"frame": {"x":1406,"y":1600,"w":103,"h":99},
	"rotated": false,
	"trimmed": false,
	"spriteSourceSize": {"x":0,"y":0,"w":103,"h":99},
	"sourceSize": {"w":103,"h":99}
}
,{
	"filename": "planetas_g3_30000",
	"frame": {"x":2000,"y":838,"w":39,"h":34},
	"rotated": false,
	"trimmed": false,
	"spriteSourceSize": {"x":0,"y":0,"w":39,"h":34},
	"sourceSize": {"w":39,"h":34}
}
,{
	"filename": "planetas_g4_10000",
	"frame": {"x":2,"y":1940,"w":55,"h":44},
	"rotated": false,
	"trimmed": false,
	"spriteSourceSize": {"x":0,"y":0,"w":55,"h":44},
	"sourceSize": {"w":55,"h":44}
}
,{
	"filename": "planetas_g4_20000",
	"frame": {"x":838,"y":1539,"w":69,"h":58},
	"rotated": false,
	"trimmed": false,
	"spriteSourceSize": {"x":0,"y":0,"w":69,"h":58},
	"sourceSize": {"w":69,"h":58}
}
,{
	"filename": "planetas_g4_30000",
	"frame": {"x":1985,"y":1667,"w":59,"h":49},
	"rotated": false,
	"trimmed": false,
	"spriteSourceSize": {"x":0,"y":0,"w":59,"h":49},
	"sourceSize": {"w":59,"h":49}
}
,{
	"filename": "planetas_g5_10000",
	"frame": {"x":1208,"y":1840,"w":148,"h":109},
	"rotated": false,
	"trimmed": false,
	"spriteSourceSize": {"x":0,"y":0,"w":148,"h":109},
	"sourceSize": {"w":148,"h":109}
}
,{
	"filename": "planetas_g5_20000",
	"frame": {"x":1990,"y":1773,"w":56,"h":43},
	"rotated": false,
	"trimmed": false,
	"spriteSourceSize": {"x":0,"y":0,"w":56,"h":43},
	"sourceSize": {"w":56,"h":43}
}
,{
	"filename": "planetas_g5_30000",
	"frame": {"x":1704,"y":341,"w":45,"h":39},
	"rotated": false,
	"trimmed": false,
	"spriteSourceSize": {"x":0,"y":0,"w":45,"h":39},
	"sourceSize": {"w":45,"h":39}
}
,{
	"filename": "rankTextFieldBackground0000",
	"frame": {"x":1528,"y":1514,"w":455,"h":213},
	"rotated": false,
	"trimmed": false,
	"spriteSourceSize": {"x":0,"y":0,"w":455,"h":213},
	"sourceSize": {"w":455,"h":213}
}
,{
	"filename": "rankWindowBack0000",
	"frame": {"x":2,"y":1028,"w":507,"h":359},
	"rotated": false,
	"trimmed": false,
	"spriteSourceSize": {"x":0,"y":0,"w":507,"h":359},
	"sourceSize": {"w":507,"h":359}
}
,{
	"filename": "start0000",
	"frame": {"x":1690,"y":1180,"w":68,"h":67},
	"rotated": false,
	"trimmed": true,
	"spriteSourceSize": {"x":0,"y":0,"w":68,"h":67},
	"sourceSize": {"w":68,"h":67}
}
,{
	"filename": "start0001",
	"frame": {"x":1760,"y":1180,"w":68,"h":67},
	"rotated": false,
	"trimmed": true,
	"spriteSourceSize": {"x":0,"y":0,"w":68,"h":67},
	"sourceSize": {"w":68,"h":67}
}
,{
	"filename": "start0002",
	"frame": {"x":1830,"y":1180,"w":68,"h":67},
	"rotated": false,
	"trimmed": false,
	"spriteSourceSize": {"x":0,"y":0,"w":68,"h":67},
	"sourceSize": {"w":68,"h":67}
}
,{
	"filename": "viaLactea0000",
	"frame": {"x":2,"y":1600,"w":1402,"h":87},
	"rotated": false,
	"trimmed": true,
	"spriteSourceSize": {"x":0,"y":101,"w":1573,"h":302},
	"sourceSize": {"w":1573,"h":302}
}
,{
	"filename": "viaLactea0001",
	"frame": {"x":2,"y":867,"w":1177,"h":159},
	"rotated": false,
	"trimmed": true,
	"spriteSourceSize": {"x":141,"y":116,"w":1573,"h":302},
	"sourceSize": {"w":1573,"h":302}
}
,{
	"filename": "viaLactea0002",
	"frame": {"x":2,"y":382,"w":1209,"h":260},
	"rotated": false,
	"trimmed": true,
	"spriteSourceSize": {"x":114,"y":0,"w":1573,"h":302},
	"sourceSize": {"w":1573,"h":302}
}
,{
	"filename": "viaLactea0003",
	"frame": {"x":2,"y":644,"w":1412,"h":221},
	"rotated": false,
	"trimmed": true,
	"spriteSourceSize": {"x":161,"y":81,"w":1573,"h":302},
	"sourceSize": {"w":1573,"h":302}
}
,{
	"filename": "viaLactea0004",
	"frame": {"x":2,"y":1689,"w":1150,"h":96},
	"rotated": false,
	"trimmed": true,
	"spriteSourceSize": {"x":139,"y":86,"w":1573,"h":302},
	"sourceSize": {"w":1573,"h":302}
}
,{
	"filename": "volante0000",
	"frame": {"x":769,"y":1787,"w":179,"h":111},
	"rotated": false,
	"trimmed": false,
	"spriteSourceSize": {"x":0,"y":0,"w":179,"h":111},
	"sourceSize": {"w":179,"h":111}
}],
"meta": {
	"app": "Adobe Flash Professional",
	"version": "15.0.1.179",
	"image": "gameTexture.png",
	"format": "RGBA8888",
	"size": {"w":2048,"h":2048},
	"scale": "1"
}
}
