﻿{"frames": [

{
	"filename": "meteorito0000",
	"frame": {"x":606,"y":241,"w":161,"h":127},
	"rotated": false,
	"trimmed": true,
	"spriteSourceSize": {"x":172,"y":123,"w":602,"h":383},
	"sourceSize": {"w":602,"h":383}
}
,{
	"filename": "meteorito0001",
	"frame": {"x":291,"y":736,"w":224,"h":163},
	"rotated": false,
	"trimmed": true,
	"spriteSourceSize": {"x":148,"y":106,"w":602,"h":383},
	"sourceSize": {"w":602,"h":383}
}
,{
	"filename": "meteorito0002",
	"frame": {"x":2,"y":736,"w":287,"h":200},
	"rotated": false,
	"trimmed": true,
	"spriteSourceSize": {"x":123,"y":88,"w":602,"h":383},
	"sourceSize": {"w":602,"h":383}
}
,{
	"filename": "meteorito0003",
	"frame": {"x":606,"y":2,"w":350,"h":237},
	"rotated": false,
	"trimmed": true,
	"spriteSourceSize": {"x":99,"y":70,"w":602,"h":383},
	"sourceSize": {"w":602,"h":383}
}
,{
	"filename": "meteorito0004",
	"frame": {"x":543,"y":699,"w":413,"h":274},
	"rotated": false,
	"trimmed": true,
	"spriteSourceSize": {"x":74,"y":52,"w":602,"h":383},
	"sourceSize": {"w":602,"h":383}
}
,{
	"filename": "meteorito0005",
	"frame": {"x":543,"y":387,"w":476,"h":310},
	"rotated": false,
	"trimmed": true,
	"spriteSourceSize": {"x":50,"y":35,"w":602,"h":383},
	"sourceSize": {"w":602,"h":383}
}
,{
	"filename": "meteorito0006",
	"frame": {"x":2,"y":387,"w":539,"h":347},
	"rotated": false,
	"trimmed": true,
	"spriteSourceSize": {"x":25,"y":17,"w":602,"h":383},
	"sourceSize": {"w":602,"h":383}
}
,{
	"filename": "meteorito0007",
	"frame": {"x":2,"y":2,"w":602,"h":383},
	"rotated": false,
	"trimmed": false,
	"spriteSourceSize": {"x":0,"y":0,"w":602,"h":383},
	"sourceSize": {"w":602,"h":383}
}],
"meta": {
	"app": "Adobe Flash Professional",
	"version": "15.0.1.179",
	"image": "meteoritoEffect.png",
	"format": "RGBA8888",
	"size": {"w":1024,"h":1024},
	"scale": "1"
}
}
