{
	"textures": [
		{
			"image": "menu.png",
			"format": "RGBA8888",
			"size": {
				"w": 570,
				"h": 455
			},
			"scale": 1,
			"frames": [
				{
					"filename": "logo",
					"rotated": false,
					"trimmed": false,
					"sourceSize": {
						"w": 465,
						"h": 350
					},
					"spriteSourceSize": {
						"x": 0,
						"y": 0,
						"w": 465,
						"h": 350
					},
					"frame": {
						"x": 1,
						"y": 1,
						"w": 465,
						"h": 350
					},
					"anchor": {
						"x": 0.51379,
						"y": 0.383721
					}
				},
				{
					"filename": "btn_close0001",
					"rotated": false,
					"trimmed": false,
					"sourceSize": {
						"w": 101,
						"h": 101
					},
					"spriteSourceSize": {
						"x": 0,
						"y": 0,
						"w": 101,
						"h": 101
					},
					"frame": {
						"x": 1,
						"y": 353,
						"w": 101,
						"h": 101
					},
					"anchor": {
						"x": 0.5,
						"y": 0.5
					}
				},
				{
					"filename": "btn_close0002",
					"rotated": false,
					"trimmed": false,
					"sourceSize": {
						"w": 101,
						"h": 101
					},
					"spriteSourceSize": {
						"x": 0,
						"y": 0,
						"w": 101,
						"h": 101
					},
					"frame": {
						"x": 104,
						"y": 353,
						"w": 101,
						"h": 101
					},
					"anchor": {
						"x": 0.5,
						"y": 0.5
					}
				},
				{
					"filename": "btn_close0003",
					"rotated": false,
					"trimmed": false,
					"sourceSize": {
						"w": 101,
						"h": 101
					},
					"spriteSourceSize": {
						"x": 0,
						"y": 0,
						"w": 101,
						"h": 101
					},
					"frame": {
						"x": 207,
						"y": 353,
						"w": 101,
						"h": 101
					},
					"anchor": {
						"x": 0.5,
						"y": 0.5
					}
				},
				{
					"filename": "btn_play0001",
					"rotated": false,
					"trimmed": false,
					"sourceSize": {
						"w": 101,
						"h": 101
					},
					"spriteSourceSize": {
						"x": 0,
						"y": 0,
						"w": 101,
						"h": 101
					},
					"frame": {
						"x": 310,
						"y": 353,
						"w": 101,
						"h": 101
					},
					"anchor": {
						"x": 0.5,
						"y": 0.5
					}
				},
				{
					"filename": "btn_play0002",
					"rotated": false,
					"trimmed": false,
					"sourceSize": {
						"w": 101,
						"h": 101
					},
					"spriteSourceSize": {
						"x": 0,
						"y": 0,
						"w": 101,
						"h": 101
					},
					"frame": {
						"x": 413,
						"y": 353,
						"w": 101,
						"h": 101
					},
					"anchor": {
						"x": 0.5,
						"y": 0.5
					}
				},
				{
					"filename": "btn_play0003",
					"rotated": false,
					"trimmed": false,
					"sourceSize": {
						"w": 101,
						"h": 101
					},
					"spriteSourceSize": {
						"x": 0,
						"y": 0,
						"w": 101,
						"h": 101
					},
					"frame": {
						"x": 468,
						"y": 1,
						"w": 101,
						"h": 101
					},
					"anchor": {
						"x": 0.5,
						"y": 0.5
					}
				}
			]
		}
	],
	"meta": {
		"app": "https://www.codeandweb.com/texturepacker",
		"version": "3.0",
		"smartupdate": "$TexturePacker:SmartUpdate:50fbc373f2ccf3cba08b9e6bf0f71ff3:67fa423b04ccb6e97ba05451765a79c4:e1b68abd82547da08a80c89591506971$"
	}
}
