{
	"textures": [
		{
			"image": "ButtonPlay.png",
			"format": "RGBA8888",
			"size": {
				"w": 207,
				"h": 69
			},
			"scale": 1,
			"frames": [
				{
					"filename": "ButtonPlay0001.png",
					"rotated": false,
					"trimmed": false,
					"sourceSize": {
						"w": 67,
						"h": 67
					},
					"spriteSourceSize": {
						"x": 0,
						"y": 0,
						"w": 67,
						"h": 67
					},
					"frame": {
						"x": 1,
						"y": 1,
						"w": 67,
						"h": 67
					}
				},
				{
					"filename": "ButtonPlay0002.png",
					"rotated": false,
					"trimmed": false,
					"sourceSize": {
						"w": 67,
						"h": 67
					},
					"spriteSourceSize": {
						"x": 0,
						"y": 0,
						"w": 67,
						"h": 67
					},
					"frame": {
						"x": 70,
						"y": 1,
						"w": 67,
						"h": 67
					}
				},
				{
					"filename": "ButtonPlay0003.png",
					"rotated": false,
					"trimmed": false,
					"sourceSize": {
						"w": 67,
						"h": 67
					},
					"spriteSourceSize": {
						"x": 0,
						"y": 0,
						"w": 67,
						"h": 67
					},
					"frame": {
						"x": 139,
						"y": 1,
						"w": 67,
						"h": 67
					}
				}
			]
		}
	],
	"meta": {
		"app": "https://www.codeandweb.com/texturepacker",
		"version": "3.0",
		"smartupdate": "$TexturePacker:SmartUpdate:c781d6c454f696f7792521761894ff0e:e0dcc069e9114f7c78ba9db59f1af270:fd6942da5e11d0fbe95988584002930a$"
	}
}
